origin_date,category,horizon,model,weight,rule
2023-12-01,Все категории,1,panel_shrink,0.5,structural_prior
2023-12-01,Все категории,1,seasonal_growth,0.0,structural_prior
2023-12-01,Все категории,1,ridge_panel,0.0,structural_prior
2023-12-01,Все категории,1,chronos_seasonal,0.0,structural_prior
2023-12-01,Все категории,1,catboost,0.0,structural_prior
2023-12-01,Все категории,1,lightgbm,0.0,structural_prior
2023-12-01,Все категории,1,pooled_yoy_damped,0.5,structural_prior
2023-12-01,Все категории,1,seasonal_ratio,0.0,structural_prior
2023-12-01,Все категории,2,panel_shrink,0.5,structural_prior
2023-12-01,Все категории,2,seasonal_growth,0.0,structural_prior
2023-12-01,Все категории,2,ridge_panel,0.0,structural_prior
2023-12-01,Все категории,2,chronos_seasonal,0.0,structural_prior
2023-12-01,Все категории,2,catboost,0.0,structural_prior
2023-12-01,Все категории,2,lightgbm,0.0,structural_prior
2023-12-01,Все категории,2,pooled_yoy_damped,0.5,structural_prior
2023-12-01,Все категории,2,seasonal_ratio,0.0,structural_prior
2023-12-01,Все категории,3,panel_shrink,0.5,structural_prior
2023-12-01,Все категории,3,seasonal_growth,0.0,structural_prior
2023-12-01,Все категории,3,ridge_panel,0.0,structural_prior
2023-12-01,Все категории,3,chronos_seasonal,0.0,structural_prior
2023-12-01,Все категории,3,catboost,0.0,structural_prior
2023-12-01,Все категории,3,lightgbm,0.0,structural_prior
2023-12-01,Все категории,3,pooled_yoy_damped,0.5,structural_prior
2023-12-01,Все категории,3,seasonal_ratio,0.0,structural_prior
2023-12-01,Все категории,4,panel_shrink,0.5,structural_prior
2023-12-01,Все категории,4,seasonal_growth,0.0,structural_prior
2023-12-01,Все категории,4,ridge_panel,0.0,structural_prior
2023-12-01,Все категории,4,chronos_seasonal,0.0,structural_prior
2023-12-01,Все категории,4,catboost,0.0,structural_prior
2023-12-01,Все категории,4,lightgbm,0.0,structural_prior
2023-12-01,Все категории,4,pooled_yoy_damped,0.5,structural_prior
2023-12-01,Все категории,4,seasonal_ratio,0.0,structural_prior
2023-12-01,Все категории,5,panel_shrink,0.5,structural_prior
2023-12-01,Все категории,5,seasonal_growth,0.0,structural_prior
2023-12-01,Все категории,5,ridge_panel,0.0,structural_prior
2023-12-01,Все категории,5,chronos_seasonal,0.0,structural_prior
2023-12-01,Все категории,5,catboost,0.0,structural_prior
2023-12-01,Все категории,5,lightgbm,0.0,structural_prior
2023-12-01,Все категории,5,pooled_yoy_damped,0.5,structural_prior
2023-12-01,Все категории,5,seasonal_ratio,0.0,structural_prior
2023-12-01,Все категории,6,panel_shrink,0.5,structural_prior
2023-12-01,Все категории,6,seasonal_growth,0.0,structural_prior
2023-12-01,Все категории,6,ridge_panel,0.0,structural_prior
2023-12-01,Все категории,6,chronos_seasonal,0.0,structural_prior
2023-12-01,Все категории,6,catboost,0.0,structural_prior
2023-12-01,Все категории,6,lightgbm,0.0,structural_prior
2023-12-01,Все категории,6,pooled_yoy_damped,0.5,structural_prior
2023-12-01,Все категории,6,seasonal_ratio,0.0,structural_prior
2023-12-01,Все категории,7,panel_shrink,0.5,structural_prior
2023-12-01,Все категории,7,seasonal_growth,0.0,structural_prior
2023-12-01,Все категории,7,ridge_panel,0.0,structural_prior
2023-12-01,Все категории,7,chronos_seasonal,0.0,structural_prior
2023-12-01,Все категории,7,catboost,0.0,structural_prior
2023-12-01,Все категории,7,lightgbm,0.0,structural_prior
2023-12-01,Все категории,7,pooled_yoy_damped,0.5,structural_prior
2023-12-01,Все категории,7,seasonal_ratio,0.0,structural_prior
2023-12-01,Все категории,8,panel_shrink,0.5,structural_prior
2023-12-01,Все категории,8,seasonal_growth,0.0,structural_prior
2023-12-01,Все категории,8,ridge_panel,0.0,structural_prior
2023-12-01,Все категории,8,chronos_seasonal,0.0,structural_prior
2023-12-01,Все категории,8,catboost,0.0,structural_prior
2023-12-01,Все категории,8,lightgbm,0.0,structural_prior
2023-12-01,Все категории,8,pooled_yoy_damped,0.5,structural_prior
2023-12-01,Все категории,8,seasonal_ratio,0.0,structural_prior
2023-12-01,Все категории,9,panel_shrink,0.5,structural_prior
2023-12-01,Все категории,9,seasonal_growth,0.0,structural_prior
2023-12-01,Все категории,9,ridge_panel,0.0,structural_prior
2023-12-01,Все категории,9,chronos_seasonal,0.0,structural_prior
2023-12-01,Все категории,9,catboost,0.0,structural_prior
2023-12-01,Все категории,9,lightgbm,0.0,structural_prior
2023-12-01,Все категории,9,pooled_yoy_damped,0.5,structural_prior
2023-12-01,Все категории,9,seasonal_ratio,0.0,structural_prior
2023-12-01,Все категории,10,panel_shrink,0.5,structural_prior
2023-12-01,Все категории,10,seasonal_growth,0.0,structural_prior
2023-12-01,Все категории,10,ridge_panel,0.0,structural_prior
2023-12-01,Все категории,10,chronos_seasonal,0.0,structural_prior
2023-12-01,Все категории,10,catboost,0.0,structural_prior
2023-12-01,Все категории,10,lightgbm,0.0,structural_prior
2023-12-01,Все категории,10,pooled_yoy_damped,0.5,structural_prior
2023-12-01,Все категории,10,seasonal_ratio,0.0,structural_prior
2023-12-01,Все категории,11,panel_shrink,0.5,structural_prior
2023-12-01,Все категории,11,seasonal_growth,0.0,structural_prior
2023-12-01,Все категории,11,ridge_panel,0.0,structural_prior
2023-12-01,Все категории,11,chronos_seasonal,0.0,structural_prior
2023-12-01,Все категории,11,catboost,0.0,structural_prior
2023-12-01,Все категории,11,lightgbm,0.0,structural_prior
2023-12-01,Все категории,11,pooled_yoy_damped,0.5,structural_prior
2023-12-01,Все категории,11,seasonal_ratio,0.0,structural_prior
2023-12-01,Все категории,12,panel_shrink,0.5,structural_prior
2023-12-01,Все категории,12,seasonal_growth,0.0,structural_prior
2023-12-01,Все категории,12,ridge_panel,0.0,structural_prior
2023-12-01,Все категории,12,chronos_seasonal,0.0,structural_prior
2023-12-01,Все категории,12,catboost,0.0,structural_prior
2023-12-01,Все категории,12,lightgbm,0.0,structural_prior
2023-12-01,Все категории,12,pooled_yoy_damped,0.5,structural_prior
2023-12-01,Все категории,12,seasonal_ratio,0.0,structural_prior
2023-12-01,Здоровье,1,panel_shrink,0.5,structural_prior
2023-12-01,Здоровье,1,seasonal_growth,0.0,structural_prior
2023-12-01,Здоровье,1,ridge_panel,0.0,structural_prior
2023-12-01,Здоровье,1,chronos_seasonal,0.0,structural_prior
2023-12-01,Здоровье,1,catboost,0.0,structural_prior
2023-12-01,Здоровье,1,lightgbm,0.0,structural_prior
2023-12-01,Здоровье,1,pooled_yoy_damped,0.5,structural_prior
2023-12-01,Здоровье,1,seasonal_ratio,0.0,structural_prior
2023-12-01,Здоровье,2,panel_shrink,0.5,structural_prior
2023-12-01,Здоровье,2,seasonal_growth,0.0,structural_prior
2023-12-01,Здоровье,2,ridge_panel,0.0,structural_prior
2023-12-01,Здоровье,2,chronos_seasonal,0.0,structural_prior
2023-12-01,Здоровье,2,catboost,0.0,structural_prior
2023-12-01,Здоровье,2,lightgbm,0.0,structural_prior
2023-12-01,Здоровье,2,pooled_yoy_damped,0.5,structural_prior
2023-12-01,Здоровье,2,seasonal_ratio,0.0,structural_prior
2023-12-01,Здоровье,3,panel_shrink,0.5,structural_prior
2023-12-01,Здоровье,3,seasonal_growth,0.0,structural_prior
2023-12-01,Здоровье,3,ridge_panel,0.0,structural_prior
2023-12-01,Здоровье,3,chronos_seasonal,0.0,structural_prior
2023-12-01,Здоровье,3,catboost,0.0,structural_prior
2023-12-01,Здоровье,3,lightgbm,0.0,structural_prior
2023-12-01,Здоровье,3,pooled_yoy_damped,0.5,structural_prior
2023-12-01,Здоровье,3,seasonal_ratio,0.0,structural_prior
2023-12-01,Здоровье,4,panel_shrink,0.5,structural_prior
2023-12-01,Здоровье,4,seasonal_growth,0.0,structural_prior
2023-12-01,Здоровье,4,ridge_panel,0.0,structural_prior
2023-12-01,Здоровье,4,chronos_seasonal,0.0,structural_prior
2023-12-01,Здоровье,4,catboost,0.0,structural_prior
2023-12-01,Здоровье,4,lightgbm,0.0,structural_prior
2023-12-01,Здоровье,4,pooled_yoy_damped,0.5,structural_prior
2023-12-01,Здоровье,4,seasonal_ratio,0.0,structural_prior
2023-12-01,Здоровье,5,panel_shrink,0.5,structural_prior
2023-12-01,Здоровье,5,seasonal_growth,0.0,structural_prior
2023-12-01,Здоровье,5,ridge_panel,0.0,structural_prior
2023-12-01,Здоровье,5,chronos_seasonal,0.0,structural_prior
2023-12-01,Здоровье,5,catboost,0.0,structural_prior
2023-12-01,Здоровье,5,lightgbm,0.0,structural_prior
2023-12-01,Здоровье,5,pooled_yoy_damped,0.5,structural_prior
2023-12-01,Здоровье,5,seasonal_ratio,0.0,structural_prior
2023-12-01,Здоровье,6,panel_shrink,0.5,structural_prior
2023-12-01,Здоровье,6,seasonal_growth,0.0,structural_prior
2023-12-01,Здоровье,6,ridge_panel,0.0,structural_prior
2023-12-01,Здоровье,6,chronos_seasonal,0.0,structural_prior
2023-12-01,Здоровье,6,catboost,0.0,structural_prior
2023-12-01,Здоровье,6,lightgbm,0.0,structural_prior
2023-12-01,Здоровье,6,pooled_yoy_damped,0.5,structural_prior
2023-12-01,Здоровье,6,seasonal_ratio,0.0,structural_prior
2023-12-01,Здоровье,7,panel_shrink,0.5,structural_prior
2023-12-01,Здоровье,7,seasonal_growth,0.0,structural_prior
2023-12-01,Здоровье,7,ridge_panel,0.0,structural_prior
2023-12-01,Здоровье,7,chronos_seasonal,0.0,structural_prior
2023-12-01,Здоровье,7,catboost,0.0,structural_prior
2023-12-01,Здоровье,7,lightgbm,0.0,structural_prior
2023-12-01,Здоровье,7,pooled_yoy_damped,0.5,structural_prior
2023-12-01,Здоровье,7,seasonal_ratio,0.0,structural_prior
2023-12-01,Здоровье,8,panel_shrink,0.5,structural_prior
2023-12-01,Здоровье,8,seasonal_growth,0.0,structural_prior
2023-12-01,Здоровье,8,ridge_panel,0.0,structural_prior
2023-12-01,Здоровье,8,chronos_seasonal,0.0,structural_prior
2023-12-01,Здоровье,8,catboost,0.0,structural_prior
2023-12-01,Здоровье,8,lightgbm,0.0,structural_prior
2023-12-01,Здоровье,8,pooled_yoy_damped,0.5,structural_prior
2023-12-01,Здоровье,8,seasonal_ratio,0.0,structural_prior
2023-12-01,Здоровье,9,panel_shrink,0.5,structural_prior
2023-12-01,Здоровье,9,seasonal_growth,0.0,structural_prior
2023-12-01,Здоровье,9,ridge_panel,0.0,structural_prior
2023-12-01,Здоровье,9,chronos_seasonal,0.0,structural_prior
2023-12-01,Здоровье,9,catboost,0.0,structural_prior
2023-12-01,Здоровье,9,lightgbm,0.0,structural_prior
2023-12-01,Здоровье,9,pooled_yoy_damped,0.5,structural_prior
2023-12-01,Здоровье,9,seasonal_ratio,0.0,structural_prior
2023-12-01,Здоровье,10,panel_shrink,0.5,structural_prior
2023-12-01,Здоровье,10,seasonal_growth,0.0,structural_prior
2023-12-01,Здоровье,10,ridge_panel,0.0,structural_prior
2023-12-01,Здоровье,10,chronos_seasonal,0.0,structural_prior
2023-12-01,Здоровье,10,catboost,0.0,structural_prior
2023-12-01,Здоровье,10,lightgbm,0.0,structural_prior
2023-12-01,Здоровье,10,pooled_yoy_damped,0.5,structural_prior
2023-12-01,Здоровье,10,seasonal_ratio,0.0,structural_prior
2023-12-01,Здоровье,11,panel_shrink,0.5,structural_prior
2023-12-01,Здоровье,11,seasonal_growth,0.0,structural_prior
2023-12-01,Здоровье,11,ridge_panel,0.0,structural_prior
2023-12-01,Здоровье,11,chronos_seasonal,0.0,structural_prior
2023-12-01,Здоровье,11,catboost,0.0,structural_prior
2023-12-01,Здоровье,11,lightgbm,0.0,structural_prior
2023-12-01,Здоровье,11,pooled_yoy_damped,0.5,structural_prior
2023-12-01,Здоровье,11,seasonal_ratio,0.0,structural_prior
2023-12-01,Здоровье,12,panel_shrink,0.5,structural_prior
2023-12-01,Здоровье,12,seasonal_growth,0.0,structural_prior
2023-12-01,Здоровье,12,ridge_panel,0.0,structural_prior
2023-12-01,Здоровье,12,chronos_seasonal,0.0,structural_prior
2023-12-01,Здоровье,12,catboost,0.0,structural_prior
2023-12-01,Здоровье,12,lightgbm,0.0,structural_prior
2023-12-01,Здоровье,12,pooled_yoy_damped,0.5,structural_prior
2023-12-01,Здоровье,12,seasonal_ratio,0.0,structural_prior
2023-12-01,Маркетплейсы,1,panel_shrink,0.5,structural_prior
2023-12-01,Маркетплейсы,1,seasonal_growth,0.0,structural_prior
2023-12-01,Маркетплейсы,1,ridge_panel,0.0,structural_prior
2023-12-01,Маркетплейсы,1,chronos_seasonal,0.0,structural_prior
2023-12-01,Маркетплейсы,1,catboost,0.0,structural_prior
2023-12-01,Маркетплейсы,1,lightgbm,0.0,structural_prior
2023-12-01,Маркетплейсы,1,pooled_yoy_damped,0.5,structural_prior
2023-12-01,Маркетплейсы,1,seasonal_ratio,0.0,structural_prior
2023-12-01,Маркетплейсы,2,panel_shrink,0.5,structural_prior
2023-12-01,Маркетплейсы,2,seasonal_growth,0.0,structural_prior
2023-12-01,Маркетплейсы,2,ridge_panel,0.0,structural_prior
2023-12-01,Маркетплейсы,2,chronos_seasonal,0.0,structural_prior
2023-12-01,Маркетплейсы,2,catboost,0.0,structural_prior
2023-12-01,Маркетплейсы,2,lightgbm,0.0,structural_prior
2023-12-01,Маркетплейсы,2,pooled_yoy_damped,0.5,structural_prior
2023-12-01,Маркетплейсы,2,seasonal_ratio,0.0,structural_prior
2023-12-01,Маркетплейсы,3,panel_shrink,0.5,structural_prior
2023-12-01,Маркетплейсы,3,seasonal_growth,0.0,structural_prior
2023-12-01,Маркетплейсы,3,ridge_panel,0.0,structural_prior
2023-12-01,Маркетплейсы,3,chronos_seasonal,0.0,structural_prior
2023-12-01,Маркетплейсы,3,catboost,0.0,structural_prior
2023-12-01,Маркетплейсы,3,lightgbm,0.0,structural_prior
2023-12-01,Маркетплейсы,3,pooled_yoy_damped,0.5,structural_prior
2023-12-01,Маркетплейсы,3,seasonal_ratio,0.0,structural_prior
2023-12-01,Маркетплейсы,4,panel_shrink,0.5,structural_prior
2023-12-01,Маркетплейсы,4,seasonal_growth,0.0,structural_prior
2023-12-01,Маркетплейсы,4,ridge_panel,0.0,structural_prior
2023-12-01,Маркетплейсы,4,chronos_seasonal,0.0,structural_prior
2023-12-01,Маркетплейсы,4,catboost,0.0,structural_prior
2023-12-01,Маркетплейсы,4,lightgbm,0.0,structural_prior
2023-12-01,Маркетплейсы,4,pooled_yoy_damped,0.5,structural_prior
2023-12-01,Маркетплейсы,4,seasonal_ratio,0.0,structural_prior
2023-12-01,Маркетплейсы,5,panel_shrink,0.5,structural_prior
2023-12-01,Маркетплейсы,5,seasonal_growth,0.0,structural_prior
2023-12-01,Маркетплейсы,5,ridge_panel,0.0,structural_prior
2023-12-01,Маркетплейсы,5,chronos_seasonal,0.0,structural_prior
2023-12-01,Маркетплейсы,5,catboost,0.0,structural_prior
2023-12-01,Маркетплейсы,5,lightgbm,0.0,structural_prior
2023-12-01,Маркетплейсы,5,pooled_yoy_damped,0.5,structural_prior
2023-12-01,Маркетплейсы,5,seasonal_ratio,0.0,structural_prior
2023-12-01,Маркетплейсы,6,panel_shrink,0.5,structural_prior
2023-12-01,Маркетплейсы,6,seasonal_growth,0.0,structural_prior
2023-12-01,Маркетплейсы,6,ridge_panel,0.0,structural_prior
2023-12-01,Маркетплейсы,6,chronos_seasonal,0.0,structural_prior
2023-12-01,Маркетплейсы,6,catboost,0.0,structural_prior
2023-12-01,Маркетплейсы,6,lightgbm,0.0,structural_prior
2023-12-01,Маркетплейсы,6,pooled_yoy_damped,0.5,structural_prior
2023-12-01,Маркетплейсы,6,seasonal_ratio,0.0,structural_prior
2023-12-01,Маркетплейсы,7,panel_shrink,0.5,structural_prior
2023-12-01,Маркетплейсы,7,seasonal_growth,0.0,structural_prior
2023-12-01,Маркетплейсы,7,ridge_panel,0.0,structural_prior
2023-12-01,Маркетплейсы,7,chronos_seasonal,0.0,structural_prior
2023-12-01,Маркетплейсы,7,catboost,0.0,structural_prior
2023-12-01,Маркетплейсы,7,lightgbm,0.0,structural_prior
2023-12-01,Маркетплейсы,7,pooled_yoy_damped,0.5,structural_prior
2023-12-01,Маркетплейсы,7,seasonal_ratio,0.0,structural_prior
2023-12-01,Маркетплейсы,8,panel_shrink,0.5,structural_prior
2023-12-01,Маркетплейсы,8,seasonal_growth,0.0,structural_prior
2023-12-01,Маркетплейсы,8,ridge_panel,0.0,structural_prior
2023-12-01,Маркетплейсы,8,chronos_seasonal,0.0,structural_prior
2023-12-01,Маркетплейсы,8,catboost,0.0,structural_prior
2023-12-01,Маркетплейсы,8,lightgbm,0.0,structural_prior
2023-12-01,Маркетплейсы,8,pooled_yoy_damped,0.5,structural_prior
2023-12-01,Маркетплейсы,8,seasonal_ratio,0.0,structural_prior
2023-12-01,Маркетплейсы,9,panel_shrink,0.5,structural_prior
2023-12-01,Маркетплейсы,9,seasonal_growth,0.0,structural_prior
2023-12-01,Маркетплейсы,9,ridge_panel,0.0,structural_prior
2023-12-01,Маркетплейсы,9,chronos_seasonal,0.0,structural_prior
2023-12-01,Маркетплейсы,9,catboost,0.0,structural_prior
2023-12-01,Маркетплейсы,9,lightgbm,0.0,structural_prior
2023-12-01,Маркетплейсы,9,pooled_yoy_damped,0.5,structural_prior
2023-12-01,Маркетплейсы,9,seasonal_ratio,0.0,structural_prior
2023-12-01,Маркетплейсы,10,panel_shrink,0.5,structural_prior
2023-12-01,Маркетплейсы,10,seasonal_growth,0.0,structural_prior
2023-12-01,Маркетплейсы,10,ridge_panel,0.0,structural_prior
2023-12-01,Маркетплейсы,10,chronos_seasonal,0.0,structural_prior
2023-12-01,Маркетплейсы,10,catboost,0.0,structural_prior
2023-12-01,Маркетплейсы,10,lightgbm,0.0,structural_prior
2023-12-01,Маркетплейсы,10,pooled_yoy_damped,0.5,structural_prior
2023-12-01,Маркетплейсы,10,seasonal_ratio,0.0,structural_prior
2023-12-01,Маркетплейсы,11,panel_shrink,0.5,structural_prior
2023-12-01,Маркетплейсы,11,seasonal_growth,0.0,structural_prior
2023-12-01,Маркетплейсы,11,ridge_panel,0.0,structural_prior
2023-12-01,Маркетплейсы,11,chronos_seasonal,0.0,structural_prior
2023-12-01,Маркетплейсы,11,catboost,0.0,structural_prior
2023-12-01,Маркетплейсы,11,lightgbm,0.0,structural_prior
2023-12-01,Маркетплейсы,11,pooled_yoy_damped,0.5,structural_prior
2023-12-01,Маркетплейсы,11,seasonal_ratio,0.0,structural_prior
2023-12-01,Маркетплейсы,12,panel_shrink,0.5,structural_prior
2023-12-01,Маркетплейсы,12,seasonal_growth,0.0,structural_prior
2023-12-01,Маркетплейсы,12,ridge_panel,0.0,structural_prior
2023-12-01,Маркетплейсы,12,chronos_seasonal,0.0,structural_prior
2023-12-01,Маркетплейсы,12,catboost,0.0,structural_prior
2023-12-01,Маркетплейсы,12,lightgbm,0.0,structural_prior
2023-12-01,Маркетплейсы,12,pooled_yoy_damped,0.5,structural_prior
2023-12-01,Маркетплейсы,12,seasonal_ratio,0.0,structural_prior
2023-12-01,Общественное питание,1,panel_shrink,0.5,structural_prior
2023-12-01,Общественное питание,1,seasonal_growth,0.0,structural_prior
2023-12-01,Общественное питание,1,ridge_panel,0.0,structural_prior
2023-12-01,Общественное питание,1,chronos_seasonal,0.0,structural_prior
2023-12-01,Общественное питание,1,catboost,0.0,structural_prior
2023-12-01,Общественное питание,1,lightgbm,0.0,structural_prior
2023-12-01,Общественное питание,1,pooled_yoy_damped,0.5,structural_prior
2023-12-01,Общественное питание,1,seasonal_ratio,0.0,structural_prior
2023-12-01,Общественное питание,2,panel_shrink,0.5,structural_prior
2023-12-01,Общественное питание,2,seasonal_growth,0.0,structural_prior
2023-12-01,Общественное питание,2,ridge_panel,0.0,structural_prior
2023-12-01,Общественное питание,2,chronos_seasonal,0.0,structural_prior
2023-12-01,Общественное питание,2,catboost,0.0,structural_prior
2023-12-01,Общественное питание,2,lightgbm,0.0,structural_prior
2023-12-01,Общественное питание,2,pooled_yoy_damped,0.5,structural_prior
2023-12-01,Общественное питание,2,seasonal_ratio,0.0,structural_prior
2023-12-01,Общественное питание,3,panel_shrink,0.5,structural_prior
2023-12-01,Общественное питание,3,seasonal_growth,0.0,structural_prior
2023-12-01,Общественное питание,3,ridge_panel,0.0,structural_prior
2023-12-01,Общественное питание,3,chronos_seasonal,0.0,structural_prior
2023-12-01,Общественное питание,3,catboost,0.0,structural_prior
2023-12-01,Общественное питание,3,lightgbm,0.0,structural_prior
2023-12-01,Общественное питание,3,pooled_yoy_damped,0.5,structural_prior
2023-12-01,Общественное питание,3,seasonal_ratio,0.0,structural_prior
2023-12-01,Общественное питание,4,panel_shrink,0.5,structural_prior
2023-12-01,Общественное питание,4,seasonal_growth,0.0,structural_prior
2023-12-01,Общественное питание,4,ridge_panel,0.0,structural_prior
2023-12-01,Общественное питание,4,chronos_seasonal,0.0,structural_prior
2023-12-01,Общественное питание,4,catboost,0.0,structural_prior
2023-12-01,Общественное питание,4,lightgbm,0.0,structural_prior
2023-12-01,Общественное питание,4,pooled_yoy_damped,0.5,structural_prior
2023-12-01,Общественное питание,4,seasonal_ratio,0.0,structural_prior
2023-12-01,Общественное питание,5,panel_shrink,0.5,structural_prior
2023-12-01,Общественное питание,5,seasonal_growth,0.0,structural_prior
2023-12-01,Общественное питание,5,ridge_panel,0.0,structural_prior
2023-12-01,Общественное питание,5,chronos_seasonal,0.0,structural_prior
2023-12-01,Общественное питание,5,catboost,0.0,structural_prior
2023-12-01,Общественное питание,5,lightgbm,0.0,structural_prior
2023-12-01,Общественное питание,5,pooled_yoy_damped,0.5,structural_prior
2023-12-01,Общественное питание,5,seasonal_ratio,0.0,structural_prior
2023-12-01,Общественное питание,6,panel_shrink,0.5,structural_prior
2023-12-01,Общественное питание,6,seasonal_growth,0.0,structural_prior
2023-12-01,Общественное питание,6,ridge_panel,0.0,structural_prior
2023-12-01,Общественное питание,6,chronos_seasonal,0.0,structural_prior
2023-12-01,Общественное питание,6,catboost,0.0,structural_prior
2023-12-01,Общественное питание,6,lightgbm,0.0,structural_prior
2023-12-01,Общественное питание,6,pooled_yoy_damped,0.5,structural_prior
2023-12-01,Общественное питание,6,seasonal_ratio,0.0,structural_prior
2023-12-01,Общественное питание,7,panel_shrink,0.5,structural_prior
2023-12-01,Общественное питание,7,seasonal_growth,0.0,structural_prior
2023-12-01,Общественное питание,7,ridge_panel,0.0,structural_prior
2023-12-01,Общественное питание,7,chronos_seasonal,0.0,structural_prior
2023-12-01,Общественное питание,7,catboost,0.0,structural_prior
2023-12-01,Общественное питание,7,lightgbm,0.0,structural_prior
2023-12-01,Общественное питание,7,pooled_yoy_damped,0.5,structural_prior
2023-12-01,Общественное питание,7,seasonal_ratio,0.0,structural_prior
2023-12-01,Общественное питание,8,panel_shrink,0.5,structural_prior
2023-12-01,Общественное питание,8,seasonal_growth,0.0,structural_prior
2023-12-01,Общественное питание,8,ridge_panel,0.0,structural_prior
2023-12-01,Общественное питание,8,chronos_seasonal,0.0,structural_prior
2023-12-01,Общественное питание,8,catboost,0.0,structural_prior
2023-12-01,Общественное питание,8,lightgbm,0.0,structural_prior
2023-12-01,Общественное питание,8,pooled_yoy_damped,0.5,structural_prior
2023-12-01,Общественное питание,8,seasonal_ratio,0.0,structural_prior
2023-12-01,Общественное питание,9,panel_shrink,0.5,structural_prior
2023-12-01,Общественное питание,9,seasonal_growth,0.0,structural_prior
2023-12-01,Общественное питание,9,ridge_panel,0.0,structural_prior
2023-12-01,Общественное питание,9,chronos_seasonal,0.0,structural_prior
2023-12-01,Общественное питание,9,catboost,0.0,structural_prior
2023-12-01,Общественное питание,9,lightgbm,0.0,structural_prior
2023-12-01,Общественное питание,9,pooled_yoy_damped,0.5,structural_prior
2023-12-01,Общественное питание,9,seasonal_ratio,0.0,structural_prior
2023-12-01,Общественное питание,10,panel_shrink,0.5,structural_prior
2023-12-01,Общественное питание,10,seasonal_growth,0.0,structural_prior
2023-12-01,Общественное питание,10,ridge_panel,0.0,structural_prior
2023-12-01,Общественное питание,10,chronos_seasonal,0.0,structural_prior
2023-12-01,Общественное питание,10,catboost,0.0,structural_prior
2023-12-01,Общественное питание,10,lightgbm,0.0,structural_prior
2023-12-01,Общественное питание,10,pooled_yoy_damped,0.5,structural_prior
2023-12-01,Общественное питание,10,seasonal_ratio,0.0,structural_prior
2023-12-01,Общественное питание,11,panel_shrink,0.5,structural_prior
2023-12-01,Общественное питание,11,seasonal_growth,0.0,structural_prior
2023-12-01,Общественное питание,11,ridge_panel,0.0,structural_prior
2023-12-01,Общественное питание,11,chronos_seasonal,0.0,structural_prior
2023-12-01,Общественное питание,11,catboost,0.0,structural_prior
2023-12-01,Общественное питание,11,lightgbm,0.0,structural_prior
2023-12-01,Общественное питание,11,pooled_yoy_damped,0.5,structural_prior
2023-12-01,Общественное питание,11,seasonal_ratio,0.0,structural_prior
2023-12-01,Общественное питание,12,panel_shrink,0.5,structural_prior
2023-12-01,Общественное питание,12,seasonal_growth,0.0,structural_prior
2023-12-01,Общественное питание,12,ridge_panel,0.0,structural_prior
2023-12-01,Общественное питание,12,chronos_seasonal,0.0,structural_prior
2023-12-01,Общественное питание,12,catboost,0.0,structural_prior
2023-12-01,Общественное питание,12,lightgbm,0.0,structural_prior
2023-12-01,Общественное питание,12,pooled_yoy_damped,0.5,structural_prior
2023-12-01,Общественное питание,12,seasonal_ratio,0.0,structural_prior
2023-12-01,Продовольствие,1,panel_shrink,0.5,structural_prior
2023-12-01,Продовольствие,1,seasonal_growth,0.0,structural_prior
2023-12-01,Продовольствие,1,ridge_panel,0.0,structural_prior
2023-12-01,Продовольствие,1,chronos_seasonal,0.0,structural_prior
2023-12-01,Продовольствие,1,catboost,0.0,structural_prior
2023-12-01,Продовольствие,1,lightgbm,0.0,structural_prior
2023-12-01,Продовольствие,1,pooled_yoy_damped,0.5,structural_prior
2023-12-01,Продовольствие,1,seasonal_ratio,0.0,structural_prior
2023-12-01,Продовольствие,2,panel_shrink,0.5,structural_prior
2023-12-01,Продовольствие,2,seasonal_growth,0.0,structural_prior
2023-12-01,Продовольствие,2,ridge_panel,0.0,structural_prior
2023-12-01,Продовольствие,2,chronos_seasonal,0.0,structural_prior
2023-12-01,Продовольствие,2,catboost,0.0,structural_prior
2023-12-01,Продовольствие,2,lightgbm,0.0,structural_prior
2023-12-01,Продовольствие,2,pooled_yoy_damped,0.5,structural_prior
2023-12-01,Продовольствие,2,seasonal_ratio,0.0,structural_prior
2023-12-01,Продовольствие,3,panel_shrink,0.5,structural_prior
2023-12-01,Продовольствие,3,seasonal_growth,0.0,structural_prior
2023-12-01,Продовольствие,3,ridge_panel,0.0,structural_prior
2023-12-01,Продовольствие,3,chronos_seasonal,0.0,structural_prior
2023-12-01,Продовольствие,3,catboost,0.0,structural_prior
2023-12-01,Продовольствие,3,lightgbm,0.0,structural_prior
2023-12-01,Продовольствие,3,pooled_yoy_damped,0.5,structural_prior
2023-12-01,Продовольствие,3,seasonal_ratio,0.0,structural_prior
2023-12-01,Продовольствие,4,panel_shrink,0.5,structural_prior
2023-12-01,Продовольствие,4,seasonal_growth,0.0,structural_prior
2023-12-01,Продовольствие,4,ridge_panel,0.0,structural_prior
2023-12-01,Продовольствие,4,chronos_seasonal,0.0,structural_prior
2023-12-01,Продовольствие,4,catboost,0.0,structural_prior
2023-12-01,Продовольствие,4,lightgbm,0.0,structural_prior
2023-12-01,Продовольствие,4,pooled_yoy_damped,0.5,structural_prior
2023-12-01,Продовольствие,4,seasonal_ratio,0.0,structural_prior
2023-12-01,Продовольствие,5,panel_shrink,0.5,structural_prior
2023-12-01,Продовольствие,5,seasonal_growth,0.0,structural_prior
2023-12-01,Продовольствие,5,ridge_panel,0.0,structural_prior
2023-12-01,Продовольствие,5,chronos_seasonal,0.0,structural_prior
2023-12-01,Продовольствие,5,catboost,0.0,structural_prior
2023-12-01,Продовольствие,5,lightgbm,0.0,structural_prior
2023-12-01,Продовольствие,5,pooled_yoy_damped,0.5,structural_prior
2023-12-01,Продовольствие,5,seasonal_ratio,0.0,structural_prior
2023-12-01,Продовольствие,6,panel_shrink,0.5,structural_prior
2023-12-01,Продовольствие,6,seasonal_growth,0.0,structural_prior
2023-12-01,Продовольствие,6,ridge_panel,0.0,structural_prior
2023-12-01,Продовольствие,6,chronos_seasonal,0.0,structural_prior
2023-12-01,Продовольствие,6,catboost,0.0,structural_prior
2023-12-01,Продовольствие,6,lightgbm,0.0,structural_prior
2023-12-01,Продовольствие,6,pooled_yoy_damped,0.5,structural_prior
2023-12-01,Продовольствие,6,seasonal_ratio,0.0,structural_prior
2023-12-01,Продовольствие,7,panel_shrink,0.5,structural_prior
2023-12-01,Продовольствие,7,seasonal_growth,0.0,structural_prior
2023-12-01,Продовольствие,7,ridge_panel,0.0,structural_prior
2023-12-01,Продовольствие,7,chronos_seasonal,0.0,structural_prior
2023-12-01,Продовольствие,7,catboost,0.0,structural_prior
2023-12-01,Продовольствие,7,lightgbm,0.0,structural_prior
2023-12-01,Продовольствие,7,pooled_yoy_damped,0.5,structural_prior
2023-12-01,Продовольствие,7,seasonal_ratio,0.0,structural_prior
2023-12-01,Продовольствие,8,panel_shrink,0.5,structural_prior
2023-12-01,Продовольствие,8,seasonal_growth,0.0,structural_prior
2023-12-01,Продовольствие,8,ridge_panel,0.0,structural_prior
2023-12-01,Продовольствие,8,chronos_seasonal,0.0,structural_prior
2023-12-01,Продовольствие,8,catboost,0.0,structural_prior
2023-12-01,Продовольствие,8,lightgbm,0.0,structural_prior
2023-12-01,Продовольствие,8,pooled_yoy_damped,0.5,structural_prior
2023-12-01,Продовольствие,8,seasonal_ratio,0.0,structural_prior
2023-12-01,Продовольствие,9,panel_shrink,0.5,structural_prior
2023-12-01,Продовольствие,9,seasonal_growth,0.0,structural_prior
2023-12-01,Продовольствие,9,ridge_panel,0.0,structural_prior
2023-12-01,Продовольствие,9,chronos_seasonal,0.0,structural_prior
2023-12-01,Продовольствие,9,catboost,0.0,structural_prior
2023-12-01,Продовольствие,9,lightgbm,0.0,structural_prior
2023-12-01,Продовольствие,9,pooled_yoy_damped,0.5,structural_prior
2023-12-01,Продовольствие,9,seasonal_ratio,0.0,structural_prior
2023-12-01,Продовольствие,10,panel_shrink,0.5,structural_prior
2023-12-01,Продовольствие,10,seasonal_growth,0.0,structural_prior
2023-12-01,Продовольствие,10,ridge_panel,0.0,structural_prior
2023-12-01,Продовольствие,10,chronos_seasonal,0.0,structural_prior
2023-12-01,Продовольствие,10,catboost,0.0,structural_prior
2023-12-01,Продовольствие,10,lightgbm,0.0,structural_prior
2023-12-01,Продовольствие,10,pooled_yoy_damped,0.5,structural_prior
2023-12-01,Продовольствие,10,seasonal_ratio,0.0,structural_prior
2023-12-01,Продовольствие,11,panel_shrink,0.5,structural_prior
2023-12-01,Продовольствие,11,seasonal_growth,0.0,structural_prior
2023-12-01,Продовольствие,11,ridge_panel,0.0,structural_prior
2023-12-01,Продовольствие,11,chronos_seasonal,0.0,structural_prior
2023-12-01,Продовольствие,11,catboost,0.0,structural_prior
2023-12-01,Продовольствие,11,lightgbm,0.0,structural_prior
2023-12-01,Продовольствие,11,pooled_yoy_damped,0.5,structural_prior
2023-12-01,Продовольствие,11,seasonal_ratio,0.0,structural_prior
2023-12-01,Продовольствие,12,panel_shrink,0.5,structural_prior
2023-12-01,Продовольствие,12,seasonal_growth,0.0,structural_prior
2023-12-01,Продовольствие,12,ridge_panel,0.0,structural_prior
2023-12-01,Продовольствие,12,chronos_seasonal,0.0,structural_prior
2023-12-01,Продовольствие,12,catboost,0.0,structural_prior
2023-12-01,Продовольствие,12,lightgbm,0.0,structural_prior
2023-12-01,Продовольствие,12,pooled_yoy_damped,0.5,structural_prior
2023-12-01,Продовольствие,12,seasonal_ratio,0.0,structural_prior
2023-12-01,Транспорт,1,panel_shrink,0.5,structural_prior
2023-12-01,Транспорт,1,seasonal_growth,0.0,structural_prior
2023-12-01,Транспорт,1,ridge_panel,0.0,structural_prior
2023-12-01,Транспорт,1,chronos_seasonal,0.0,structural_prior
2023-12-01,Транспорт,1,catboost,0.0,structural_prior
2023-12-01,Транспорт,1,lightgbm,0.0,structural_prior
2023-12-01,Транспорт,1,pooled_yoy_damped,0.5,structural_prior
2023-12-01,Транспорт,1,seasonal_ratio,0.0,structural_prior
2023-12-01,Транспорт,2,panel_shrink,0.5,structural_prior
2023-12-01,Транспорт,2,seasonal_growth,0.0,structural_prior
2023-12-01,Транспорт,2,ridge_panel,0.0,structural_prior
2023-12-01,Транспорт,2,chronos_seasonal,0.0,structural_prior
2023-12-01,Транспорт,2,catboost,0.0,structural_prior
2023-12-01,Транспорт,2,lightgbm,0.0,structural_prior
2023-12-01,Транспорт,2,pooled_yoy_damped,0.5,structural_prior
2023-12-01,Транспорт,2,seasonal_ratio,0.0,structural_prior
2023-12-01,Транспорт,3,panel_shrink,0.5,structural_prior
2023-12-01,Транспорт,3,seasonal_growth,0.0,structural_prior
2023-12-01,Транспорт,3,ridge_panel,0.0,structural_prior
2023-12-01,Транспорт,3,chronos_seasonal,0.0,structural_prior
2023-12-01,Транспорт,3,catboost,0.0,structural_prior
2023-12-01,Транспорт,3,lightgbm,0.0,structural_prior
2023-12-01,Транспорт,3,pooled_yoy_damped,0.5,structural_prior
2023-12-01,Транспорт,3,seasonal_ratio,0.0,structural_prior
2023-12-01,Транспорт,4,panel_shrink,0.5,structural_prior
2023-12-01,Транспорт,4,seasonal_growth,0.0,structural_prior
2023-12-01,Транспорт,4,ridge_panel,0.0,structural_prior
2023-12-01,Транспорт,4,chronos_seasonal,0.0,structural_prior
2023-12-01,Транспорт,4,catboost,0.0,structural_prior
2023-12-01,Транспорт,4,lightgbm,0.0,structural_prior
2023-12-01,Транспорт,4,pooled_yoy_damped,0.5,structural_prior
2023-12-01,Транспорт,4,seasonal_ratio,0.0,structural_prior
2023-12-01,Транспорт,5,panel_shrink,0.5,structural_prior
2023-12-01,Транспорт,5,seasonal_growth,0.0,structural_prior
2023-12-01,Транспорт,5,ridge_panel,0.0,structural_prior
2023-12-01,Транспорт,5,chronos_seasonal,0.0,structural_prior
2023-12-01,Транспорт,5,catboost,0.0,structural_prior
2023-12-01,Транспорт,5,lightgbm,0.0,structural_prior
2023-12-01,Транспорт,5,pooled_yoy_damped,0.5,structural_prior
2023-12-01,Транспорт,5,seasonal_ratio,0.0,structural_prior
2023-12-01,Транспорт,6,panel_shrink,0.5,structural_prior
2023-12-01,Транспорт,6,seasonal_growth,0.0,structural_prior
2023-12-01,Транспорт,6,ridge_panel,0.0,structural_prior
2023-12-01,Транспорт,6,chronos_seasonal,0.0,structural_prior
2023-12-01,Транспорт,6,catboost,0.0,structural_prior
2023-12-01,Транспорт,6,lightgbm,0.0,structural_prior
2023-12-01,Транспорт,6,pooled_yoy_damped,0.5,structural_prior
2023-12-01,Транспорт,6,seasonal_ratio,0.0,structural_prior
2023-12-01,Транспорт,7,panel_shrink,0.5,structural_prior
2023-12-01,Транспорт,7,seasonal_growth,0.0,structural_prior
2023-12-01,Транспорт,7,ridge_panel,0.0,structural_prior
2023-12-01,Транспорт,7,chronos_seasonal,0.0,structural_prior
2023-12-01,Транспорт,7,catboost,0.0,structural_prior
2023-12-01,Транспорт,7,lightgbm,0.0,structural_prior
2023-12-01,Транспорт,7,pooled_yoy_damped,0.5,structural_prior
2023-12-01,Транспорт,7,seasonal_ratio,0.0,structural_prior
2023-12-01,Транспорт,8,panel_shrink,0.5,structural_prior
2023-12-01,Транспорт,8,seasonal_growth,0.0,structural_prior
2023-12-01,Транспорт,8,ridge_panel,0.0,structural_prior
2023-12-01,Транспорт,8,chronos_seasonal,0.0,structural_prior
2023-12-01,Транспорт,8,catboost,0.0,structural_prior
2023-12-01,Транспорт,8,lightgbm,0.0,structural_prior
2023-12-01,Транспорт,8,pooled_yoy_damped,0.5,structural_prior
2023-12-01,Транспорт,8,seasonal_ratio,0.0,structural_prior
2023-12-01,Транспорт,9,panel_shrink,0.5,structural_prior
2023-12-01,Транспорт,9,seasonal_growth,0.0,structural_prior
2023-12-01,Транспорт,9,ridge_panel,0.0,structural_prior
2023-12-01,Транспорт,9,chronos_seasonal,0.0,structural_prior
2023-12-01,Транспорт,9,catboost,0.0,structural_prior
2023-12-01,Транспорт,9,lightgbm,0.0,structural_prior
2023-12-01,Транспорт,9,pooled_yoy_damped,0.5,structural_prior
2023-12-01,Транспорт,9,seasonal_ratio,0.0,structural_prior
2023-12-01,Транспорт,10,panel_shrink,0.5,structural_prior
2023-12-01,Транспорт,10,seasonal_growth,0.0,structural_prior
2023-12-01,Транспорт,10,ridge_panel,0.0,structural_prior
2023-12-01,Транспорт,10,chronos_seasonal,0.0,structural_prior
2023-12-01,Транспорт,10,catboost,0.0,structural_prior
2023-12-01,Транспорт,10,lightgbm,0.0,structural_prior
2023-12-01,Транспорт,10,pooled_yoy_damped,0.5,structural_prior
2023-12-01,Транспорт,10,seasonal_ratio,0.0,structural_prior
2023-12-01,Транспорт,11,panel_shrink,0.5,structural_prior
2023-12-01,Транспорт,11,seasonal_growth,0.0,structural_prior
2023-12-01,Транспорт,11,ridge_panel,0.0,structural_prior
2023-12-01,Транспорт,11,chronos_seasonal,0.0,structural_prior
2023-12-01,Транспорт,11,catboost,0.0,structural_prior
2023-12-01,Транспорт,11,lightgbm,0.0,structural_prior
2023-12-01,Транспорт,11,pooled_yoy_damped,0.5,structural_prior
2023-12-01,Транспорт,11,seasonal_ratio,0.0,structural_prior
2023-12-01,Транспорт,12,panel_shrink,0.5,structural_prior
2023-12-01,Транспорт,12,seasonal_growth,0.0,structural_prior
2023-12-01,Транспорт,12,ridge_panel,0.0,structural_prior
2023-12-01,Транспорт,12,chronos_seasonal,0.0,structural_prior
2023-12-01,Транспорт,12,catboost,0.0,structural_prior
2023-12-01,Транспорт,12,lightgbm,0.0,structural_prior
2023-12-01,Транспорт,12,pooled_yoy_damped,0.5,structural_prior
2023-12-01,Транспорт,12,seasonal_ratio,0.0,structural_prior
2024-01-01,Все категории,1,panel_shrink,0.5,structural_prior
2024-01-01,Все категории,1,seasonal_growth,0.0,structural_prior
2024-01-01,Все категории,1,ridge_panel,0.0,structural_prior
2024-01-01,Все категории,1,chronos_seasonal,0.0,structural_prior
2024-01-01,Все категории,1,catboost,0.0,structural_prior
2024-01-01,Все категории,1,lightgbm,0.0,structural_prior
2024-01-01,Все категории,1,pooled_yoy_damped,0.5,structural_prior
2024-01-01,Все категории,1,seasonal_ratio,0.0,structural_prior
2024-01-01,Все категории,2,panel_shrink,0.5,structural_prior
2024-01-01,Все категории,2,seasonal_growth,0.0,structural_prior
2024-01-01,Все категории,2,ridge_panel,0.0,structural_prior
2024-01-01,Все категории,2,chronos_seasonal,0.0,structural_prior
2024-01-01,Все категории,2,catboost,0.0,structural_prior
2024-01-01,Все категории,2,lightgbm,0.0,structural_prior
2024-01-01,Все категории,2,pooled_yoy_damped,0.5,structural_prior
2024-01-01,Все категории,2,seasonal_ratio,0.0,structural_prior
2024-01-01,Все категории,3,panel_shrink,0.5,structural_prior
2024-01-01,Все категории,3,seasonal_growth,0.0,structural_prior
2024-01-01,Все категории,3,ridge_panel,0.0,structural_prior
2024-01-01,Все категории,3,chronos_seasonal,0.0,structural_prior
2024-01-01,Все категории,3,catboost,0.0,structural_prior
2024-01-01,Все категории,3,lightgbm,0.0,structural_prior
2024-01-01,Все категории,3,pooled_yoy_damped,0.5,structural_prior
2024-01-01,Все категории,3,seasonal_ratio,0.0,structural_prior
2024-01-01,Все категории,4,panel_shrink,0.5,structural_prior
2024-01-01,Все категории,4,seasonal_growth,0.0,structural_prior
2024-01-01,Все категории,4,ridge_panel,0.0,structural_prior
2024-01-01,Все категории,4,chronos_seasonal,0.0,structural_prior
2024-01-01,Все категории,4,catboost,0.0,structural_prior
2024-01-01,Все категории,4,lightgbm,0.0,structural_prior
2024-01-01,Все категории,4,pooled_yoy_damped,0.5,structural_prior
2024-01-01,Все категории,4,seasonal_ratio,0.0,structural_prior
2024-01-01,Все категории,5,panel_shrink,0.5,structural_prior
2024-01-01,Все категории,5,seasonal_growth,0.0,structural_prior
2024-01-01,Все категории,5,ridge_panel,0.0,structural_prior
2024-01-01,Все категории,5,chronos_seasonal,0.0,structural_prior
2024-01-01,Все категории,5,catboost,0.0,structural_prior
2024-01-01,Все категории,5,lightgbm,0.0,structural_prior
2024-01-01,Все категории,5,pooled_yoy_damped,0.5,structural_prior
2024-01-01,Все категории,5,seasonal_ratio,0.0,structural_prior
2024-01-01,Все категории,6,panel_shrink,0.5,structural_prior
2024-01-01,Все категории,6,seasonal_growth,0.0,structural_prior
2024-01-01,Все категории,6,ridge_panel,0.0,structural_prior
2024-01-01,Все категории,6,chronos_seasonal,0.0,structural_prior
2024-01-01,Все категории,6,catboost,0.0,structural_prior
2024-01-01,Все категории,6,lightgbm,0.0,structural_prior
2024-01-01,Все категории,6,pooled_yoy_damped,0.5,structural_prior
2024-01-01,Все категории,6,seasonal_ratio,0.0,structural_prior
2024-01-01,Все категории,7,panel_shrink,0.5,structural_prior
2024-01-01,Все категории,7,seasonal_growth,0.0,structural_prior
2024-01-01,Все категории,7,ridge_panel,0.0,structural_prior
2024-01-01,Все категории,7,chronos_seasonal,0.0,structural_prior
2024-01-01,Все категории,7,catboost,0.0,structural_prior
2024-01-01,Все категории,7,lightgbm,0.0,structural_prior
2024-01-01,Все категории,7,pooled_yoy_damped,0.5,structural_prior
2024-01-01,Все категории,7,seasonal_ratio,0.0,structural_prior
2024-01-01,Все категории,8,panel_shrink,0.5,structural_prior
2024-01-01,Все категории,8,seasonal_growth,0.0,structural_prior
2024-01-01,Все категории,8,ridge_panel,0.0,structural_prior
2024-01-01,Все категории,8,chronos_seasonal,0.0,structural_prior
2024-01-01,Все категории,8,catboost,0.0,structural_prior
2024-01-01,Все категории,8,lightgbm,0.0,structural_prior
2024-01-01,Все категории,8,pooled_yoy_damped,0.5,structural_prior
2024-01-01,Все категории,8,seasonal_ratio,0.0,structural_prior
2024-01-01,Все категории,9,panel_shrink,0.5,structural_prior
2024-01-01,Все категории,9,seasonal_growth,0.0,structural_prior
2024-01-01,Все категории,9,ridge_panel,0.0,structural_prior
2024-01-01,Все категории,9,chronos_seasonal,0.0,structural_prior
2024-01-01,Все категории,9,catboost,0.0,structural_prior
2024-01-01,Все категории,9,lightgbm,0.0,structural_prior
2024-01-01,Все категории,9,pooled_yoy_damped,0.5,structural_prior
2024-01-01,Все категории,9,seasonal_ratio,0.0,structural_prior
2024-01-01,Все категории,10,panel_shrink,0.5,structural_prior
2024-01-01,Все категории,10,seasonal_growth,0.0,structural_prior
2024-01-01,Все категории,10,ridge_panel,0.0,structural_prior
2024-01-01,Все категории,10,chronos_seasonal,0.0,structural_prior
2024-01-01,Все категории,10,catboost,0.0,structural_prior
2024-01-01,Все категории,10,lightgbm,0.0,structural_prior
2024-01-01,Все категории,10,pooled_yoy_damped,0.5,structural_prior
2024-01-01,Все категории,10,seasonal_ratio,0.0,structural_prior
2024-01-01,Все категории,11,panel_shrink,0.5,structural_prior
2024-01-01,Все категории,11,seasonal_growth,0.0,structural_prior
2024-01-01,Все категории,11,ridge_panel,0.0,structural_prior
2024-01-01,Все категории,11,chronos_seasonal,0.0,structural_prior
2024-01-01,Все категории,11,catboost,0.0,structural_prior
2024-01-01,Все категории,11,lightgbm,0.0,structural_prior
2024-01-01,Все категории,11,pooled_yoy_damped,0.5,structural_prior
2024-01-01,Все категории,11,seasonal_ratio,0.0,structural_prior
2024-01-01,Здоровье,1,panel_shrink,0.5,structural_prior
2024-01-01,Здоровье,1,seasonal_growth,0.0,structural_prior
2024-01-01,Здоровье,1,ridge_panel,0.0,structural_prior
2024-01-01,Здоровье,1,chronos_seasonal,0.0,structural_prior
2024-01-01,Здоровье,1,catboost,0.0,structural_prior
2024-01-01,Здоровье,1,lightgbm,0.0,structural_prior
2024-01-01,Здоровье,1,pooled_yoy_damped,0.5,structural_prior
2024-01-01,Здоровье,1,seasonal_ratio,0.0,structural_prior
2024-01-01,Здоровье,2,panel_shrink,0.5,structural_prior
2024-01-01,Здоровье,2,seasonal_growth,0.0,structural_prior
2024-01-01,Здоровье,2,ridge_panel,0.0,structural_prior
2024-01-01,Здоровье,2,chronos_seasonal,0.0,structural_prior
2024-01-01,Здоровье,2,catboost,0.0,structural_prior
2024-01-01,Здоровье,2,lightgbm,0.0,structural_prior
2024-01-01,Здоровье,2,pooled_yoy_damped,0.5,structural_prior
2024-01-01,Здоровье,2,seasonal_ratio,0.0,structural_prior
2024-01-01,Здоровье,3,panel_shrink,0.5,structural_prior
2024-01-01,Здоровье,3,seasonal_growth,0.0,structural_prior
2024-01-01,Здоровье,3,ridge_panel,0.0,structural_prior
2024-01-01,Здоровье,3,chronos_seasonal,0.0,structural_prior
2024-01-01,Здоровье,3,catboost,0.0,structural_prior
2024-01-01,Здоровье,3,lightgbm,0.0,structural_prior
2024-01-01,Здоровье,3,pooled_yoy_damped,0.5,structural_prior
2024-01-01,Здоровье,3,seasonal_ratio,0.0,structural_prior
2024-01-01,Здоровье,4,panel_shrink,0.5,structural_prior
2024-01-01,Здоровье,4,seasonal_growth,0.0,structural_prior
2024-01-01,Здоровье,4,ridge_panel,0.0,structural_prior
2024-01-01,Здоровье,4,chronos_seasonal,0.0,structural_prior
2024-01-01,Здоровье,4,catboost,0.0,structural_prior
2024-01-01,Здоровье,4,lightgbm,0.0,structural_prior
2024-01-01,Здоровье,4,pooled_yoy_damped,0.5,structural_prior
2024-01-01,Здоровье,4,seasonal_ratio,0.0,structural_prior
2024-01-01,Здоровье,5,panel_shrink,0.5,structural_prior
2024-01-01,Здоровье,5,seasonal_growth,0.0,structural_prior
2024-01-01,Здоровье,5,ridge_panel,0.0,structural_prior
2024-01-01,Здоровье,5,chronos_seasonal,0.0,structural_prior
2024-01-01,Здоровье,5,catboost,0.0,structural_prior
2024-01-01,Здоровье,5,lightgbm,0.0,structural_prior
2024-01-01,Здоровье,5,pooled_yoy_damped,0.5,structural_prior
2024-01-01,Здоровье,5,seasonal_ratio,0.0,structural_prior
2024-01-01,Здоровье,6,panel_shrink,0.5,structural_prior
2024-01-01,Здоровье,6,seasonal_growth,0.0,structural_prior
2024-01-01,Здоровье,6,ridge_panel,0.0,structural_prior
2024-01-01,Здоровье,6,chronos_seasonal,0.0,structural_prior
2024-01-01,Здоровье,6,catboost,0.0,structural_prior
2024-01-01,Здоровье,6,lightgbm,0.0,structural_prior
2024-01-01,Здоровье,6,pooled_yoy_damped,0.5,structural_prior
2024-01-01,Здоровье,6,seasonal_ratio,0.0,structural_prior
2024-01-01,Здоровье,7,panel_shrink,0.5,structural_prior
2024-01-01,Здоровье,7,seasonal_growth,0.0,structural_prior
2024-01-01,Здоровье,7,ridge_panel,0.0,structural_prior
2024-01-01,Здоровье,7,chronos_seasonal,0.0,structural_prior
2024-01-01,Здоровье,7,catboost,0.0,structural_prior
2024-01-01,Здоровье,7,lightgbm,0.0,structural_prior
2024-01-01,Здоровье,7,pooled_yoy_damped,0.5,structural_prior
2024-01-01,Здоровье,7,seasonal_ratio,0.0,structural_prior
2024-01-01,Здоровье,8,panel_shrink,0.5,structural_prior
2024-01-01,Здоровье,8,seasonal_growth,0.0,structural_prior
2024-01-01,Здоровье,8,ridge_panel,0.0,structural_prior
2024-01-01,Здоровье,8,chronos_seasonal,0.0,structural_prior
2024-01-01,Здоровье,8,catboost,0.0,structural_prior
2024-01-01,Здоровье,8,lightgbm,0.0,structural_prior
2024-01-01,Здоровье,8,pooled_yoy_damped,0.5,structural_prior
2024-01-01,Здоровье,8,seasonal_ratio,0.0,structural_prior
2024-01-01,Здоровье,9,panel_shrink,0.5,structural_prior
2024-01-01,Здоровье,9,seasonal_growth,0.0,structural_prior
2024-01-01,Здоровье,9,ridge_panel,0.0,structural_prior
2024-01-01,Здоровье,9,chronos_seasonal,0.0,structural_prior
2024-01-01,Здоровье,9,catboost,0.0,structural_prior
2024-01-01,Здоровье,9,lightgbm,0.0,structural_prior
2024-01-01,Здоровье,9,pooled_yoy_damped,0.5,structural_prior
2024-01-01,Здоровье,9,seasonal_ratio,0.0,structural_prior
2024-01-01,Здоровье,10,panel_shrink,0.5,structural_prior
2024-01-01,Здоровье,10,seasonal_growth,0.0,structural_prior
2024-01-01,Здоровье,10,ridge_panel,0.0,structural_prior
2024-01-01,Здоровье,10,chronos_seasonal,0.0,structural_prior
2024-01-01,Здоровье,10,catboost,0.0,structural_prior
2024-01-01,Здоровье,10,lightgbm,0.0,structural_prior
2024-01-01,Здоровье,10,pooled_yoy_damped,0.5,structural_prior
2024-01-01,Здоровье,10,seasonal_ratio,0.0,structural_prior
2024-01-01,Здоровье,11,panel_shrink,0.5,structural_prior
2024-01-01,Здоровье,11,seasonal_growth,0.0,structural_prior
2024-01-01,Здоровье,11,ridge_panel,0.0,structural_prior
2024-01-01,Здоровье,11,chronos_seasonal,0.0,structural_prior
2024-01-01,Здоровье,11,catboost,0.0,structural_prior
2024-01-01,Здоровье,11,lightgbm,0.0,structural_prior
2024-01-01,Здоровье,11,pooled_yoy_damped,0.5,structural_prior
2024-01-01,Здоровье,11,seasonal_ratio,0.0,structural_prior
2024-01-01,Маркетплейсы,1,panel_shrink,0.5,structural_prior
2024-01-01,Маркетплейсы,1,seasonal_growth,0.0,structural_prior
2024-01-01,Маркетплейсы,1,ridge_panel,0.0,structural_prior
2024-01-01,Маркетплейсы,1,chronos_seasonal,0.0,structural_prior
2024-01-01,Маркетплейсы,1,catboost,0.0,structural_prior
2024-01-01,Маркетплейсы,1,lightgbm,0.0,structural_prior
2024-01-01,Маркетплейсы,1,pooled_yoy_damped,0.5,structural_prior
2024-01-01,Маркетплейсы,1,seasonal_ratio,0.0,structural_prior
2024-01-01,Маркетплейсы,2,panel_shrink,0.5,structural_prior
2024-01-01,Маркетплейсы,2,seasonal_growth,0.0,structural_prior
2024-01-01,Маркетплейсы,2,ridge_panel,0.0,structural_prior
2024-01-01,Маркетплейсы,2,chronos_seasonal,0.0,structural_prior
2024-01-01,Маркетплейсы,2,catboost,0.0,structural_prior
2024-01-01,Маркетплейсы,2,lightgbm,0.0,structural_prior
2024-01-01,Маркетплейсы,2,pooled_yoy_damped,0.5,structural_prior
2024-01-01,Маркетплейсы,2,seasonal_ratio,0.0,structural_prior
2024-01-01,Маркетплейсы,3,panel_shrink,0.5,structural_prior
2024-01-01,Маркетплейсы,3,seasonal_growth,0.0,structural_prior
2024-01-01,Маркетплейсы,3,ridge_panel,0.0,structural_prior
2024-01-01,Маркетплейсы,3,chronos_seasonal,0.0,structural_prior
2024-01-01,Маркетплейсы,3,catboost,0.0,structural_prior
2024-01-01,Маркетплейсы,3,lightgbm,0.0,structural_prior
2024-01-01,Маркетплейсы,3,pooled_yoy_damped,0.5,structural_prior
2024-01-01,Маркетплейсы,3,seasonal_ratio,0.0,structural_prior
2024-01-01,Маркетплейсы,4,panel_shrink,0.5,structural_prior
2024-01-01,Маркетплейсы,4,seasonal_growth,0.0,structural_prior
2024-01-01,Маркетплейсы,4,ridge_panel,0.0,structural_prior
2024-01-01,Маркетплейсы,4,chronos_seasonal,0.0,structural_prior
2024-01-01,Маркетплейсы,4,catboost,0.0,structural_prior
2024-01-01,Маркетплейсы,4,lightgbm,0.0,structural_prior
2024-01-01,Маркетплейсы,4,pooled_yoy_damped,0.5,structural_prior
2024-01-01,Маркетплейсы,4,seasonal_ratio,0.0,structural_prior
2024-01-01,Маркетплейсы,5,panel_shrink,0.5,structural_prior
2024-01-01,Маркетплейсы,5,seasonal_growth,0.0,structural_prior
2024-01-01,Маркетплейсы,5,ridge_panel,0.0,structural_prior
2024-01-01,Маркетплейсы,5,chronos_seasonal,0.0,structural_prior
2024-01-01,Маркетплейсы,5,catboost,0.0,structural_prior
2024-01-01,Маркетплейсы,5,lightgbm,0.0,structural_prior
2024-01-01,Маркетплейсы,5,pooled_yoy_damped,0.5,structural_prior
2024-01-01,Маркетплейсы,5,seasonal_ratio,0.0,structural_prior
2024-01-01,Маркетплейсы,6,panel_shrink,0.5,structural_prior
2024-01-01,Маркетплейсы,6,seasonal_growth,0.0,structural_prior
2024-01-01,Маркетплейсы,6,ridge_panel,0.0,structural_prior
2024-01-01,Маркетплейсы,6,chronos_seasonal,0.0,structural_prior
2024-01-01,Маркетплейсы,6,catboost,0.0,structural_prior
2024-01-01,Маркетплейсы,6,lightgbm,0.0,structural_prior
2024-01-01,Маркетплейсы,6,pooled_yoy_damped,0.5,structural_prior
2024-01-01,Маркетплейсы,6,seasonal_ratio,0.0,structural_prior
2024-01-01,Маркетплейсы,7,panel_shrink,0.5,structural_prior
2024-01-01,Маркетплейсы,7,seasonal_growth,0.0,structural_prior
2024-01-01,Маркетплейсы,7,ridge_panel,0.0,structural_prior
2024-01-01,Маркетплейсы,7,chronos_seasonal,0.0,structural_prior
2024-01-01,Маркетплейсы,7,catboost,0.0,structural_prior
2024-01-01,Маркетплейсы,7,lightgbm,0.0,structural_prior
2024-01-01,Маркетплейсы,7,pooled_yoy_damped,0.5,structural_prior
2024-01-01,Маркетплейсы,7,seasonal_ratio,0.0,structural_prior
2024-01-01,Маркетплейсы,8,panel_shrink,0.5,structural_prior
2024-01-01,Маркетплейсы,8,seasonal_growth,0.0,structural_prior
2024-01-01,Маркетплейсы,8,ridge_panel,0.0,structural_prior
2024-01-01,Маркетплейсы,8,chronos_seasonal,0.0,structural_prior
2024-01-01,Маркетплейсы,8,catboost,0.0,structural_prior
2024-01-01,Маркетплейсы,8,lightgbm,0.0,structural_prior
2024-01-01,Маркетплейсы,8,pooled_yoy_damped,0.5,structural_prior
2024-01-01,Маркетплейсы,8,seasonal_ratio,0.0,structural_prior
2024-01-01,Маркетплейсы,9,panel_shrink,0.5,structural_prior
2024-01-01,Маркетплейсы,9,seasonal_growth,0.0,structural_prior
2024-01-01,Маркетплейсы,9,ridge_panel,0.0,structural_prior
2024-01-01,Маркетплейсы,9,chronos_seasonal,0.0,structural_prior
2024-01-01,Маркетплейсы,9,catboost,0.0,structural_prior
2024-01-01,Маркетплейсы,9,lightgbm,0.0,structural_prior
2024-01-01,Маркетплейсы,9,pooled_yoy_damped,0.5,structural_prior
2024-01-01,Маркетплейсы,9,seasonal_ratio,0.0,structural_prior
2024-01-01,Маркетплейсы,10,panel_shrink,0.5,structural_prior
2024-01-01,Маркетплейсы,10,seasonal_growth,0.0,structural_prior
2024-01-01,Маркетплейсы,10,ridge_panel,0.0,structural_prior
2024-01-01,Маркетплейсы,10,chronos_seasonal,0.0,structural_prior
2024-01-01,Маркетплейсы,10,catboost,0.0,structural_prior
2024-01-01,Маркетплейсы,10,lightgbm,0.0,structural_prior
2024-01-01,Маркетплейсы,10,pooled_yoy_damped,0.5,structural_prior
2024-01-01,Маркетплейсы,10,seasonal_ratio,0.0,structural_prior
2024-01-01,Маркетплейсы,11,panel_shrink,0.5,structural_prior
2024-01-01,Маркетплейсы,11,seasonal_growth,0.0,structural_prior
2024-01-01,Маркетплейсы,11,ridge_panel,0.0,structural_prior
2024-01-01,Маркетплейсы,11,chronos_seasonal,0.0,structural_prior
2024-01-01,Маркетплейсы,11,catboost,0.0,structural_prior
2024-01-01,Маркетплейсы,11,lightgbm,0.0,structural_prior
2024-01-01,Маркетплейсы,11,pooled_yoy_damped,0.5,structural_prior
2024-01-01,Маркетплейсы,11,seasonal_ratio,0.0,structural_prior
2024-01-01,Общественное питание,1,panel_shrink,0.5,structural_prior
2024-01-01,Общественное питание,1,seasonal_growth,0.0,structural_prior
2024-01-01,Общественное питание,1,ridge_panel,0.0,structural_prior
2024-01-01,Общественное питание,1,chronos_seasonal,0.0,structural_prior
2024-01-01,Общественное питание,1,catboost,0.0,structural_prior
2024-01-01,Общественное питание,1,lightgbm,0.0,structural_prior
2024-01-01,Общественное питание,1,pooled_yoy_damped,0.5,structural_prior
2024-01-01,Общественное питание,1,seasonal_ratio,0.0,structural_prior
2024-01-01,Общественное питание,2,panel_shrink,0.5,structural_prior
2024-01-01,Общественное питание,2,seasonal_growth,0.0,structural_prior
2024-01-01,Общественное питание,2,ridge_panel,0.0,structural_prior
2024-01-01,Общественное питание,2,chronos_seasonal,0.0,structural_prior
2024-01-01,Общественное питание,2,catboost,0.0,structural_prior
2024-01-01,Общественное питание,2,lightgbm,0.0,structural_prior
2024-01-01,Общественное питание,2,pooled_yoy_damped,0.5,structural_prior
2024-01-01,Общественное питание,2,seasonal_ratio,0.0,structural_prior
2024-01-01,Общественное питание,3,panel_shrink,0.5,structural_prior
2024-01-01,Общественное питание,3,seasonal_growth,0.0,structural_prior
2024-01-01,Общественное питание,3,ridge_panel,0.0,structural_prior
2024-01-01,Общественное питание,3,chronos_seasonal,0.0,structural_prior
2024-01-01,Общественное питание,3,catboost,0.0,structural_prior
2024-01-01,Общественное питание,3,lightgbm,0.0,structural_prior
2024-01-01,Общественное питание,3,pooled_yoy_damped,0.5,structural_prior
2024-01-01,Общественное питание,3,seasonal_ratio,0.0,structural_prior
2024-01-01,Общественное питание,4,panel_shrink,0.5,structural_prior
2024-01-01,Общественное питание,4,seasonal_growth,0.0,structural_prior
2024-01-01,Общественное питание,4,ridge_panel,0.0,structural_prior
2024-01-01,Общественное питание,4,chronos_seasonal,0.0,structural_prior
2024-01-01,Общественное питание,4,catboost,0.0,structural_prior
2024-01-01,Общественное питание,4,lightgbm,0.0,structural_prior
2024-01-01,Общественное питание,4,pooled_yoy_damped,0.5,structural_prior
2024-01-01,Общественное питание,4,seasonal_ratio,0.0,structural_prior
2024-01-01,Общественное питание,5,panel_shrink,0.5,structural_prior
2024-01-01,Общественное питание,5,seasonal_growth,0.0,structural_prior
2024-01-01,Общественное питание,5,ridge_panel,0.0,structural_prior
2024-01-01,Общественное питание,5,chronos_seasonal,0.0,structural_prior
2024-01-01,Общественное питание,5,catboost,0.0,structural_prior
2024-01-01,Общественное питание,5,lightgbm,0.0,structural_prior
2024-01-01,Общественное питание,5,pooled_yoy_damped,0.5,structural_prior
2024-01-01,Общественное питание,5,seasonal_ratio,0.0,structural_prior
2024-01-01,Общественное питание,6,panel_shrink,0.5,structural_prior
2024-01-01,Общественное питание,6,seasonal_growth,0.0,structural_prior
2024-01-01,Общественное питание,6,ridge_panel,0.0,structural_prior
2024-01-01,Общественное питание,6,chronos_seasonal,0.0,structural_prior
2024-01-01,Общественное питание,6,catboost,0.0,structural_prior
2024-01-01,Общественное питание,6,lightgbm,0.0,structural_prior
2024-01-01,Общественное питание,6,pooled_yoy_damped,0.5,structural_prior
2024-01-01,Общественное питание,6,seasonal_ratio,0.0,structural_prior
2024-01-01,Общественное питание,7,panel_shrink,0.5,structural_prior
2024-01-01,Общественное питание,7,seasonal_growth,0.0,structural_prior
2024-01-01,Общественное питание,7,ridge_panel,0.0,structural_prior
2024-01-01,Общественное питание,7,chronos_seasonal,0.0,structural_prior
2024-01-01,Общественное питание,7,catboost,0.0,structural_prior
2024-01-01,Общественное питание,7,lightgbm,0.0,structural_prior
2024-01-01,Общественное питание,7,pooled_yoy_damped,0.5,structural_prior
2024-01-01,Общественное питание,7,seasonal_ratio,0.0,structural_prior
2024-01-01,Общественное питание,8,panel_shrink,0.5,structural_prior
2024-01-01,Общественное питание,8,seasonal_growth,0.0,structural_prior
2024-01-01,Общественное питание,8,ridge_panel,0.0,structural_prior
2024-01-01,Общественное питание,8,chronos_seasonal,0.0,structural_prior
2024-01-01,Общественное питание,8,catboost,0.0,structural_prior
2024-01-01,Общественное питание,8,lightgbm,0.0,structural_prior
2024-01-01,Общественное питание,8,pooled_yoy_damped,0.5,structural_prior
2024-01-01,Общественное питание,8,seasonal_ratio,0.0,structural_prior
2024-01-01,Общественное питание,9,panel_shrink,0.5,structural_prior
2024-01-01,Общественное питание,9,seasonal_growth,0.0,structural_prior
2024-01-01,Общественное питание,9,ridge_panel,0.0,structural_prior
2024-01-01,Общественное питание,9,chronos_seasonal,0.0,structural_prior
2024-01-01,Общественное питание,9,catboost,0.0,structural_prior
2024-01-01,Общественное питание,9,lightgbm,0.0,structural_prior
2024-01-01,Общественное питание,9,pooled_yoy_damped,0.5,structural_prior
2024-01-01,Общественное питание,9,seasonal_ratio,0.0,structural_prior
2024-01-01,Общественное питание,10,panel_shrink,0.5,structural_prior
2024-01-01,Общественное питание,10,seasonal_growth,0.0,structural_prior
2024-01-01,Общественное питание,10,ridge_panel,0.0,structural_prior
2024-01-01,Общественное питание,10,chronos_seasonal,0.0,structural_prior
2024-01-01,Общественное питание,10,catboost,0.0,structural_prior
2024-01-01,Общественное питание,10,lightgbm,0.0,structural_prior
2024-01-01,Общественное питание,10,pooled_yoy_damped,0.5,structural_prior
2024-01-01,Общественное питание,10,seasonal_ratio,0.0,structural_prior
2024-01-01,Общественное питание,11,panel_shrink,0.5,structural_prior
2024-01-01,Общественное питание,11,seasonal_growth,0.0,structural_prior
2024-01-01,Общественное питание,11,ridge_panel,0.0,structural_prior
2024-01-01,Общественное питание,11,chronos_seasonal,0.0,structural_prior
2024-01-01,Общественное питание,11,catboost,0.0,structural_prior
2024-01-01,Общественное питание,11,lightgbm,0.0,structural_prior
2024-01-01,Общественное питание,11,pooled_yoy_damped,0.5,structural_prior
2024-01-01,Общественное питание,11,seasonal_ratio,0.0,structural_prior
2024-01-01,Продовольствие,1,panel_shrink,0.5,structural_prior
2024-01-01,Продовольствие,1,seasonal_growth,0.0,structural_prior
2024-01-01,Продовольствие,1,ridge_panel,0.0,structural_prior
2024-01-01,Продовольствие,1,chronos_seasonal,0.0,structural_prior
2024-01-01,Продовольствие,1,catboost,0.0,structural_prior
2024-01-01,Продовольствие,1,lightgbm,0.0,structural_prior
2024-01-01,Продовольствие,1,pooled_yoy_damped,0.5,structural_prior
2024-01-01,Продовольствие,1,seasonal_ratio,0.0,structural_prior
2024-01-01,Продовольствие,2,panel_shrink,0.5,structural_prior
2024-01-01,Продовольствие,2,seasonal_growth,0.0,structural_prior
2024-01-01,Продовольствие,2,ridge_panel,0.0,structural_prior
2024-01-01,Продовольствие,2,chronos_seasonal,0.0,structural_prior
2024-01-01,Продовольствие,2,catboost,0.0,structural_prior
2024-01-01,Продовольствие,2,lightgbm,0.0,structural_prior
2024-01-01,Продовольствие,2,pooled_yoy_damped,0.5,structural_prior
2024-01-01,Продовольствие,2,seasonal_ratio,0.0,structural_prior
2024-01-01,Продовольствие,3,panel_shrink,0.5,structural_prior
2024-01-01,Продовольствие,3,seasonal_growth,0.0,structural_prior
2024-01-01,Продовольствие,3,ridge_panel,0.0,structural_prior
2024-01-01,Продовольствие,3,chronos_seasonal,0.0,structural_prior
2024-01-01,Продовольствие,3,catboost,0.0,structural_prior
2024-01-01,Продовольствие,3,lightgbm,0.0,structural_prior
2024-01-01,Продовольствие,3,pooled_yoy_damped,0.5,structural_prior
2024-01-01,Продовольствие,3,seasonal_ratio,0.0,structural_prior
2024-01-01,Продовольствие,4,panel_shrink,0.5,structural_prior
2024-01-01,Продовольствие,4,seasonal_growth,0.0,structural_prior
2024-01-01,Продовольствие,4,ridge_panel,0.0,structural_prior
2024-01-01,Продовольствие,4,chronos_seasonal,0.0,structural_prior
2024-01-01,Продовольствие,4,catboost,0.0,structural_prior
2024-01-01,Продовольствие,4,lightgbm,0.0,structural_prior
2024-01-01,Продовольствие,4,pooled_yoy_damped,0.5,structural_prior
2024-01-01,Продовольствие,4,seasonal_ratio,0.0,structural_prior
2024-01-01,Продовольствие,5,panel_shrink,0.5,structural_prior
2024-01-01,Продовольствие,5,seasonal_growth,0.0,structural_prior
2024-01-01,Продовольствие,5,ridge_panel,0.0,structural_prior
2024-01-01,Продовольствие,5,chronos_seasonal,0.0,structural_prior
2024-01-01,Продовольствие,5,catboost,0.0,structural_prior
2024-01-01,Продовольствие,5,lightgbm,0.0,structural_prior
2024-01-01,Продовольствие,5,pooled_yoy_damped,0.5,structural_prior
2024-01-01,Продовольствие,5,seasonal_ratio,0.0,structural_prior
2024-01-01,Продовольствие,6,panel_shrink,0.5,structural_prior
2024-01-01,Продовольствие,6,seasonal_growth,0.0,structural_prior
2024-01-01,Продовольствие,6,ridge_panel,0.0,structural_prior
2024-01-01,Продовольствие,6,chronos_seasonal,0.0,structural_prior
2024-01-01,Продовольствие,6,catboost,0.0,structural_prior
2024-01-01,Продовольствие,6,lightgbm,0.0,structural_prior
2024-01-01,Продовольствие,6,pooled_yoy_damped,0.5,structural_prior
2024-01-01,Продовольствие,6,seasonal_ratio,0.0,structural_prior
2024-01-01,Продовольствие,7,panel_shrink,0.5,structural_prior
2024-01-01,Продовольствие,7,seasonal_growth,0.0,structural_prior
2024-01-01,Продовольствие,7,ridge_panel,0.0,structural_prior
2024-01-01,Продовольствие,7,chronos_seasonal,0.0,structural_prior
2024-01-01,Продовольствие,7,catboost,0.0,structural_prior
2024-01-01,Продовольствие,7,lightgbm,0.0,structural_prior
2024-01-01,Продовольствие,7,pooled_yoy_damped,0.5,structural_prior
2024-01-01,Продовольствие,7,seasonal_ratio,0.0,structural_prior
2024-01-01,Продовольствие,8,panel_shrink,0.5,structural_prior
2024-01-01,Продовольствие,8,seasonal_growth,0.0,structural_prior
2024-01-01,Продовольствие,8,ridge_panel,0.0,structural_prior
2024-01-01,Продовольствие,8,chronos_seasonal,0.0,structural_prior
2024-01-01,Продовольствие,8,catboost,0.0,structural_prior
2024-01-01,Продовольствие,8,lightgbm,0.0,structural_prior
2024-01-01,Продовольствие,8,pooled_yoy_damped,0.5,structural_prior
2024-01-01,Продовольствие,8,seasonal_ratio,0.0,structural_prior
2024-01-01,Продовольствие,9,panel_shrink,0.5,structural_prior
2024-01-01,Продовольствие,9,seasonal_growth,0.0,structural_prior
2024-01-01,Продовольствие,9,ridge_panel,0.0,structural_prior
2024-01-01,Продовольствие,9,chronos_seasonal,0.0,structural_prior
2024-01-01,Продовольствие,9,catboost,0.0,structural_prior
2024-01-01,Продовольствие,9,lightgbm,0.0,structural_prior
2024-01-01,Продовольствие,9,pooled_yoy_damped,0.5,structural_prior
2024-01-01,Продовольствие,9,seasonal_ratio,0.0,structural_prior
2024-01-01,Продовольствие,10,panel_shrink,0.5,structural_prior
2024-01-01,Продовольствие,10,seasonal_growth,0.0,structural_prior
2024-01-01,Продовольствие,10,ridge_panel,0.0,structural_prior
2024-01-01,Продовольствие,10,chronos_seasonal,0.0,structural_prior
2024-01-01,Продовольствие,10,catboost,0.0,structural_prior
2024-01-01,Продовольствие,10,lightgbm,0.0,structural_prior
2024-01-01,Продовольствие,10,pooled_yoy_damped,0.5,structural_prior
2024-01-01,Продовольствие,10,seasonal_ratio,0.0,structural_prior
2024-01-01,Продовольствие,11,panel_shrink,0.5,structural_prior
2024-01-01,Продовольствие,11,seasonal_growth,0.0,structural_prior
2024-01-01,Продовольствие,11,ridge_panel,0.0,structural_prior
2024-01-01,Продовольствие,11,chronos_seasonal,0.0,structural_prior
2024-01-01,Продовольствие,11,catboost,0.0,structural_prior
2024-01-01,Продовольствие,11,lightgbm,0.0,structural_prior
2024-01-01,Продовольствие,11,pooled_yoy_damped,0.5,structural_prior
2024-01-01,Продовольствие,11,seasonal_ratio,0.0,structural_prior
2024-01-01,Транспорт,1,panel_shrink,0.5,structural_prior
2024-01-01,Транспорт,1,seasonal_growth,0.0,structural_prior
2024-01-01,Транспорт,1,ridge_panel,0.0,structural_prior
2024-01-01,Транспорт,1,chronos_seasonal,0.0,structural_prior
2024-01-01,Транспорт,1,catboost,0.0,structural_prior
2024-01-01,Транспорт,1,lightgbm,0.0,structural_prior
2024-01-01,Транспорт,1,pooled_yoy_damped,0.5,structural_prior
2024-01-01,Транспорт,1,seasonal_ratio,0.0,structural_prior
2024-01-01,Транспорт,2,panel_shrink,0.5,structural_prior
2024-01-01,Транспорт,2,seasonal_growth,0.0,structural_prior
2024-01-01,Транспорт,2,ridge_panel,0.0,structural_prior
2024-01-01,Транспорт,2,chronos_seasonal,0.0,structural_prior
2024-01-01,Транспорт,2,catboost,0.0,structural_prior
2024-01-01,Транспорт,2,lightgbm,0.0,structural_prior
2024-01-01,Транспорт,2,pooled_yoy_damped,0.5,structural_prior
2024-01-01,Транспорт,2,seasonal_ratio,0.0,structural_prior
2024-01-01,Транспорт,3,panel_shrink,0.5,structural_prior
2024-01-01,Транспорт,3,seasonal_growth,0.0,structural_prior
2024-01-01,Транспорт,3,ridge_panel,0.0,structural_prior
2024-01-01,Транспорт,3,chronos_seasonal,0.0,structural_prior
2024-01-01,Транспорт,3,catboost,0.0,structural_prior
2024-01-01,Транспорт,3,lightgbm,0.0,structural_prior
2024-01-01,Транспорт,3,pooled_yoy_damped,0.5,structural_prior
2024-01-01,Транспорт,3,seasonal_ratio,0.0,structural_prior
2024-01-01,Транспорт,4,panel_shrink,0.5,structural_prior
2024-01-01,Транспорт,4,seasonal_growth,0.0,structural_prior
2024-01-01,Транспорт,4,ridge_panel,0.0,structural_prior
2024-01-01,Транспорт,4,chronos_seasonal,0.0,structural_prior
2024-01-01,Транспорт,4,catboost,0.0,structural_prior
2024-01-01,Транспорт,4,lightgbm,0.0,structural_prior
2024-01-01,Транспорт,4,pooled_yoy_damped,0.5,structural_prior
2024-01-01,Транспорт,4,seasonal_ratio,0.0,structural_prior
2024-01-01,Транспорт,5,panel_shrink,0.5,structural_prior
2024-01-01,Транспорт,5,seasonal_growth,0.0,structural_prior
2024-01-01,Транспорт,5,ridge_panel,0.0,structural_prior
2024-01-01,Транспорт,5,chronos_seasonal,0.0,structural_prior
2024-01-01,Транспорт,5,catboost,0.0,structural_prior
2024-01-01,Транспорт,5,lightgbm,0.0,structural_prior
2024-01-01,Транспорт,5,pooled_yoy_damped,0.5,structural_prior
2024-01-01,Транспорт,5,seasonal_ratio,0.0,structural_prior
2024-01-01,Транспорт,6,panel_shrink,0.5,structural_prior
2024-01-01,Транспорт,6,seasonal_growth,0.0,structural_prior
2024-01-01,Транспорт,6,ridge_panel,0.0,structural_prior
2024-01-01,Транспорт,6,chronos_seasonal,0.0,structural_prior
2024-01-01,Транспорт,6,catboost,0.0,structural_prior
2024-01-01,Транспорт,6,lightgbm,0.0,structural_prior
2024-01-01,Транспорт,6,pooled_yoy_damped,0.5,structural_prior
2024-01-01,Транспорт,6,seasonal_ratio,0.0,structural_prior
2024-01-01,Транспорт,7,panel_shrink,0.5,structural_prior
2024-01-01,Транспорт,7,seasonal_growth,0.0,structural_prior
2024-01-01,Транспорт,7,ridge_panel,0.0,structural_prior
2024-01-01,Транспорт,7,chronos_seasonal,0.0,structural_prior
2024-01-01,Транспорт,7,catboost,0.0,structural_prior
2024-01-01,Транспорт,7,lightgbm,0.0,structural_prior
2024-01-01,Транспорт,7,pooled_yoy_damped,0.5,structural_prior
2024-01-01,Транспорт,7,seasonal_ratio,0.0,structural_prior
2024-01-01,Транспорт,8,panel_shrink,0.5,structural_prior
2024-01-01,Транспорт,8,seasonal_growth,0.0,structural_prior
2024-01-01,Транспорт,8,ridge_panel,0.0,structural_prior
2024-01-01,Транспорт,8,chronos_seasonal,0.0,structural_prior
2024-01-01,Транспорт,8,catboost,0.0,structural_prior
2024-01-01,Транспорт,8,lightgbm,0.0,structural_prior
2024-01-01,Транспорт,8,pooled_yoy_damped,0.5,structural_prior
2024-01-01,Транспорт,8,seasonal_ratio,0.0,structural_prior
2024-01-01,Транспорт,9,panel_shrink,0.5,structural_prior
2024-01-01,Транспорт,9,seasonal_growth,0.0,structural_prior
2024-01-01,Транспорт,9,ridge_panel,0.0,structural_prior
2024-01-01,Транспорт,9,chronos_seasonal,0.0,structural_prior
2024-01-01,Транспорт,9,catboost,0.0,structural_prior
2024-01-01,Транспорт,9,lightgbm,0.0,structural_prior
2024-01-01,Транспорт,9,pooled_yoy_damped,0.5,structural_prior
2024-01-01,Транспорт,9,seasonal_ratio,0.0,structural_prior
2024-01-01,Транспорт,10,panel_shrink,0.5,structural_prior
2024-01-01,Транспорт,10,seasonal_growth,0.0,structural_prior
2024-01-01,Транспорт,10,ridge_panel,0.0,structural_prior
2024-01-01,Транспорт,10,chronos_seasonal,0.0,structural_prior
2024-01-01,Транспорт,10,catboost,0.0,structural_prior
2024-01-01,Транспорт,10,lightgbm,0.0,structural_prior
2024-01-01,Транспорт,10,pooled_yoy_damped,0.5,structural_prior
2024-01-01,Транспорт,10,seasonal_ratio,0.0,structural_prior
2024-01-01,Транспорт,11,panel_shrink,0.5,structural_prior
2024-01-01,Транспорт,11,seasonal_growth,0.0,structural_prior
2024-01-01,Транспорт,11,ridge_panel,0.0,structural_prior
2024-01-01,Транспорт,11,chronos_seasonal,0.0,structural_prior
2024-01-01,Транспорт,11,catboost,0.0,structural_prior
2024-01-01,Транспорт,11,lightgbm,0.0,structural_prior
2024-01-01,Транспорт,11,pooled_yoy_damped,0.5,structural_prior
2024-01-01,Транспорт,11,seasonal_ratio,0.0,structural_prior
2024-02-01,Все категории,1,panel_shrink,0.5,structural_prior
2024-02-01,Все категории,1,seasonal_growth,0.0,structural_prior
2024-02-01,Все категории,1,ridge_panel,0.0,structural_prior
2024-02-01,Все категории,1,chronos_seasonal,0.0,structural_prior
2024-02-01,Все категории,1,catboost,0.0,structural_prior
2024-02-01,Все категории,1,lightgbm,0.0,structural_prior
2024-02-01,Все категории,1,pooled_yoy_damped,0.5,structural_prior
2024-02-01,Все категории,1,seasonal_ratio,0.0,structural_prior
2024-02-01,Все категории,2,panel_shrink,0.5,structural_prior
2024-02-01,Все категории,2,seasonal_growth,0.0,structural_prior
2024-02-01,Все категории,2,ridge_panel,0.0,structural_prior
2024-02-01,Все категории,2,chronos_seasonal,0.0,structural_prior
2024-02-01,Все категории,2,catboost,0.0,structural_prior
2024-02-01,Все категории,2,lightgbm,0.0,structural_prior
2024-02-01,Все категории,2,pooled_yoy_damped,0.5,structural_prior
2024-02-01,Все категории,2,seasonal_ratio,0.0,structural_prior
2024-02-01,Все категории,3,panel_shrink,0.5,structural_prior
2024-02-01,Все категории,3,seasonal_growth,0.0,structural_prior
2024-02-01,Все категории,3,ridge_panel,0.0,structural_prior
2024-02-01,Все категории,3,chronos_seasonal,0.0,structural_prior
2024-02-01,Все категории,3,catboost,0.0,structural_prior
2024-02-01,Все категории,3,lightgbm,0.0,structural_prior
2024-02-01,Все категории,3,pooled_yoy_damped,0.5,structural_prior
2024-02-01,Все категории,3,seasonal_ratio,0.0,structural_prior
2024-02-01,Все категории,4,panel_shrink,0.5,structural_prior
2024-02-01,Все категории,4,seasonal_growth,0.0,structural_prior
2024-02-01,Все категории,4,ridge_panel,0.0,structural_prior
2024-02-01,Все категории,4,chronos_seasonal,0.0,structural_prior
2024-02-01,Все категории,4,catboost,0.0,structural_prior
2024-02-01,Все категории,4,lightgbm,0.0,structural_prior
2024-02-01,Все категории,4,pooled_yoy_damped,0.5,structural_prior
2024-02-01,Все категории,4,seasonal_ratio,0.0,structural_prior
2024-02-01,Все категории,5,panel_shrink,0.5,structural_prior
2024-02-01,Все категории,5,seasonal_growth,0.0,structural_prior
2024-02-01,Все категории,5,ridge_panel,0.0,structural_prior
2024-02-01,Все категории,5,chronos_seasonal,0.0,structural_prior
2024-02-01,Все категории,5,catboost,0.0,structural_prior
2024-02-01,Все категории,5,lightgbm,0.0,structural_prior
2024-02-01,Все категории,5,pooled_yoy_damped,0.5,structural_prior
2024-02-01,Все категории,5,seasonal_ratio,0.0,structural_prior
2024-02-01,Все категории,6,panel_shrink,0.5,structural_prior
2024-02-01,Все категории,6,seasonal_growth,0.0,structural_prior
2024-02-01,Все категории,6,ridge_panel,0.0,structural_prior
2024-02-01,Все категории,6,chronos_seasonal,0.0,structural_prior
2024-02-01,Все категории,6,catboost,0.0,structural_prior
2024-02-01,Все категории,6,lightgbm,0.0,structural_prior
2024-02-01,Все категории,6,pooled_yoy_damped,0.5,structural_prior
2024-02-01,Все категории,6,seasonal_ratio,0.0,structural_prior
2024-02-01,Все категории,7,panel_shrink,0.5,structural_prior
2024-02-01,Все категории,7,seasonal_growth,0.0,structural_prior
2024-02-01,Все категории,7,ridge_panel,0.0,structural_prior
2024-02-01,Все категории,7,chronos_seasonal,0.0,structural_prior
2024-02-01,Все категории,7,catboost,0.0,structural_prior
2024-02-01,Все категории,7,lightgbm,0.0,structural_prior
2024-02-01,Все категории,7,pooled_yoy_damped,0.5,structural_prior
2024-02-01,Все категории,7,seasonal_ratio,0.0,structural_prior
2024-02-01,Все категории,8,panel_shrink,0.5,structural_prior
2024-02-01,Все категории,8,seasonal_growth,0.0,structural_prior
2024-02-01,Все категории,8,ridge_panel,0.0,structural_prior
2024-02-01,Все категории,8,chronos_seasonal,0.0,structural_prior
2024-02-01,Все категории,8,catboost,0.0,structural_prior
2024-02-01,Все категории,8,lightgbm,0.0,structural_prior
2024-02-01,Все категории,8,pooled_yoy_damped,0.5,structural_prior
2024-02-01,Все категории,8,seasonal_ratio,0.0,structural_prior
2024-02-01,Все категории,9,panel_shrink,0.5,structural_prior
2024-02-01,Все категории,9,seasonal_growth,0.0,structural_prior
2024-02-01,Все категории,9,ridge_panel,0.0,structural_prior
2024-02-01,Все категории,9,chronos_seasonal,0.0,structural_prior
2024-02-01,Все категории,9,catboost,0.0,structural_prior
2024-02-01,Все категории,9,lightgbm,0.0,structural_prior
2024-02-01,Все категории,9,pooled_yoy_damped,0.5,structural_prior
2024-02-01,Все категории,9,seasonal_ratio,0.0,structural_prior
2024-02-01,Все категории,10,panel_shrink,0.5,structural_prior
2024-02-01,Все категории,10,seasonal_growth,0.0,structural_prior
2024-02-01,Все категории,10,ridge_panel,0.0,structural_prior
2024-02-01,Все категории,10,chronos_seasonal,0.0,structural_prior
2024-02-01,Все категории,10,catboost,0.0,structural_prior
2024-02-01,Все категории,10,lightgbm,0.0,structural_prior
2024-02-01,Все категории,10,pooled_yoy_damped,0.5,structural_prior
2024-02-01,Все категории,10,seasonal_ratio,0.0,structural_prior
2024-02-01,Здоровье,1,panel_shrink,0.5,structural_prior
2024-02-01,Здоровье,1,seasonal_growth,0.0,structural_prior
2024-02-01,Здоровье,1,ridge_panel,0.0,structural_prior
2024-02-01,Здоровье,1,chronos_seasonal,0.0,structural_prior
2024-02-01,Здоровье,1,catboost,0.0,structural_prior
2024-02-01,Здоровье,1,lightgbm,0.0,structural_prior
2024-02-01,Здоровье,1,pooled_yoy_damped,0.5,structural_prior
2024-02-01,Здоровье,1,seasonal_ratio,0.0,structural_prior
2024-02-01,Здоровье,2,panel_shrink,0.5,structural_prior
2024-02-01,Здоровье,2,seasonal_growth,0.0,structural_prior
2024-02-01,Здоровье,2,ridge_panel,0.0,structural_prior
2024-02-01,Здоровье,2,chronos_seasonal,0.0,structural_prior
2024-02-01,Здоровье,2,catboost,0.0,structural_prior
2024-02-01,Здоровье,2,lightgbm,0.0,structural_prior
2024-02-01,Здоровье,2,pooled_yoy_damped,0.5,structural_prior
2024-02-01,Здоровье,2,seasonal_ratio,0.0,structural_prior
2024-02-01,Здоровье,3,panel_shrink,0.5,structural_prior
2024-02-01,Здоровье,3,seasonal_growth,0.0,structural_prior
2024-02-01,Здоровье,3,ridge_panel,0.0,structural_prior
2024-02-01,Здоровье,3,chronos_seasonal,0.0,structural_prior
2024-02-01,Здоровье,3,catboost,0.0,structural_prior
2024-02-01,Здоровье,3,lightgbm,0.0,structural_prior
2024-02-01,Здоровье,3,pooled_yoy_damped,0.5,structural_prior
2024-02-01,Здоровье,3,seasonal_ratio,0.0,structural_prior
2024-02-01,Здоровье,4,panel_shrink,0.5,structural_prior
2024-02-01,Здоровье,4,seasonal_growth,0.0,structural_prior
2024-02-01,Здоровье,4,ridge_panel,0.0,structural_prior
2024-02-01,Здоровье,4,chronos_seasonal,0.0,structural_prior
2024-02-01,Здоровье,4,catboost,0.0,structural_prior
2024-02-01,Здоровье,4,lightgbm,0.0,structural_prior
2024-02-01,Здоровье,4,pooled_yoy_damped,0.5,structural_prior
2024-02-01,Здоровье,4,seasonal_ratio,0.0,structural_prior
2024-02-01,Здоровье,5,panel_shrink,0.5,structural_prior
2024-02-01,Здоровье,5,seasonal_growth,0.0,structural_prior
2024-02-01,Здоровье,5,ridge_panel,0.0,structural_prior
2024-02-01,Здоровье,5,chronos_seasonal,0.0,structural_prior
2024-02-01,Здоровье,5,catboost,0.0,structural_prior
2024-02-01,Здоровье,5,lightgbm,0.0,structural_prior
2024-02-01,Здоровье,5,pooled_yoy_damped,0.5,structural_prior
2024-02-01,Здоровье,5,seasonal_ratio,0.0,structural_prior
2024-02-01,Здоровье,6,panel_shrink,0.5,structural_prior
2024-02-01,Здоровье,6,seasonal_growth,0.0,structural_prior
2024-02-01,Здоровье,6,ridge_panel,0.0,structural_prior
2024-02-01,Здоровье,6,chronos_seasonal,0.0,structural_prior
2024-02-01,Здоровье,6,catboost,0.0,structural_prior
2024-02-01,Здоровье,6,lightgbm,0.0,structural_prior
2024-02-01,Здоровье,6,pooled_yoy_damped,0.5,structural_prior
2024-02-01,Здоровье,6,seasonal_ratio,0.0,structural_prior
2024-02-01,Здоровье,7,panel_shrink,0.5,structural_prior
2024-02-01,Здоровье,7,seasonal_growth,0.0,structural_prior
2024-02-01,Здоровье,7,ridge_panel,0.0,structural_prior
2024-02-01,Здоровье,7,chronos_seasonal,0.0,structural_prior
2024-02-01,Здоровье,7,catboost,0.0,structural_prior
2024-02-01,Здоровье,7,lightgbm,0.0,structural_prior
2024-02-01,Здоровье,7,pooled_yoy_damped,0.5,structural_prior
2024-02-01,Здоровье,7,seasonal_ratio,0.0,structural_prior
2024-02-01,Здоровье,8,panel_shrink,0.5,structural_prior
2024-02-01,Здоровье,8,seasonal_growth,0.0,structural_prior
2024-02-01,Здоровье,8,ridge_panel,0.0,structural_prior
2024-02-01,Здоровье,8,chronos_seasonal,0.0,structural_prior
2024-02-01,Здоровье,8,catboost,0.0,structural_prior
2024-02-01,Здоровье,8,lightgbm,0.0,structural_prior
2024-02-01,Здоровье,8,pooled_yoy_damped,0.5,structural_prior
2024-02-01,Здоровье,8,seasonal_ratio,0.0,structural_prior
2024-02-01,Здоровье,9,panel_shrink,0.5,structural_prior
2024-02-01,Здоровье,9,seasonal_growth,0.0,structural_prior
2024-02-01,Здоровье,9,ridge_panel,0.0,structural_prior
2024-02-01,Здоровье,9,chronos_seasonal,0.0,structural_prior
2024-02-01,Здоровье,9,catboost,0.0,structural_prior
2024-02-01,Здоровье,9,lightgbm,0.0,structural_prior
2024-02-01,Здоровье,9,pooled_yoy_damped,0.5,structural_prior
2024-02-01,Здоровье,9,seasonal_ratio,0.0,structural_prior
2024-02-01,Здоровье,10,panel_shrink,0.5,structural_prior
2024-02-01,Здоровье,10,seasonal_growth,0.0,structural_prior
2024-02-01,Здоровье,10,ridge_panel,0.0,structural_prior
2024-02-01,Здоровье,10,chronos_seasonal,0.0,structural_prior
2024-02-01,Здоровье,10,catboost,0.0,structural_prior
2024-02-01,Здоровье,10,lightgbm,0.0,structural_prior
2024-02-01,Здоровье,10,pooled_yoy_damped,0.5,structural_prior
2024-02-01,Здоровье,10,seasonal_ratio,0.0,structural_prior
2024-02-01,Маркетплейсы,1,panel_shrink,0.5,structural_prior
2024-02-01,Маркетплейсы,1,seasonal_growth,0.0,structural_prior
2024-02-01,Маркетплейсы,1,ridge_panel,0.0,structural_prior
2024-02-01,Маркетплейсы,1,chronos_seasonal,0.0,structural_prior
2024-02-01,Маркетплейсы,1,catboost,0.0,structural_prior
2024-02-01,Маркетплейсы,1,lightgbm,0.0,structural_prior
2024-02-01,Маркетплейсы,1,pooled_yoy_damped,0.5,structural_prior
2024-02-01,Маркетплейсы,1,seasonal_ratio,0.0,structural_prior
2024-02-01,Маркетплейсы,2,panel_shrink,0.5,structural_prior
2024-02-01,Маркетплейсы,2,seasonal_growth,0.0,structural_prior
2024-02-01,Маркетплейсы,2,ridge_panel,0.0,structural_prior
2024-02-01,Маркетплейсы,2,chronos_seasonal,0.0,structural_prior
2024-02-01,Маркетплейсы,2,catboost,0.0,structural_prior
2024-02-01,Маркетплейсы,2,lightgbm,0.0,structural_prior
2024-02-01,Маркетплейсы,2,pooled_yoy_damped,0.5,structural_prior
2024-02-01,Маркетплейсы,2,seasonal_ratio,0.0,structural_prior
2024-02-01,Маркетплейсы,3,panel_shrink,0.5,structural_prior
2024-02-01,Маркетплейсы,3,seasonal_growth,0.0,structural_prior
2024-02-01,Маркетплейсы,3,ridge_panel,0.0,structural_prior
2024-02-01,Маркетплейсы,3,chronos_seasonal,0.0,structural_prior
2024-02-01,Маркетплейсы,3,catboost,0.0,structural_prior
2024-02-01,Маркетплейсы,3,lightgbm,0.0,structural_prior
2024-02-01,Маркетплейсы,3,pooled_yoy_damped,0.5,structural_prior
2024-02-01,Маркетплейсы,3,seasonal_ratio,0.0,structural_prior
2024-02-01,Маркетплейсы,4,panel_shrink,0.5,structural_prior
2024-02-01,Маркетплейсы,4,seasonal_growth,0.0,structural_prior
2024-02-01,Маркетплейсы,4,ridge_panel,0.0,structural_prior
2024-02-01,Маркетплейсы,4,chronos_seasonal,0.0,structural_prior
2024-02-01,Маркетплейсы,4,catboost,0.0,structural_prior
2024-02-01,Маркетплейсы,4,lightgbm,0.0,structural_prior
2024-02-01,Маркетплейсы,4,pooled_yoy_damped,0.5,structural_prior
2024-02-01,Маркетплейсы,4,seasonal_ratio,0.0,structural_prior
2024-02-01,Маркетплейсы,5,panel_shrink,0.5,structural_prior
2024-02-01,Маркетплейсы,5,seasonal_growth,0.0,structural_prior
2024-02-01,Маркетплейсы,5,ridge_panel,0.0,structural_prior
2024-02-01,Маркетплейсы,5,chronos_seasonal,0.0,structural_prior
2024-02-01,Маркетплейсы,5,catboost,0.0,structural_prior
2024-02-01,Маркетплейсы,5,lightgbm,0.0,structural_prior
2024-02-01,Маркетплейсы,5,pooled_yoy_damped,0.5,structural_prior
2024-02-01,Маркетплейсы,5,seasonal_ratio,0.0,structural_prior
2024-02-01,Маркетплейсы,6,panel_shrink,0.5,structural_prior
2024-02-01,Маркетплейсы,6,seasonal_growth,0.0,structural_prior
2024-02-01,Маркетплейсы,6,ridge_panel,0.0,structural_prior
2024-02-01,Маркетплейсы,6,chronos_seasonal,0.0,structural_prior
2024-02-01,Маркетплейсы,6,catboost,0.0,structural_prior
2024-02-01,Маркетплейсы,6,lightgbm,0.0,structural_prior
2024-02-01,Маркетплейсы,6,pooled_yoy_damped,0.5,structural_prior
2024-02-01,Маркетплейсы,6,seasonal_ratio,0.0,structural_prior
2024-02-01,Маркетплейсы,7,panel_shrink,0.5,structural_prior
2024-02-01,Маркетплейсы,7,seasonal_growth,0.0,structural_prior
2024-02-01,Маркетплейсы,7,ridge_panel,0.0,structural_prior
2024-02-01,Маркетплейсы,7,chronos_seasonal,0.0,structural_prior
2024-02-01,Маркетплейсы,7,catboost,0.0,structural_prior
2024-02-01,Маркетплейсы,7,lightgbm,0.0,structural_prior
2024-02-01,Маркетплейсы,7,pooled_yoy_damped,0.5,structural_prior
2024-02-01,Маркетплейсы,7,seasonal_ratio,0.0,structural_prior
2024-02-01,Маркетплейсы,8,panel_shrink,0.5,structural_prior
2024-02-01,Маркетплейсы,8,seasonal_growth,0.0,structural_prior
2024-02-01,Маркетплейсы,8,ridge_panel,0.0,structural_prior
2024-02-01,Маркетплейсы,8,chronos_seasonal,0.0,structural_prior
2024-02-01,Маркетплейсы,8,catboost,0.0,structural_prior
2024-02-01,Маркетплейсы,8,lightgbm,0.0,structural_prior
2024-02-01,Маркетплейсы,8,pooled_yoy_damped,0.5,structural_prior
2024-02-01,Маркетплейсы,8,seasonal_ratio,0.0,structural_prior
2024-02-01,Маркетплейсы,9,panel_shrink,0.5,structural_prior
2024-02-01,Маркетплейсы,9,seasonal_growth,0.0,structural_prior
2024-02-01,Маркетплейсы,9,ridge_panel,0.0,structural_prior
2024-02-01,Маркетплейсы,9,chronos_seasonal,0.0,structural_prior
2024-02-01,Маркетплейсы,9,catboost,0.0,structural_prior
2024-02-01,Маркетплейсы,9,lightgbm,0.0,structural_prior
2024-02-01,Маркетплейсы,9,pooled_yoy_damped,0.5,structural_prior
2024-02-01,Маркетплейсы,9,seasonal_ratio,0.0,structural_prior
2024-02-01,Маркетплейсы,10,panel_shrink,0.5,structural_prior
2024-02-01,Маркетплейсы,10,seasonal_growth,0.0,structural_prior
2024-02-01,Маркетплейсы,10,ridge_panel,0.0,structural_prior
2024-02-01,Маркетплейсы,10,chronos_seasonal,0.0,structural_prior
2024-02-01,Маркетплейсы,10,catboost,0.0,structural_prior
2024-02-01,Маркетплейсы,10,lightgbm,0.0,structural_prior
2024-02-01,Маркетплейсы,10,pooled_yoy_damped,0.5,structural_prior
2024-02-01,Маркетплейсы,10,seasonal_ratio,0.0,structural_prior
2024-02-01,Общественное питание,1,panel_shrink,0.5,structural_prior
2024-02-01,Общественное питание,1,seasonal_growth,0.0,structural_prior
2024-02-01,Общественное питание,1,ridge_panel,0.0,structural_prior
2024-02-01,Общественное питание,1,chronos_seasonal,0.0,structural_prior
2024-02-01,Общественное питание,1,catboost,0.0,structural_prior
2024-02-01,Общественное питание,1,lightgbm,0.0,structural_prior
2024-02-01,Общественное питание,1,pooled_yoy_damped,0.5,structural_prior
2024-02-01,Общественное питание,1,seasonal_ratio,0.0,structural_prior
2024-02-01,Общественное питание,2,panel_shrink,0.5,structural_prior
2024-02-01,Общественное питание,2,seasonal_growth,0.0,structural_prior
2024-02-01,Общественное питание,2,ridge_panel,0.0,structural_prior
2024-02-01,Общественное питание,2,chronos_seasonal,0.0,structural_prior
2024-02-01,Общественное питание,2,catboost,0.0,structural_prior
2024-02-01,Общественное питание,2,lightgbm,0.0,structural_prior
2024-02-01,Общественное питание,2,pooled_yoy_damped,0.5,structural_prior
2024-02-01,Общественное питание,2,seasonal_ratio,0.0,structural_prior
2024-02-01,Общественное питание,3,panel_shrink,0.5,structural_prior
2024-02-01,Общественное питание,3,seasonal_growth,0.0,structural_prior
2024-02-01,Общественное питание,3,ridge_panel,0.0,structural_prior
2024-02-01,Общественное питание,3,chronos_seasonal,0.0,structural_prior
2024-02-01,Общественное питание,3,catboost,0.0,structural_prior
2024-02-01,Общественное питание,3,lightgbm,0.0,structural_prior
2024-02-01,Общественное питание,3,pooled_yoy_damped,0.5,structural_prior
2024-02-01,Общественное питание,3,seasonal_ratio,0.0,structural_prior
2024-02-01,Общественное питание,4,panel_shrink,0.5,structural_prior
2024-02-01,Общественное питание,4,seasonal_growth,0.0,structural_prior
2024-02-01,Общественное питание,4,ridge_panel,0.0,structural_prior
2024-02-01,Общественное питание,4,chronos_seasonal,0.0,structural_prior
2024-02-01,Общественное питание,4,catboost,0.0,structural_prior
2024-02-01,Общественное питание,4,lightgbm,0.0,structural_prior
2024-02-01,Общественное питание,4,pooled_yoy_damped,0.5,structural_prior
2024-02-01,Общественное питание,4,seasonal_ratio,0.0,structural_prior
2024-02-01,Общественное питание,5,panel_shrink,0.5,structural_prior
2024-02-01,Общественное питание,5,seasonal_growth,0.0,structural_prior
2024-02-01,Общественное питание,5,ridge_panel,0.0,structural_prior
2024-02-01,Общественное питание,5,chronos_seasonal,0.0,structural_prior
2024-02-01,Общественное питание,5,catboost,0.0,structural_prior
2024-02-01,Общественное питание,5,lightgbm,0.0,structural_prior
2024-02-01,Общественное питание,5,pooled_yoy_damped,0.5,structural_prior
2024-02-01,Общественное питание,5,seasonal_ratio,0.0,structural_prior
2024-02-01,Общественное питание,6,panel_shrink,0.5,structural_prior
2024-02-01,Общественное питание,6,seasonal_growth,0.0,structural_prior
2024-02-01,Общественное питание,6,ridge_panel,0.0,structural_prior
2024-02-01,Общественное питание,6,chronos_seasonal,0.0,structural_prior
2024-02-01,Общественное питание,6,catboost,0.0,structural_prior
2024-02-01,Общественное питание,6,lightgbm,0.0,structural_prior
2024-02-01,Общественное питание,6,pooled_yoy_damped,0.5,structural_prior
2024-02-01,Общественное питание,6,seasonal_ratio,0.0,structural_prior
2024-02-01,Общественное питание,7,panel_shrink,0.5,structural_prior
2024-02-01,Общественное питание,7,seasonal_growth,0.0,structural_prior
2024-02-01,Общественное питание,7,ridge_panel,0.0,structural_prior
2024-02-01,Общественное питание,7,chronos_seasonal,0.0,structural_prior
2024-02-01,Общественное питание,7,catboost,0.0,structural_prior
2024-02-01,Общественное питание,7,lightgbm,0.0,structural_prior
2024-02-01,Общественное питание,7,pooled_yoy_damped,0.5,structural_prior
2024-02-01,Общественное питание,7,seasonal_ratio,0.0,structural_prior
2024-02-01,Общественное питание,8,panel_shrink,0.5,structural_prior
2024-02-01,Общественное питание,8,seasonal_growth,0.0,structural_prior
2024-02-01,Общественное питание,8,ridge_panel,0.0,structural_prior
2024-02-01,Общественное питание,8,chronos_seasonal,0.0,structural_prior
2024-02-01,Общественное питание,8,catboost,0.0,structural_prior
2024-02-01,Общественное питание,8,lightgbm,0.0,structural_prior
2024-02-01,Общественное питание,8,pooled_yoy_damped,0.5,structural_prior
2024-02-01,Общественное питание,8,seasonal_ratio,0.0,structural_prior
2024-02-01,Общественное питание,9,panel_shrink,0.5,structural_prior
2024-02-01,Общественное питание,9,seasonal_growth,0.0,structural_prior
2024-02-01,Общественное питание,9,ridge_panel,0.0,structural_prior
2024-02-01,Общественное питание,9,chronos_seasonal,0.0,structural_prior
2024-02-01,Общественное питание,9,catboost,0.0,structural_prior
2024-02-01,Общественное питание,9,lightgbm,0.0,structural_prior
2024-02-01,Общественное питание,9,pooled_yoy_damped,0.5,structural_prior
2024-02-01,Общественное питание,9,seasonal_ratio,0.0,structural_prior
2024-02-01,Общественное питание,10,panel_shrink,0.5,structural_prior
2024-02-01,Общественное питание,10,seasonal_growth,0.0,structural_prior
2024-02-01,Общественное питание,10,ridge_panel,0.0,structural_prior
2024-02-01,Общественное питание,10,chronos_seasonal,0.0,structural_prior
2024-02-01,Общественное питание,10,catboost,0.0,structural_prior
2024-02-01,Общественное питание,10,lightgbm,0.0,structural_prior
2024-02-01,Общественное питание,10,pooled_yoy_damped,0.5,structural_prior
2024-02-01,Общественное питание,10,seasonal_ratio,0.0,structural_prior
2024-02-01,Продовольствие,1,panel_shrink,0.5,structural_prior
2024-02-01,Продовольствие,1,seasonal_growth,0.0,structural_prior
2024-02-01,Продовольствие,1,ridge_panel,0.0,structural_prior
2024-02-01,Продовольствие,1,chronos_seasonal,0.0,structural_prior
2024-02-01,Продовольствие,1,catboost,0.0,structural_prior
2024-02-01,Продовольствие,1,lightgbm,0.0,structural_prior
2024-02-01,Продовольствие,1,pooled_yoy_damped,0.5,structural_prior
2024-02-01,Продовольствие,1,seasonal_ratio,0.0,structural_prior
2024-02-01,Продовольствие,2,panel_shrink,0.5,structural_prior
2024-02-01,Продовольствие,2,seasonal_growth,0.0,structural_prior
2024-02-01,Продовольствие,2,ridge_panel,0.0,structural_prior
2024-02-01,Продовольствие,2,chronos_seasonal,0.0,structural_prior
2024-02-01,Продовольствие,2,catboost,0.0,structural_prior
2024-02-01,Продовольствие,2,lightgbm,0.0,structural_prior
2024-02-01,Продовольствие,2,pooled_yoy_damped,0.5,structural_prior
2024-02-01,Продовольствие,2,seasonal_ratio,0.0,structural_prior
2024-02-01,Продовольствие,3,panel_shrink,0.5,structural_prior
2024-02-01,Продовольствие,3,seasonal_growth,0.0,structural_prior
2024-02-01,Продовольствие,3,ridge_panel,0.0,structural_prior
2024-02-01,Продовольствие,3,chronos_seasonal,0.0,structural_prior
2024-02-01,Продовольствие,3,catboost,0.0,structural_prior
2024-02-01,Продовольствие,3,lightgbm,0.0,structural_prior
2024-02-01,Продовольствие,3,pooled_yoy_damped,0.5,structural_prior
2024-02-01,Продовольствие,3,seasonal_ratio,0.0,structural_prior
2024-02-01,Продовольствие,4,panel_shrink,0.5,structural_prior
2024-02-01,Продовольствие,4,seasonal_growth,0.0,structural_prior
2024-02-01,Продовольствие,4,ridge_panel,0.0,structural_prior
2024-02-01,Продовольствие,4,chronos_seasonal,0.0,structural_prior
2024-02-01,Продовольствие,4,catboost,0.0,structural_prior
2024-02-01,Продовольствие,4,lightgbm,0.0,structural_prior
2024-02-01,Продовольствие,4,pooled_yoy_damped,0.5,structural_prior
2024-02-01,Продовольствие,4,seasonal_ratio,0.0,structural_prior
2024-02-01,Продовольствие,5,panel_shrink,0.5,structural_prior
2024-02-01,Продовольствие,5,seasonal_growth,0.0,structural_prior
2024-02-01,Продовольствие,5,ridge_panel,0.0,structural_prior
2024-02-01,Продовольствие,5,chronos_seasonal,0.0,structural_prior
2024-02-01,Продовольствие,5,catboost,0.0,structural_prior
2024-02-01,Продовольствие,5,lightgbm,0.0,structural_prior
2024-02-01,Продовольствие,5,pooled_yoy_damped,0.5,structural_prior
2024-02-01,Продовольствие,5,seasonal_ratio,0.0,structural_prior
2024-02-01,Продовольствие,6,panel_shrink,0.5,structural_prior
2024-02-01,Продовольствие,6,seasonal_growth,0.0,structural_prior
2024-02-01,Продовольствие,6,ridge_panel,0.0,structural_prior
2024-02-01,Продовольствие,6,chronos_seasonal,0.0,structural_prior
2024-02-01,Продовольствие,6,catboost,0.0,structural_prior
2024-02-01,Продовольствие,6,lightgbm,0.0,structural_prior
2024-02-01,Продовольствие,6,pooled_yoy_damped,0.5,structural_prior
2024-02-01,Продовольствие,6,seasonal_ratio,0.0,structural_prior
2024-02-01,Продовольствие,7,panel_shrink,0.5,structural_prior
2024-02-01,Продовольствие,7,seasonal_growth,0.0,structural_prior
2024-02-01,Продовольствие,7,ridge_panel,0.0,structural_prior
2024-02-01,Продовольствие,7,chronos_seasonal,0.0,structural_prior
2024-02-01,Продовольствие,7,catboost,0.0,structural_prior
2024-02-01,Продовольствие,7,lightgbm,0.0,structural_prior
2024-02-01,Продовольствие,7,pooled_yoy_damped,0.5,structural_prior
2024-02-01,Продовольствие,7,seasonal_ratio,0.0,structural_prior
2024-02-01,Продовольствие,8,panel_shrink,0.5,structural_prior
2024-02-01,Продовольствие,8,seasonal_growth,0.0,structural_prior
2024-02-01,Продовольствие,8,ridge_panel,0.0,structural_prior
2024-02-01,Продовольствие,8,chronos_seasonal,0.0,structural_prior
2024-02-01,Продовольствие,8,catboost,0.0,structural_prior
2024-02-01,Продовольствие,8,lightgbm,0.0,structural_prior
2024-02-01,Продовольствие,8,pooled_yoy_damped,0.5,structural_prior
2024-02-01,Продовольствие,8,seasonal_ratio,0.0,structural_prior
2024-02-01,Продовольствие,9,panel_shrink,0.5,structural_prior
2024-02-01,Продовольствие,9,seasonal_growth,0.0,structural_prior
2024-02-01,Продовольствие,9,ridge_panel,0.0,structural_prior
2024-02-01,Продовольствие,9,chronos_seasonal,0.0,structural_prior
2024-02-01,Продовольствие,9,catboost,0.0,structural_prior
2024-02-01,Продовольствие,9,lightgbm,0.0,structural_prior
2024-02-01,Продовольствие,9,pooled_yoy_damped,0.5,structural_prior
2024-02-01,Продовольствие,9,seasonal_ratio,0.0,structural_prior
2024-02-01,Продовольствие,10,panel_shrink,0.5,structural_prior
2024-02-01,Продовольствие,10,seasonal_growth,0.0,structural_prior
2024-02-01,Продовольствие,10,ridge_panel,0.0,structural_prior
2024-02-01,Продовольствие,10,chronos_seasonal,0.0,structural_prior
2024-02-01,Продовольствие,10,catboost,0.0,structural_prior
2024-02-01,Продовольствие,10,lightgbm,0.0,structural_prior
2024-02-01,Продовольствие,10,pooled_yoy_damped,0.5,structural_prior
2024-02-01,Продовольствие,10,seasonal_ratio,0.0,structural_prior
2024-02-01,Транспорт,1,panel_shrink,0.5,structural_prior
2024-02-01,Транспорт,1,seasonal_growth,0.0,structural_prior
2024-02-01,Транспорт,1,ridge_panel,0.0,structural_prior
2024-02-01,Транспорт,1,chronos_seasonal,0.0,structural_prior
2024-02-01,Транспорт,1,catboost,0.0,structural_prior
2024-02-01,Транспорт,1,lightgbm,0.0,structural_prior
2024-02-01,Транспорт,1,pooled_yoy_damped,0.5,structural_prior
2024-02-01,Транспорт,1,seasonal_ratio,0.0,structural_prior
2024-02-01,Транспорт,2,panel_shrink,0.5,structural_prior
2024-02-01,Транспорт,2,seasonal_growth,0.0,structural_prior
2024-02-01,Транспорт,2,ridge_panel,0.0,structural_prior
2024-02-01,Транспорт,2,chronos_seasonal,0.0,structural_prior
2024-02-01,Транспорт,2,catboost,0.0,structural_prior
2024-02-01,Транспорт,2,lightgbm,0.0,structural_prior
2024-02-01,Транспорт,2,pooled_yoy_damped,0.5,structural_prior
2024-02-01,Транспорт,2,seasonal_ratio,0.0,structural_prior
2024-02-01,Транспорт,3,panel_shrink,0.5,structural_prior
2024-02-01,Транспорт,3,seasonal_growth,0.0,structural_prior
2024-02-01,Транспорт,3,ridge_panel,0.0,structural_prior
2024-02-01,Транспорт,3,chronos_seasonal,0.0,structural_prior
2024-02-01,Транспорт,3,catboost,0.0,structural_prior
2024-02-01,Транспорт,3,lightgbm,0.0,structural_prior
2024-02-01,Транспорт,3,pooled_yoy_damped,0.5,structural_prior
2024-02-01,Транспорт,3,seasonal_ratio,0.0,structural_prior
2024-02-01,Транспорт,4,panel_shrink,0.5,structural_prior
2024-02-01,Транспорт,4,seasonal_growth,0.0,structural_prior
2024-02-01,Транспорт,4,ridge_panel,0.0,structural_prior
2024-02-01,Транспорт,4,chronos_seasonal,0.0,structural_prior
2024-02-01,Транспорт,4,catboost,0.0,structural_prior
2024-02-01,Транспорт,4,lightgbm,0.0,structural_prior
2024-02-01,Транспорт,4,pooled_yoy_damped,0.5,structural_prior
2024-02-01,Транспорт,4,seasonal_ratio,0.0,structural_prior
2024-02-01,Транспорт,5,panel_shrink,0.5,structural_prior
2024-02-01,Транспорт,5,seasonal_growth,0.0,structural_prior
2024-02-01,Транспорт,5,ridge_panel,0.0,structural_prior
2024-02-01,Транспорт,5,chronos_seasonal,0.0,structural_prior
2024-02-01,Транспорт,5,catboost,0.0,structural_prior
2024-02-01,Транспорт,5,lightgbm,0.0,structural_prior
2024-02-01,Транспорт,5,pooled_yoy_damped,0.5,structural_prior
2024-02-01,Транспорт,5,seasonal_ratio,0.0,structural_prior
2024-02-01,Транспорт,6,panel_shrink,0.5,structural_prior
2024-02-01,Транспорт,6,seasonal_growth,0.0,structural_prior
2024-02-01,Транспорт,6,ridge_panel,0.0,structural_prior
2024-02-01,Транспорт,6,chronos_seasonal,0.0,structural_prior
2024-02-01,Транспорт,6,catboost,0.0,structural_prior
2024-02-01,Транспорт,6,lightgbm,0.0,structural_prior
2024-02-01,Транспорт,6,pooled_yoy_damped,0.5,structural_prior
2024-02-01,Транспорт,6,seasonal_ratio,0.0,structural_prior
2024-02-01,Транспорт,7,panel_shrink,0.5,structural_prior
2024-02-01,Транспорт,7,seasonal_growth,0.0,structural_prior
2024-02-01,Транспорт,7,ridge_panel,0.0,structural_prior
2024-02-01,Транспорт,7,chronos_seasonal,0.0,structural_prior
2024-02-01,Транспорт,7,catboost,0.0,structural_prior
2024-02-01,Транспорт,7,lightgbm,0.0,structural_prior
2024-02-01,Транспорт,7,pooled_yoy_damped,0.5,structural_prior
2024-02-01,Транспорт,7,seasonal_ratio,0.0,structural_prior
2024-02-01,Транспорт,8,panel_shrink,0.5,structural_prior
2024-02-01,Транспорт,8,seasonal_growth,0.0,structural_prior
2024-02-01,Транспорт,8,ridge_panel,0.0,structural_prior
2024-02-01,Транспорт,8,chronos_seasonal,0.0,structural_prior
2024-02-01,Транспорт,8,catboost,0.0,structural_prior
2024-02-01,Транспорт,8,lightgbm,0.0,structural_prior
2024-02-01,Транспорт,8,pooled_yoy_damped,0.5,structural_prior
2024-02-01,Транспорт,8,seasonal_ratio,0.0,structural_prior
2024-02-01,Транспорт,9,panel_shrink,0.5,structural_prior
2024-02-01,Транспорт,9,seasonal_growth,0.0,structural_prior
2024-02-01,Транспорт,9,ridge_panel,0.0,structural_prior
2024-02-01,Транспорт,9,chronos_seasonal,0.0,structural_prior
2024-02-01,Транспорт,9,catboost,0.0,structural_prior
2024-02-01,Транспорт,9,lightgbm,0.0,structural_prior
2024-02-01,Транспорт,9,pooled_yoy_damped,0.5,structural_prior
2024-02-01,Транспорт,9,seasonal_ratio,0.0,structural_prior
2024-02-01,Транспорт,10,panel_shrink,0.5,structural_prior
2024-02-01,Транспорт,10,seasonal_growth,0.0,structural_prior
2024-02-01,Транспорт,10,ridge_panel,0.0,structural_prior
2024-02-01,Транспорт,10,chronos_seasonal,0.0,structural_prior
2024-02-01,Транспорт,10,catboost,0.0,structural_prior
2024-02-01,Транспорт,10,lightgbm,0.0,structural_prior
2024-02-01,Транспорт,10,pooled_yoy_damped,0.5,structural_prior
2024-02-01,Транспорт,10,seasonal_ratio,0.0,structural_prior
2024-03-01,Все категории,1,panel_shrink,0.0,two_best_matured_recent_paired_mae
2024-03-01,Все категории,1,seasonal_growth,0.0,two_best_matured_recent_paired_mae
2024-03-01,Все категории,1,ridge_panel,0.0,two_best_matured_recent_paired_mae
2024-03-01,Все категории,1,chronos_seasonal,0.0,two_best_matured_recent_paired_mae
2024-03-01,Все категории,1,catboost,0.0,two_best_matured_recent_paired_mae
2024-03-01,Все категории,1,lightgbm,0.0,two_best_matured_recent_paired_mae
2024-03-01,Все категории,1,pooled_yoy_damped,0.3,two_best_matured_recent_paired_mae
2024-03-01,Все категории,1,seasonal_ratio,0.7,two_best_matured_recent_paired_mae
2024-03-01,Все категории,2,panel_shrink,0.5,structural_prior
2024-03-01,Все категории,2,seasonal_growth,0.0,structural_prior
2024-03-01,Все категории,2,ridge_panel,0.0,structural_prior
2024-03-01,Все категории,2,chronos_seasonal,0.0,structural_prior
2024-03-01,Все категории,2,catboost,0.0,structural_prior
2024-03-01,Все категории,2,lightgbm,0.0,structural_prior
2024-03-01,Все категории,2,pooled_yoy_damped,0.5,structural_prior
2024-03-01,Все категории,2,seasonal_ratio,0.0,structural_prior
2024-03-01,Все категории,3,panel_shrink,0.5,structural_prior
2024-03-01,Все категории,3,seasonal_growth,0.0,structural_prior
2024-03-01,Все категории,3,ridge_panel,0.0,structural_prior
2024-03-01,Все категории,3,chronos_seasonal,0.0,structural_prior
2024-03-01,Все категории,3,catboost,0.0,structural_prior
2024-03-01,Все категории,3,lightgbm,0.0,structural_prior
2024-03-01,Все категории,3,pooled_yoy_damped,0.5,structural_prior
2024-03-01,Все категории,3,seasonal_ratio,0.0,structural_prior
2024-03-01,Все категории,4,panel_shrink,0.5,structural_prior
2024-03-01,Все категории,4,seasonal_growth,0.0,structural_prior
2024-03-01,Все категории,4,ridge_panel,0.0,structural_prior
2024-03-01,Все категории,4,chronos_seasonal,0.0,structural_prior
2024-03-01,Все категории,4,catboost,0.0,structural_prior
2024-03-01,Все категории,4,lightgbm,0.0,structural_prior
2024-03-01,Все категории,4,pooled_yoy_damped,0.5,structural_prior
2024-03-01,Все категории,4,seasonal_ratio,0.0,structural_prior
2024-03-01,Все категории,5,panel_shrink,0.5,structural_prior
2024-03-01,Все категории,5,seasonal_growth,0.0,structural_prior
2024-03-01,Все категории,5,ridge_panel,0.0,structural_prior
2024-03-01,Все категории,5,chronos_seasonal,0.0,structural_prior
2024-03-01,Все категории,5,catboost,0.0,structural_prior
2024-03-01,Все категории,5,lightgbm,0.0,structural_prior
2024-03-01,Все категории,5,pooled_yoy_damped,0.5,structural_prior
2024-03-01,Все категории,5,seasonal_ratio,0.0,structural_prior
2024-03-01,Все категории,6,panel_shrink,0.5,structural_prior
2024-03-01,Все категории,6,seasonal_growth,0.0,structural_prior
2024-03-01,Все категории,6,ridge_panel,0.0,structural_prior
2024-03-01,Все категории,6,chronos_seasonal,0.0,structural_prior
2024-03-01,Все категории,6,catboost,0.0,structural_prior
2024-03-01,Все категории,6,lightgbm,0.0,structural_prior
2024-03-01,Все категории,6,pooled_yoy_damped,0.5,structural_prior
2024-03-01,Все категории,6,seasonal_ratio,0.0,structural_prior
2024-03-01,Все категории,7,panel_shrink,0.5,structural_prior
2024-03-01,Все категории,7,seasonal_growth,0.0,structural_prior
2024-03-01,Все категории,7,ridge_panel,0.0,structural_prior
2024-03-01,Все категории,7,chronos_seasonal,0.0,structural_prior
2024-03-01,Все категории,7,catboost,0.0,structural_prior
2024-03-01,Все категории,7,lightgbm,0.0,structural_prior
2024-03-01,Все категории,7,pooled_yoy_damped,0.5,structural_prior
2024-03-01,Все категории,7,seasonal_ratio,0.0,structural_prior
2024-03-01,Все категории,8,panel_shrink,0.5,structural_prior
2024-03-01,Все категории,8,seasonal_growth,0.0,structural_prior
2024-03-01,Все категории,8,ridge_panel,0.0,structural_prior
2024-03-01,Все категории,8,chronos_seasonal,0.0,structural_prior
2024-03-01,Все категории,8,catboost,0.0,structural_prior
2024-03-01,Все категории,8,lightgbm,0.0,structural_prior
2024-03-01,Все категории,8,pooled_yoy_damped,0.5,structural_prior
2024-03-01,Все категории,8,seasonal_ratio,0.0,structural_prior
2024-03-01,Все категории,9,panel_shrink,0.5,structural_prior
2024-03-01,Все категории,9,seasonal_growth,0.0,structural_prior
2024-03-01,Все категории,9,ridge_panel,0.0,structural_prior
2024-03-01,Все категории,9,chronos_seasonal,0.0,structural_prior
2024-03-01,Все категории,9,catboost,0.0,structural_prior
2024-03-01,Все категории,9,lightgbm,0.0,structural_prior
2024-03-01,Все категории,9,pooled_yoy_damped,0.5,structural_prior
2024-03-01,Все категории,9,seasonal_ratio,0.0,structural_prior
2024-03-01,Здоровье,1,panel_shrink,0.0,two_best_matured_recent_paired_mae
2024-03-01,Здоровье,1,seasonal_growth,0.0,two_best_matured_recent_paired_mae
2024-03-01,Здоровье,1,ridge_panel,0.7,two_best_matured_recent_paired_mae
2024-03-01,Здоровье,1,chronos_seasonal,0.3,two_best_matured_recent_paired_mae
2024-03-01,Здоровье,1,catboost,0.0,two_best_matured_recent_paired_mae
2024-03-01,Здоровье,1,lightgbm,0.0,two_best_matured_recent_paired_mae
2024-03-01,Здоровье,1,pooled_yoy_damped,0.0,two_best_matured_recent_paired_mae
2024-03-01,Здоровье,1,seasonal_ratio,0.0,two_best_matured_recent_paired_mae
2024-03-01,Здоровье,2,panel_shrink,0.5,structural_prior
2024-03-01,Здоровье,2,seasonal_growth,0.0,structural_prior
2024-03-01,Здоровье,2,ridge_panel,0.0,structural_prior
2024-03-01,Здоровье,2,chronos_seasonal,0.0,structural_prior
2024-03-01,Здоровье,2,catboost,0.0,structural_prior
2024-03-01,Здоровье,2,lightgbm,0.0,structural_prior
2024-03-01,Здоровье,2,pooled_yoy_damped,0.5,structural_prior
2024-03-01,Здоровье,2,seasonal_ratio,0.0,structural_prior
2024-03-01,Здоровье,3,panel_shrink,0.5,structural_prior
2024-03-01,Здоровье,3,seasonal_growth,0.0,structural_prior
2024-03-01,Здоровье,3,ridge_panel,0.0,structural_prior
2024-03-01,Здоровье,3,chronos_seasonal,0.0,structural_prior
2024-03-01,Здоровье,3,catboost,0.0,structural_prior
2024-03-01,Здоровье,3,lightgbm,0.0,structural_prior
2024-03-01,Здоровье,3,pooled_yoy_damped,0.5,structural_prior
2024-03-01,Здоровье,3,seasonal_ratio,0.0,structural_prior
2024-03-01,Здоровье,4,panel_shrink,0.5,structural_prior
2024-03-01,Здоровье,4,seasonal_growth,0.0,structural_prior
2024-03-01,Здоровье,4,ridge_panel,0.0,structural_prior
2024-03-01,Здоровье,4,chronos_seasonal,0.0,structural_prior
2024-03-01,Здоровье,4,catboost,0.0,structural_prior
2024-03-01,Здоровье,4,lightgbm,0.0,structural_prior
2024-03-01,Здоровье,4,pooled_yoy_damped,0.5,structural_prior
2024-03-01,Здоровье,4,seasonal_ratio,0.0,structural_prior
2024-03-01,Здоровье,5,panel_shrink,0.5,structural_prior
2024-03-01,Здоровье,5,seasonal_growth,0.0,structural_prior
2024-03-01,Здоровье,5,ridge_panel,0.0,structural_prior
2024-03-01,Здоровье,5,chronos_seasonal,0.0,structural_prior
2024-03-01,Здоровье,5,catboost,0.0,structural_prior
2024-03-01,Здоровье,5,lightgbm,0.0,structural_prior
2024-03-01,Здоровье,5,pooled_yoy_damped,0.5,structural_prior
2024-03-01,Здоровье,5,seasonal_ratio,0.0,structural_prior
2024-03-01,Здоровье,6,panel_shrink,0.5,structural_prior
2024-03-01,Здоровье,6,seasonal_growth,0.0,structural_prior
2024-03-01,Здоровье,6,ridge_panel,0.0,structural_prior
2024-03-01,Здоровье,6,chronos_seasonal,0.0,structural_prior
2024-03-01,Здоровье,6,catboost,0.0,structural_prior
2024-03-01,Здоровье,6,lightgbm,0.0,structural_prior
2024-03-01,Здоровье,6,pooled_yoy_damped,0.5,structural_prior
2024-03-01,Здоровье,6,seasonal_ratio,0.0,structural_prior
2024-03-01,Здоровье,7,panel_shrink,0.5,structural_prior
2024-03-01,Здоровье,7,seasonal_growth,0.0,structural_prior
2024-03-01,Здоровье,7,ridge_panel,0.0,structural_prior
2024-03-01,Здоровье,7,chronos_seasonal,0.0,structural_prior
2024-03-01,Здоровье,7,catboost,0.0,structural_prior
2024-03-01,Здоровье,7,lightgbm,0.0,structural_prior
2024-03-01,Здоровье,7,pooled_yoy_damped,0.5,structural_prior
2024-03-01,Здоровье,7,seasonal_ratio,0.0,structural_prior
2024-03-01,Здоровье,8,panel_shrink,0.5,structural_prior
2024-03-01,Здоровье,8,seasonal_growth,0.0,structural_prior
2024-03-01,Здоровье,8,ridge_panel,0.0,structural_prior
2024-03-01,Здоровье,8,chronos_seasonal,0.0,structural_prior
2024-03-01,Здоровье,8,catboost,0.0,structural_prior
2024-03-01,Здоровье,8,lightgbm,0.0,structural_prior
2024-03-01,Здоровье,8,pooled_yoy_damped,0.5,structural_prior
2024-03-01,Здоровье,8,seasonal_ratio,0.0,structural_prior
2024-03-01,Здоровье,9,panel_shrink,0.5,structural_prior
2024-03-01,Здоровье,9,seasonal_growth,0.0,structural_prior
2024-03-01,Здоровье,9,ridge_panel,0.0,structural_prior
2024-03-01,Здоровье,9,chronos_seasonal,0.0,structural_prior
2024-03-01,Здоровье,9,catboost,0.0,structural_prior
2024-03-01,Здоровье,9,lightgbm,0.0,structural_prior
2024-03-01,Здоровье,9,pooled_yoy_damped,0.5,structural_prior
2024-03-01,Здоровье,9,seasonal_ratio,0.0,structural_prior
2024-03-01,Маркетплейсы,1,panel_shrink,0.0,two_best_matured_recent_paired_mae
2024-03-01,Маркетплейсы,1,seasonal_growth,0.0,two_best_matured_recent_paired_mae
2024-03-01,Маркетплейсы,1,ridge_panel,0.7,two_best_matured_recent_paired_mae
2024-03-01,Маркетплейсы,1,chronos_seasonal,0.3,two_best_matured_recent_paired_mae
2024-03-01,Маркетплейсы,1,catboost,0.0,two_best_matured_recent_paired_mae
2024-03-01,Маркетплейсы,1,lightgbm,0.0,two_best_matured_recent_paired_mae
2024-03-01,Маркетплейсы,1,pooled_yoy_damped,0.0,two_best_matured_recent_paired_mae
2024-03-01,Маркетплейсы,1,seasonal_ratio,0.0,two_best_matured_recent_paired_mae
2024-03-01,Маркетплейсы,2,panel_shrink,0.5,structural_prior
2024-03-01,Маркетплейсы,2,seasonal_growth,0.0,structural_prior
2024-03-01,Маркетплейсы,2,ridge_panel,0.0,structural_prior
2024-03-01,Маркетплейсы,2,chronos_seasonal,0.0,structural_prior
2024-03-01,Маркетплейсы,2,catboost,0.0,structural_prior
2024-03-01,Маркетплейсы,2,lightgbm,0.0,structural_prior
2024-03-01,Маркетплейсы,2,pooled_yoy_damped,0.5,structural_prior
2024-03-01,Маркетплейсы,2,seasonal_ratio,0.0,structural_prior
2024-03-01,Маркетплейсы,3,panel_shrink,0.5,structural_prior
2024-03-01,Маркетплейсы,3,seasonal_growth,0.0,structural_prior
2024-03-01,Маркетплейсы,3,ridge_panel,0.0,structural_prior
2024-03-01,Маркетплейсы,3,chronos_seasonal,0.0,structural_prior
2024-03-01,Маркетплейсы,3,catboost,0.0,structural_prior
2024-03-01,Маркетплейсы,3,lightgbm,0.0,structural_prior
2024-03-01,Маркетплейсы,3,pooled_yoy_damped,0.5,structural_prior
2024-03-01,Маркетплейсы,3,seasonal_ratio,0.0,structural_prior
2024-03-01,Маркетплейсы,4,panel_shrink,0.5,structural_prior
2024-03-01,Маркетплейсы,4,seasonal_growth,0.0,structural_prior
2024-03-01,Маркетплейсы,4,ridge_panel,0.0,structural_prior
2024-03-01,Маркетплейсы,4,chronos_seasonal,0.0,structural_prior
2024-03-01,Маркетплейсы,4,catboost,0.0,structural_prior
2024-03-01,Маркетплейсы,4,lightgbm,0.0,structural_prior
2024-03-01,Маркетплейсы,4,pooled_yoy_damped,0.5,structural_prior
2024-03-01,Маркетплейсы,4,seasonal_ratio,0.0,structural_prior
2024-03-01,Маркетплейсы,5,panel_shrink,0.5,structural_prior
2024-03-01,Маркетплейсы,5,seasonal_growth,0.0,structural_prior
2024-03-01,Маркетплейсы,5,ridge_panel,0.0,structural_prior
2024-03-01,Маркетплейсы,5,chronos_seasonal,0.0,structural_prior
2024-03-01,Маркетплейсы,5,catboost,0.0,structural_prior
2024-03-01,Маркетплейсы,5,lightgbm,0.0,structural_prior
2024-03-01,Маркетплейсы,5,pooled_yoy_damped,0.5,structural_prior
2024-03-01,Маркетплейсы,5,seasonal_ratio,0.0,structural_prior
2024-03-01,Маркетплейсы,6,panel_shrink,0.5,structural_prior
2024-03-01,Маркетплейсы,6,seasonal_growth,0.0,structural_prior
2024-03-01,Маркетплейсы,6,ridge_panel,0.0,structural_prior
2024-03-01,Маркетплейсы,6,chronos_seasonal,0.0,structural_prior
2024-03-01,Маркетплейсы,6,catboost,0.0,structural_prior
2024-03-01,Маркетплейсы,6,lightgbm,0.0,structural_prior
2024-03-01,Маркетплейсы,6,pooled_yoy_damped,0.5,structural_prior
2024-03-01,Маркетплейсы,6,seasonal_ratio,0.0,structural_prior
2024-03-01,Маркетплейсы,7,panel_shrink,0.5,structural_prior
2024-03-01,Маркетплейсы,7,seasonal_growth,0.0,structural_prior
2024-03-01,Маркетплейсы,7,ridge_panel,0.0,structural_prior
2024-03-01,Маркетплейсы,7,chronos_seasonal,0.0,structural_prior
2024-03-01,Маркетплейсы,7,catboost,0.0,structural_prior
2024-03-01,Маркетплейсы,7,lightgbm,0.0,structural_prior
2024-03-01,Маркетплейсы,7,pooled_yoy_damped,0.5,structural_prior
2024-03-01,Маркетплейсы,7,seasonal_ratio,0.0,structural_prior
2024-03-01,Маркетплейсы,8,panel_shrink,0.5,structural_prior
2024-03-01,Маркетплейсы,8,seasonal_growth,0.0,structural_prior
2024-03-01,Маркетплейсы,8,ridge_panel,0.0,structural_prior
2024-03-01,Маркетплейсы,8,chronos_seasonal,0.0,structural_prior
2024-03-01,Маркетплейсы,8,catboost,0.0,structural_prior
2024-03-01,Маркетплейсы,8,lightgbm,0.0,structural_prior
2024-03-01,Маркетплейсы,8,pooled_yoy_damped,0.5,structural_prior
2024-03-01,Маркетплейсы,8,seasonal_ratio,0.0,structural_prior
2024-03-01,Маркетплейсы,9,panel_shrink,0.5,structural_prior
2024-03-01,Маркетплейсы,9,seasonal_growth,0.0,structural_prior
2024-03-01,Маркетплейсы,9,ridge_panel,0.0,structural_prior
2024-03-01,Маркетплейсы,9,chronos_seasonal,0.0,structural_prior
2024-03-01,Маркетплейсы,9,catboost,0.0,structural_prior
2024-03-01,Маркетплейсы,9,lightgbm,0.0,structural_prior
2024-03-01,Маркетплейсы,9,pooled_yoy_damped,0.5,structural_prior
2024-03-01,Маркетплейсы,9,seasonal_ratio,0.0,structural_prior
2024-03-01,Общественное питание,1,panel_shrink,0.0,two_best_matured_recent_paired_mae
2024-03-01,Общественное питание,1,seasonal_growth,0.0,two_best_matured_recent_paired_mae
2024-03-01,Общественное питание,1,ridge_panel,0.7,two_best_matured_recent_paired_mae
2024-03-01,Общественное питание,1,chronos_seasonal,0.0,two_best_matured_recent_paired_mae
2024-03-01,Общественное питание,1,catboost,0.0,two_best_matured_recent_paired_mae
2024-03-01,Общественное питание,1,lightgbm,0.3,two_best_matured_recent_paired_mae
2024-03-01,Общественное питание,1,pooled_yoy_damped,0.0,two_best_matured_recent_paired_mae
2024-03-01,Общественное питание,1,seasonal_ratio,0.0,two_best_matured_recent_paired_mae
2024-03-01,Общественное питание,2,panel_shrink,0.5,structural_prior
2024-03-01,Общественное питание,2,seasonal_growth,0.0,structural_prior
2024-03-01,Общественное питание,2,ridge_panel,0.0,structural_prior
2024-03-01,Общественное питание,2,chronos_seasonal,0.0,structural_prior
2024-03-01,Общественное питание,2,catboost,0.0,structural_prior
2024-03-01,Общественное питание,2,lightgbm,0.0,structural_prior
2024-03-01,Общественное питание,2,pooled_yoy_damped,0.5,structural_prior
2024-03-01,Общественное питание,2,seasonal_ratio,0.0,structural_prior
2024-03-01,Общественное питание,3,panel_shrink,0.5,structural_prior
2024-03-01,Общественное питание,3,seasonal_growth,0.0,structural_prior
2024-03-01,Общественное питание,3,ridge_panel,0.0,structural_prior
2024-03-01,Общественное питание,3,chronos_seasonal,0.0,structural_prior
2024-03-01,Общественное питание,3,catboost,0.0,structural_prior
2024-03-01,Общественное питание,3,lightgbm,0.0,structural_prior
2024-03-01,Общественное питание,3,pooled_yoy_damped,0.5,structural_prior
2024-03-01,Общественное питание,3,seasonal_ratio,0.0,structural_prior
2024-03-01,Общественное питание,4,panel_shrink,0.5,structural_prior
2024-03-01,Общественное питание,4,seasonal_growth,0.0,structural_prior
2024-03-01,Общественное питание,4,ridge_panel,0.0,structural_prior
2024-03-01,Общественное питание,4,chronos_seasonal,0.0,structural_prior
2024-03-01,Общественное питание,4,catboost,0.0,structural_prior
2024-03-01,Общественное питание,4,lightgbm,0.0,structural_prior
2024-03-01,Общественное питание,4,pooled_yoy_damped,0.5,structural_prior
2024-03-01,Общественное питание,4,seasonal_ratio,0.0,structural_prior
2024-03-01,Общественное питание,5,panel_shrink,0.5,structural_prior
2024-03-01,Общественное питание,5,seasonal_growth,0.0,structural_prior
2024-03-01,Общественное питание,5,ridge_panel,0.0,structural_prior
2024-03-01,Общественное питание,5,chronos_seasonal,0.0,structural_prior
2024-03-01,Общественное питание,5,catboost,0.0,structural_prior
2024-03-01,Общественное питание,5,lightgbm,0.0,structural_prior
2024-03-01,Общественное питание,5,pooled_yoy_damped,0.5,structural_prior
2024-03-01,Общественное питание,5,seasonal_ratio,0.0,structural_prior
2024-03-01,Общественное питание,6,panel_shrink,0.5,structural_prior
2024-03-01,Общественное питание,6,seasonal_growth,0.0,structural_prior
2024-03-01,Общественное питание,6,ridge_panel,0.0,structural_prior
2024-03-01,Общественное питание,6,chronos_seasonal,0.0,structural_prior
2024-03-01,Общественное питание,6,catboost,0.0,structural_prior
2024-03-01,Общественное питание,6,lightgbm,0.0,structural_prior
2024-03-01,Общественное питание,6,pooled_yoy_damped,0.5,structural_prior
2024-03-01,Общественное питание,6,seasonal_ratio,0.0,structural_prior
2024-03-01,Общественное питание,7,panel_shrink,0.5,structural_prior
2024-03-01,Общественное питание,7,seasonal_growth,0.0,structural_prior
2024-03-01,Общественное питание,7,ridge_panel,0.0,structural_prior
2024-03-01,Общественное питание,7,chronos_seasonal,0.0,structural_prior
2024-03-01,Общественное питание,7,catboost,0.0,structural_prior
2024-03-01,Общественное питание,7,lightgbm,0.0,structural_prior
2024-03-01,Общественное питание,7,pooled_yoy_damped,0.5,structural_prior
2024-03-01,Общественное питание,7,seasonal_ratio,0.0,structural_prior
2024-03-01,Общественное питание,8,panel_shrink,0.5,structural_prior
2024-03-01,Общественное питание,8,seasonal_growth,0.0,structural_prior
2024-03-01,Общественное питание,8,ridge_panel,0.0,structural_prior
2024-03-01,Общественное питание,8,chronos_seasonal,0.0,structural_prior
2024-03-01,Общественное питание,8,catboost,0.0,structural_prior
2024-03-01,Общественное питание,8,lightgbm,0.0,structural_prior
2024-03-01,Общественное питание,8,pooled_yoy_damped,0.5,structural_prior
2024-03-01,Общественное питание,8,seasonal_ratio,0.0,structural_prior
2024-03-01,Общественное питание,9,panel_shrink,0.5,structural_prior
2024-03-01,Общественное питание,9,seasonal_growth,0.0,structural_prior
2024-03-01,Общественное питание,9,ridge_panel,0.0,structural_prior
2024-03-01,Общественное питание,9,chronos_seasonal,0.0,structural_prior
2024-03-01,Общественное питание,9,catboost,0.0,structural_prior
2024-03-01,Общественное питание,9,lightgbm,0.0,structural_prior
2024-03-01,Общественное питание,9,pooled_yoy_damped,0.5,structural_prior
2024-03-01,Общественное питание,9,seasonal_ratio,0.0,structural_prior
2024-03-01,Продовольствие,1,panel_shrink,0.0,two_best_matured_recent_paired_mae
2024-03-01,Продовольствие,1,seasonal_growth,0.0,two_best_matured_recent_paired_mae
2024-03-01,Продовольствие,1,ridge_panel,0.0,two_best_matured_recent_paired_mae
2024-03-01,Продовольствие,1,chronos_seasonal,0.0,two_best_matured_recent_paired_mae
2024-03-01,Продовольствие,1,catboost,0.0,two_best_matured_recent_paired_mae
2024-03-01,Продовольствие,1,lightgbm,0.0,two_best_matured_recent_paired_mae
2024-03-01,Продовольствие,1,pooled_yoy_damped,0.3,two_best_matured_recent_paired_mae
2024-03-01,Продовольствие,1,seasonal_ratio,0.7,two_best_matured_recent_paired_mae
2024-03-01,Продовольствие,2,panel_shrink,0.5,structural_prior
2024-03-01,Продовольствие,2,seasonal_growth,0.0,structural_prior
2024-03-01,Продовольствие,2,ridge_panel,0.0,structural_prior
2024-03-01,Продовольствие,2,chronos_seasonal,0.0,structural_prior
2024-03-01,Продовольствие,2,catboost,0.0,structural_prior
2024-03-01,Продовольствие,2,lightgbm,0.0,structural_prior
2024-03-01,Продовольствие,2,pooled_yoy_damped,0.5,structural_prior
2024-03-01,Продовольствие,2,seasonal_ratio,0.0,structural_prior
2024-03-01,Продовольствие,3,panel_shrink,0.5,structural_prior
2024-03-01,Продовольствие,3,seasonal_growth,0.0,structural_prior
2024-03-01,Продовольствие,3,ridge_panel,0.0,structural_prior
2024-03-01,Продовольствие,3,chronos_seasonal,0.0,structural_prior
2024-03-01,Продовольствие,3,catboost,0.0,structural_prior
2024-03-01,Продовольствие,3,lightgbm,0.0,structural_prior
2024-03-01,Продовольствие,3,pooled_yoy_damped,0.5,structural_prior
2024-03-01,Продовольствие,3,seasonal_ratio,0.0,structural_prior
2024-03-01,Продовольствие,4,panel_shrink,0.5,structural_prior
2024-03-01,Продовольствие,4,seasonal_growth,0.0,structural_prior
2024-03-01,Продовольствие,4,ridge_panel,0.0,structural_prior
2024-03-01,Продовольствие,4,chronos_seasonal,0.0,structural_prior
2024-03-01,Продовольствие,4,catboost,0.0,structural_prior
2024-03-01,Продовольствие,4,lightgbm,0.0,structural_prior
2024-03-01,Продовольствие,4,pooled_yoy_damped,0.5,structural_prior
2024-03-01,Продовольствие,4,seasonal_ratio,0.0,structural_prior
2024-03-01,Продовольствие,5,panel_shrink,0.5,structural_prior
2024-03-01,Продовольствие,5,seasonal_growth,0.0,structural_prior
2024-03-01,Продовольствие,5,ridge_panel,0.0,structural_prior
2024-03-01,Продовольствие,5,chronos_seasonal,0.0,structural_prior
2024-03-01,Продовольствие,5,catboost,0.0,structural_prior
2024-03-01,Продовольствие,5,lightgbm,0.0,structural_prior
2024-03-01,Продовольствие,5,pooled_yoy_damped,0.5,structural_prior
2024-03-01,Продовольствие,5,seasonal_ratio,0.0,structural_prior
2024-03-01,Продовольствие,6,panel_shrink,0.5,structural_prior
2024-03-01,Продовольствие,6,seasonal_growth,0.0,structural_prior
2024-03-01,Продовольствие,6,ridge_panel,0.0,structural_prior
2024-03-01,Продовольствие,6,chronos_seasonal,0.0,structural_prior
2024-03-01,Продовольствие,6,catboost,0.0,structural_prior
2024-03-01,Продовольствие,6,lightgbm,0.0,structural_prior
2024-03-01,Продовольствие,6,pooled_yoy_damped,0.5,structural_prior
2024-03-01,Продовольствие,6,seasonal_ratio,0.0,structural_prior
2024-03-01,Продовольствие,7,panel_shrink,0.5,structural_prior
2024-03-01,Продовольствие,7,seasonal_growth,0.0,structural_prior
2024-03-01,Продовольствие,7,ridge_panel,0.0,structural_prior
2024-03-01,Продовольствие,7,chronos_seasonal,0.0,structural_prior
2024-03-01,Продовольствие,7,catboost,0.0,structural_prior
2024-03-01,Продовольствие,7,lightgbm,0.0,structural_prior
2024-03-01,Продовольствие,7,pooled_yoy_damped,0.5,structural_prior
2024-03-01,Продовольствие,7,seasonal_ratio,0.0,structural_prior
2024-03-01,Продовольствие,8,panel_shrink,0.5,structural_prior
2024-03-01,Продовольствие,8,seasonal_growth,0.0,structural_prior
2024-03-01,Продовольствие,8,ridge_panel,0.0,structural_prior
2024-03-01,Продовольствие,8,chronos_seasonal,0.0,structural_prior
2024-03-01,Продовольствие,8,catboost,0.0,structural_prior
2024-03-01,Продовольствие,8,lightgbm,0.0,structural_prior
2024-03-01,Продовольствие,8,pooled_yoy_damped,0.5,structural_prior
2024-03-01,Продовольствие,8,seasonal_ratio,0.0,structural_prior
2024-03-01,Продовольствие,9,panel_shrink,0.5,structural_prior
2024-03-01,Продовольствие,9,seasonal_growth,0.0,structural_prior
2024-03-01,Продовольствие,9,ridge_panel,0.0,structural_prior
2024-03-01,Продовольствие,9,chronos_seasonal,0.0,structural_prior
2024-03-01,Продовольствие,9,catboost,0.0,structural_prior
2024-03-01,Продовольствие,9,lightgbm,0.0,structural_prior
2024-03-01,Продовольствие,9,pooled_yoy_damped,0.5,structural_prior
2024-03-01,Продовольствие,9,seasonal_ratio,0.0,structural_prior
2024-03-01,Транспорт,1,panel_shrink,0.0,two_best_matured_recent_paired_mae
2024-03-01,Транспорт,1,seasonal_growth,0.0,two_best_matured_recent_paired_mae
2024-03-01,Транспорт,1,ridge_panel,0.3,two_best_matured_recent_paired_mae
2024-03-01,Транспорт,1,chronos_seasonal,0.0,two_best_matured_recent_paired_mae
2024-03-01,Транспорт,1,catboost,0.0,two_best_matured_recent_paired_mae
2024-03-01,Транспорт,1,lightgbm,0.7,two_best_matured_recent_paired_mae
2024-03-01,Транспорт,1,pooled_yoy_damped,0.0,two_best_matured_recent_paired_mae
2024-03-01,Транспорт,1,seasonal_ratio,0.0,two_best_matured_recent_paired_mae
2024-03-01,Транспорт,2,panel_shrink,0.5,structural_prior
2024-03-01,Транспорт,2,seasonal_growth,0.0,structural_prior
2024-03-01,Транспорт,2,ridge_panel,0.0,structural_prior
2024-03-01,Транспорт,2,chronos_seasonal,0.0,structural_prior
2024-03-01,Транспорт,2,catboost,0.0,structural_prior
2024-03-01,Транспорт,2,lightgbm,0.0,structural_prior
2024-03-01,Транспорт,2,pooled_yoy_damped,0.5,structural_prior
2024-03-01,Транспорт,2,seasonal_ratio,0.0,structural_prior
2024-03-01,Транспорт,3,panel_shrink,0.5,structural_prior
2024-03-01,Транспорт,3,seasonal_growth,0.0,structural_prior
2024-03-01,Транспорт,3,ridge_panel,0.0,structural_prior
2024-03-01,Транспорт,3,chronos_seasonal,0.0,structural_prior
2024-03-01,Транспорт,3,catboost,0.0,structural_prior
2024-03-01,Транспорт,3,lightgbm,0.0,structural_prior
2024-03-01,Транспорт,3,pooled_yoy_damped,0.5,structural_prior
2024-03-01,Транспорт,3,seasonal_ratio,0.0,structural_prior
2024-03-01,Транспорт,4,panel_shrink,0.5,structural_prior
2024-03-01,Транспорт,4,seasonal_growth,0.0,structural_prior
2024-03-01,Транспорт,4,ridge_panel,0.0,structural_prior
2024-03-01,Транспорт,4,chronos_seasonal,0.0,structural_prior
2024-03-01,Транспорт,4,catboost,0.0,structural_prior
2024-03-01,Транспорт,4,lightgbm,0.0,structural_prior
2024-03-01,Транспорт,4,pooled_yoy_damped,0.5,structural_prior
2024-03-01,Транспорт,4,seasonal_ratio,0.0,structural_prior
2024-03-01,Транспорт,5,panel_shrink,0.5,structural_prior
2024-03-01,Транспорт,5,seasonal_growth,0.0,structural_prior
2024-03-01,Транспорт,5,ridge_panel,0.0,structural_prior
2024-03-01,Транспорт,5,chronos_seasonal,0.0,structural_prior
2024-03-01,Транспорт,5,catboost,0.0,structural_prior
2024-03-01,Транспорт,5,lightgbm,0.0,structural_prior
2024-03-01,Транспорт,5,pooled_yoy_damped,0.5,structural_prior
2024-03-01,Транспорт,5,seasonal_ratio,0.0,structural_prior
2024-03-01,Транспорт,6,panel_shrink,0.5,structural_prior
2024-03-01,Транспорт,6,seasonal_growth,0.0,structural_prior
2024-03-01,Транспорт,6,ridge_panel,0.0,structural_prior
2024-03-01,Транспорт,6,chronos_seasonal,0.0,structural_prior
2024-03-01,Транспорт,6,catboost,0.0,structural_prior
2024-03-01,Транспорт,6,lightgbm,0.0,structural_prior
2024-03-01,Транспорт,6,pooled_yoy_damped,0.5,structural_prior
2024-03-01,Транспорт,6,seasonal_ratio,0.0,structural_prior
2024-03-01,Транспорт,7,panel_shrink,0.5,structural_prior
2024-03-01,Транспорт,7,seasonal_growth,0.0,structural_prior
2024-03-01,Транспорт,7,ridge_panel,0.0,structural_prior
2024-03-01,Транспорт,7,chronos_seasonal,0.0,structural_prior
2024-03-01,Транспорт,7,catboost,0.0,structural_prior
2024-03-01,Транспорт,7,lightgbm,0.0,structural_prior
2024-03-01,Транспорт,7,pooled_yoy_damped,0.5,structural_prior
2024-03-01,Транспорт,7,seasonal_ratio,0.0,structural_prior
2024-03-01,Транспорт,8,panel_shrink,0.5,structural_prior
2024-03-01,Транспорт,8,seasonal_growth,0.0,structural_prior
2024-03-01,Транспорт,8,ridge_panel,0.0,structural_prior
2024-03-01,Транспорт,8,chronos_seasonal,0.0,structural_prior
2024-03-01,Транспорт,8,catboost,0.0,structural_prior
2024-03-01,Транспорт,8,lightgbm,0.0,structural_prior
2024-03-01,Транспорт,8,pooled_yoy_damped,0.5,structural_prior
2024-03-01,Транспорт,8,seasonal_ratio,0.0,structural_prior
2024-03-01,Транспорт,9,panel_shrink,0.5,structural_prior
2024-03-01,Транспорт,9,seasonal_growth,0.0,structural_prior
2024-03-01,Транспорт,9,ridge_panel,0.0,structural_prior
2024-03-01,Транспорт,9,chronos_seasonal,0.0,structural_prior
2024-03-01,Транспорт,9,catboost,0.0,structural_prior
2024-03-01,Транспорт,9,lightgbm,0.0,structural_prior
2024-03-01,Транспорт,9,pooled_yoy_damped,0.5,structural_prior
2024-03-01,Транспорт,9,seasonal_ratio,0.0,structural_prior
2024-04-01,Все категории,1,panel_shrink,0.0,two_best_matured_recent_paired_mae
2024-04-01,Все категории,1,seasonal_growth,0.0,two_best_matured_recent_paired_mae
2024-04-01,Все категории,1,ridge_panel,0.0,two_best_matured_recent_paired_mae
2024-04-01,Все категории,1,chronos_seasonal,0.0,two_best_matured_recent_paired_mae
2024-04-01,Все категории,1,catboost,0.0,two_best_matured_recent_paired_mae
2024-04-01,Все категории,1,lightgbm,0.0,two_best_matured_recent_paired_mae
2024-04-01,Все категории,1,pooled_yoy_damped,0.3,two_best_matured_recent_paired_mae
2024-04-01,Все категории,1,seasonal_ratio,0.7,two_best_matured_recent_paired_mae
2024-04-01,Все категории,2,panel_shrink,0.0,two_best_matured_recent_paired_mae
2024-04-01,Все категории,2,seasonal_growth,0.0,two_best_matured_recent_paired_mae
2024-04-01,Все категории,2,ridge_panel,0.0,two_best_matured_recent_paired_mae
2024-04-01,Все категории,2,chronos_seasonal,0.0,two_best_matured_recent_paired_mae
2024-04-01,Все категории,2,catboost,0.0,two_best_matured_recent_paired_mae
2024-04-01,Все категории,2,lightgbm,0.0,two_best_matured_recent_paired_mae
2024-04-01,Все категории,2,pooled_yoy_damped,0.3,two_best_matured_recent_paired_mae
2024-04-01,Все категории,2,seasonal_ratio,0.7,two_best_matured_recent_paired_mae
2024-04-01,Все категории,3,panel_shrink,0.5,structural_prior
2024-04-01,Все категории,3,seasonal_growth,0.0,structural_prior
2024-04-01,Все категории,3,ridge_panel,0.0,structural_prior
2024-04-01,Все категории,3,chronos_seasonal,0.0,structural_prior
2024-04-01,Все категории,3,catboost,0.0,structural_prior
2024-04-01,Все категории,3,lightgbm,0.0,structural_prior
2024-04-01,Все категории,3,pooled_yoy_damped,0.5,structural_prior
2024-04-01,Все категории,3,seasonal_ratio,0.0,structural_prior
2024-04-01,Все категории,4,panel_shrink,0.5,structural_prior
2024-04-01,Все категории,4,seasonal_growth,0.0,structural_prior
2024-04-01,Все категории,4,ridge_panel,0.0,structural_prior
2024-04-01,Все категории,4,chronos_seasonal,0.0,structural_prior
2024-04-01,Все категории,4,catboost,0.0,structural_prior
2024-04-01,Все категории,4,lightgbm,0.0,structural_prior
2024-04-01,Все категории,4,pooled_yoy_damped,0.5,structural_prior
2024-04-01,Все категории,4,seasonal_ratio,0.0,structural_prior
2024-04-01,Все категории,5,panel_shrink,0.5,structural_prior
2024-04-01,Все категории,5,seasonal_growth,0.0,structural_prior
2024-04-01,Все категории,5,ridge_panel,0.0,structural_prior
2024-04-01,Все категории,5,chronos_seasonal,0.0,structural_prior
2024-04-01,Все категории,5,catboost,0.0,structural_prior
2024-04-01,Все категории,5,lightgbm,0.0,structural_prior
2024-04-01,Все категории,5,pooled_yoy_damped,0.5,structural_prior
2024-04-01,Все категории,5,seasonal_ratio,0.0,structural_prior
2024-04-01,Все категории,6,panel_shrink,0.5,structural_prior
2024-04-01,Все категории,6,seasonal_growth,0.0,structural_prior
2024-04-01,Все категории,6,ridge_panel,0.0,structural_prior
2024-04-01,Все категории,6,chronos_seasonal,0.0,structural_prior
2024-04-01,Все категории,6,catboost,0.0,structural_prior
2024-04-01,Все категории,6,lightgbm,0.0,structural_prior
2024-04-01,Все категории,6,pooled_yoy_damped,0.5,structural_prior
2024-04-01,Все категории,6,seasonal_ratio,0.0,structural_prior
2024-04-01,Все категории,7,panel_shrink,0.5,structural_prior
2024-04-01,Все категории,7,seasonal_growth,0.0,structural_prior
2024-04-01,Все категории,7,ridge_panel,0.0,structural_prior
2024-04-01,Все категории,7,chronos_seasonal,0.0,structural_prior
2024-04-01,Все категории,7,catboost,0.0,structural_prior
2024-04-01,Все категории,7,lightgbm,0.0,structural_prior
2024-04-01,Все категории,7,pooled_yoy_damped,0.5,structural_prior
2024-04-01,Все категории,7,seasonal_ratio,0.0,structural_prior
2024-04-01,Все категории,8,panel_shrink,0.5,structural_prior
2024-04-01,Все категории,8,seasonal_growth,0.0,structural_prior
2024-04-01,Все категории,8,ridge_panel,0.0,structural_prior
2024-04-01,Все категории,8,chronos_seasonal,0.0,structural_prior
2024-04-01,Все категории,8,catboost,0.0,structural_prior
2024-04-01,Все категории,8,lightgbm,0.0,structural_prior
2024-04-01,Все категории,8,pooled_yoy_damped,0.5,structural_prior
2024-04-01,Все категории,8,seasonal_ratio,0.0,structural_prior
2024-04-01,Здоровье,1,panel_shrink,0.0,two_best_matured_recent_paired_mae
2024-04-01,Здоровье,1,seasonal_growth,0.0,two_best_matured_recent_paired_mae
2024-04-01,Здоровье,1,ridge_panel,0.3,two_best_matured_recent_paired_mae
2024-04-01,Здоровье,1,chronos_seasonal,0.0,two_best_matured_recent_paired_mae
2024-04-01,Здоровье,1,catboost,0.7,two_best_matured_recent_paired_mae
2024-04-01,Здоровье,1,lightgbm,0.0,two_best_matured_recent_paired_mae
2024-04-01,Здоровье,1,pooled_yoy_damped,0.0,two_best_matured_recent_paired_mae
2024-04-01,Здоровье,1,seasonal_ratio,0.0,two_best_matured_recent_paired_mae
2024-04-01,Здоровье,2,panel_shrink,0.0,two_best_matured_recent_paired_mae
2024-04-01,Здоровье,2,seasonal_growth,0.0,two_best_matured_recent_paired_mae
2024-04-01,Здоровье,2,ridge_panel,0.7,two_best_matured_recent_paired_mae
2024-04-01,Здоровье,2,chronos_seasonal,0.0,two_best_matured_recent_paired_mae
2024-04-01,Здоровье,2,catboost,0.3,two_best_matured_recent_paired_mae
2024-04-01,Здоровье,2,lightgbm,0.0,two_best_matured_recent_paired_mae
2024-04-01,Здоровье,2,pooled_yoy_damped,0.0,two_best_matured_recent_paired_mae
2024-04-01,Здоровье,2,seasonal_ratio,0.0,two_best_matured_recent_paired_mae
2024-04-01,Здоровье,3,panel_shrink,0.5,structural_prior
2024-04-01,Здоровье,3,seasonal_growth,0.0,structural_prior
2024-04-01,Здоровье,3,ridge_panel,0.0,structural_prior
2024-04-01,Здоровье,3,chronos_seasonal,0.0,structural_prior
2024-04-01,Здоровье,3,catboost,0.0,structural_prior
2024-04-01,Здоровье,3,lightgbm,0.0,structural_prior
2024-04-01,Здоровье,3,pooled_yoy_damped,0.5,structural_prior
2024-04-01,Здоровье,3,seasonal_ratio,0.0,structural_prior
2024-04-01,Здоровье,4,panel_shrink,0.5,structural_prior
2024-04-01,Здоровье,4,seasonal_growth,0.0,structural_prior
2024-04-01,Здоровье,4,ridge_panel,0.0,structural_prior
2024-04-01,Здоровье,4,chronos_seasonal,0.0,structural_prior
2024-04-01,Здоровье,4,catboost,0.0,structural_prior
2024-04-01,Здоровье,4,lightgbm,0.0,structural_prior
2024-04-01,Здоровье,4,pooled_yoy_damped,0.5,structural_prior
2024-04-01,Здоровье,4,seasonal_ratio,0.0,structural_prior
2024-04-01,Здоровье,5,panel_shrink,0.5,structural_prior
2024-04-01,Здоровье,5,seasonal_growth,0.0,structural_prior
2024-04-01,Здоровье,5,ridge_panel,0.0,structural_prior
2024-04-01,Здоровье,5,chronos_seasonal,0.0,structural_prior
2024-04-01,Здоровье,5,catboost,0.0,structural_prior
2024-04-01,Здоровье,5,lightgbm,0.0,structural_prior
2024-04-01,Здоровье,5,pooled_yoy_damped,0.5,structural_prior
2024-04-01,Здоровье,5,seasonal_ratio,0.0,structural_prior
2024-04-01,Здоровье,6,panel_shrink,0.5,structural_prior
2024-04-01,Здоровье,6,seasonal_growth,0.0,structural_prior
2024-04-01,Здоровье,6,ridge_panel,0.0,structural_prior
2024-04-01,Здоровье,6,chronos_seasonal,0.0,structural_prior
2024-04-01,Здоровье,6,catboost,0.0,structural_prior
2024-04-01,Здоровье,6,lightgbm,0.0,structural_prior
2024-04-01,Здоровье,6,pooled_yoy_damped,0.5,structural_prior
2024-04-01,Здоровье,6,seasonal_ratio,0.0,structural_prior
2024-04-01,Здоровье,7,panel_shrink,0.5,structural_prior
2024-04-01,Здоровье,7,seasonal_growth,0.0,structural_prior
2024-04-01,Здоровье,7,ridge_panel,0.0,structural_prior
2024-04-01,Здоровье,7,chronos_seasonal,0.0,structural_prior
2024-04-01,Здоровье,7,catboost,0.0,structural_prior
2024-04-01,Здоровье,7,lightgbm,0.0,structural_prior
2024-04-01,Здоровье,7,pooled_yoy_damped,0.5,structural_prior
2024-04-01,Здоровье,7,seasonal_ratio,0.0,structural_prior
2024-04-01,Здоровье,8,panel_shrink,0.5,structural_prior
2024-04-01,Здоровье,8,seasonal_growth,0.0,structural_prior
2024-04-01,Здоровье,8,ridge_panel,0.0,structural_prior
2024-04-01,Здоровье,8,chronos_seasonal,0.0,structural_prior
2024-04-01,Здоровье,8,catboost,0.0,structural_prior
2024-04-01,Здоровье,8,lightgbm,0.0,structural_prior
2024-04-01,Здоровье,8,pooled_yoy_damped,0.5,structural_prior
2024-04-01,Здоровье,8,seasonal_ratio,0.0,structural_prior
2024-04-01,Маркетплейсы,1,panel_shrink,0.0,two_best_matured_recent_paired_mae
2024-04-01,Маркетплейсы,1,seasonal_growth,0.3,two_best_matured_recent_paired_mae
2024-04-01,Маркетплейсы,1,ridge_panel,0.7,two_best_matured_recent_paired_mae
2024-04-01,Маркетплейсы,1,chronos_seasonal,0.0,two_best_matured_recent_paired_mae
2024-04-01,Маркетплейсы,1,catboost,0.0,two_best_matured_recent_paired_mae
2024-04-01,Маркетплейсы,1,lightgbm,0.0,two_best_matured_recent_paired_mae
2024-04-01,Маркетплейсы,1,pooled_yoy_damped,0.0,two_best_matured_recent_paired_mae
2024-04-01,Маркетплейсы,1,seasonal_ratio,0.0,two_best_matured_recent_paired_mae
2024-04-01,Маркетплейсы,2,panel_shrink,0.0,two_best_matured_recent_paired_mae
2024-04-01,Маркетплейсы,2,seasonal_growth,0.3,two_best_matured_recent_paired_mae
2024-04-01,Маркетплейсы,2,ridge_panel,0.7,two_best_matured_recent_paired_mae
2024-04-01,Маркетплейсы,2,chronos_seasonal,0.0,two_best_matured_recent_paired_mae
2024-04-01,Маркетплейсы,2,catboost,0.0,two_best_matured_recent_paired_mae
2024-04-01,Маркетплейсы,2,lightgbm,0.0,two_best_matured_recent_paired_mae
2024-04-01,Маркетплейсы,2,pooled_yoy_damped,0.0,two_best_matured_recent_paired_mae
2024-04-01,Маркетплейсы,2,seasonal_ratio,0.0,two_best_matured_recent_paired_mae
2024-04-01,Маркетплейсы,3,panel_shrink,0.5,structural_prior
2024-04-01,Маркетплейсы,3,seasonal_growth,0.0,structural_prior
2024-04-01,Маркетплейсы,3,ridge_panel,0.0,structural_prior
2024-04-01,Маркетплейсы,3,chronos_seasonal,0.0,structural_prior
2024-04-01,Маркетплейсы,3,catboost,0.0,structural_prior
2024-04-01,Маркетплейсы,3,lightgbm,0.0,structural_prior
2024-04-01,Маркетплейсы,3,pooled_yoy_damped,0.5,structural_prior
2024-04-01,Маркетплейсы,3,seasonal_ratio,0.0,structural_prior
2024-04-01,Маркетплейсы,4,panel_shrink,0.5,structural_prior
2024-04-01,Маркетплейсы,4,seasonal_growth,0.0,structural_prior
2024-04-01,Маркетплейсы,4,ridge_panel,0.0,structural_prior
2024-04-01,Маркетплейсы,4,chronos_seasonal,0.0,structural_prior
2024-04-01,Маркетплейсы,4,catboost,0.0,structural_prior
2024-04-01,Маркетплейсы,4,lightgbm,0.0,structural_prior
2024-04-01,Маркетплейсы,4,pooled_yoy_damped,0.5,structural_prior
2024-04-01,Маркетплейсы,4,seasonal_ratio,0.0,structural_prior
2024-04-01,Маркетплейсы,5,panel_shrink,0.5,structural_prior
2024-04-01,Маркетплейсы,5,seasonal_growth,0.0,structural_prior
2024-04-01,Маркетплейсы,5,ridge_panel,0.0,structural_prior
2024-04-01,Маркетплейсы,5,chronos_seasonal,0.0,structural_prior
2024-04-01,Маркетплейсы,5,catboost,0.0,structural_prior
2024-04-01,Маркетплейсы,5,lightgbm,0.0,structural_prior
2024-04-01,Маркетплейсы,5,pooled_yoy_damped,0.5,structural_prior
2024-04-01,Маркетплейсы,5,seasonal_ratio,0.0,structural_prior
2024-04-01,Маркетплейсы,6,panel_shrink,0.5,structural_prior
2024-04-01,Маркетплейсы,6,seasonal_growth,0.0,structural_prior
2024-04-01,Маркетплейсы,6,ridge_panel,0.0,structural_prior
2024-04-01,Маркетплейсы,6,chronos_seasonal,0.0,structural_prior
2024-04-01,Маркетплейсы,6,catboost,0.0,structural_prior
2024-04-01,Маркетплейсы,6,lightgbm,0.0,structural_prior
2024-04-01,Маркетплейсы,6,pooled_yoy_damped,0.5,structural_prior
2024-04-01,Маркетплейсы,6,seasonal_ratio,0.0,structural_prior
2024-04-01,Маркетплейсы,7,panel_shrink,0.5,structural_prior
2024-04-01,Маркетплейсы,7,seasonal_growth,0.0,structural_prior
2024-04-01,Маркетплейсы,7,ridge_panel,0.0,structural_prior
2024-04-01,Маркетплейсы,7,chronos_seasonal,0.0,structural_prior
2024-04-01,Маркетплейсы,7,catboost,0.0,structural_prior
2024-04-01,Маркетплейсы,7,lightgbm,0.0,structural_prior
2024-04-01,Маркетплейсы,7,pooled_yoy_damped,0.5,structural_prior
2024-04-01,Маркетплейсы,7,seasonal_ratio,0.0,structural_prior
2024-04-01,Маркетплейсы,8,panel_shrink,0.5,structural_prior
2024-04-01,Маркетплейсы,8,seasonal_growth,0.0,structural_prior
2024-04-01,Маркетплейсы,8,ridge_panel,0.0,structural_prior
2024-04-01,Маркетплейсы,8,chronos_seasonal,0.0,structural_prior
2024-04-01,Маркетплейсы,8,catboost,0.0,structural_prior
2024-04-01,Маркетплейсы,8,lightgbm,0.0,structural_prior
2024-04-01,Маркетплейсы,8,pooled_yoy_damped,0.5,structural_prior
2024-04-01,Маркетплейсы,8,seasonal_ratio,0.0,structural_prior
2024-04-01,Общественное питание,1,panel_shrink,0.0,two_best_matured_recent_paired_mae
2024-04-01,Общественное питание,1,seasonal_growth,0.0,two_best_matured_recent_paired_mae
2024-04-01,Общественное питание,1,ridge_panel,0.0,two_best_matured_recent_paired_mae
2024-04-01,Общественное питание,1,chronos_seasonal,0.0,two_best_matured_recent_paired_mae
2024-04-01,Общественное питание,1,catboost,0.0,two_best_matured_recent_paired_mae
2024-04-01,Общественное питание,1,lightgbm,0.7,two_best_matured_recent_paired_mae
2024-04-01,Общественное питание,1,pooled_yoy_damped,0.0,two_best_matured_recent_paired_mae
2024-04-01,Общественное питание,1,seasonal_ratio,0.3,two_best_matured_recent_paired_mae
2024-04-01,Общественное питание,2,panel_shrink,0.0,two_best_matured_recent_paired_mae
2024-04-01,Общественное питание,2,seasonal_growth,0.7,two_best_matured_recent_paired_mae
2024-04-01,Общественное питание,2,ridge_panel,0.0,two_best_matured_recent_paired_mae
2024-04-01,Общественное питание,2,chronos_seasonal,0.0,two_best_matured_recent_paired_mae
2024-04-01,Общественное питание,2,catboost,0.0,two_best_matured_recent_paired_mae
2024-04-01,Общественное питание,2,lightgbm,0.3,two_best_matured_recent_paired_mae
2024-04-01,Общественное питание,2,pooled_yoy_damped,0.0,two_best_matured_recent_paired_mae
2024-04-01,Общественное питание,2,seasonal_ratio,0.0,two_best_matured_recent_paired_mae
2024-04-01,Общественное питание,3,panel_shrink,0.5,structural_prior
2024-04-01,Общественное питание,3,seasonal_growth,0.0,structural_prior
2024-04-01,Общественное питание,3,ridge_panel,0.0,structural_prior
2024-04-01,Общественное питание,3,chronos_seasonal,0.0,structural_prior
2024-04-01,Общественное питание,3,catboost,0.0,structural_prior
2024-04-01,Общественное питание,3,lightgbm,0.0,structural_prior
2024-04-01,Общественное питание,3,pooled_yoy_damped,0.5,structural_prior
2024-04-01,Общественное питание,3,seasonal_ratio,0.0,structural_prior
2024-04-01,Общественное питание,4,panel_shrink,0.5,structural_prior
2024-04-01,Общественное питание,4,seasonal_growth,0.0,structural_prior
2024-04-01,Общественное питание,4,ridge_panel,0.0,structural_prior
2024-04-01,Общественное питание,4,chronos_seasonal,0.0,structural_prior
2024-04-01,Общественное питание,4,catboost,0.0,structural_prior
2024-04-01,Общественное питание,4,lightgbm,0.0,structural_prior
2024-04-01,Общественное питание,4,pooled_yoy_damped,0.5,structural_prior
2024-04-01,Общественное питание,4,seasonal_ratio,0.0,structural_prior
2024-04-01,Общественное питание,5,panel_shrink,0.5,structural_prior
2024-04-01,Общественное питание,5,seasonal_growth,0.0,structural_prior
2024-04-01,Общественное питание,5,ridge_panel,0.0,structural_prior
2024-04-01,Общественное питание,5,chronos_seasonal,0.0,structural_prior
2024-04-01,Общественное питание,5,catboost,0.0,structural_prior
2024-04-01,Общественное питание,5,lightgbm,0.0,structural_prior
2024-04-01,Общественное питание,5,pooled_yoy_damped,0.5,structural_prior
2024-04-01,Общественное питание,5,seasonal_ratio,0.0,structural_prior
2024-04-01,Общественное питание,6,panel_shrink,0.5,structural_prior
2024-04-01,Общественное питание,6,seasonal_growth,0.0,structural_prior
2024-04-01,Общественное питание,6,ridge_panel,0.0,structural_prior
2024-04-01,Общественное питание,6,chronos_seasonal,0.0,structural_prior
2024-04-01,Общественное питание,6,catboost,0.0,structural_prior
2024-04-01,Общественное питание,6,lightgbm,0.0,structural_prior
2024-04-01,Общественное питание,6,pooled_yoy_damped,0.5,structural_prior
2024-04-01,Общественное питание,6,seasonal_ratio,0.0,structural_prior
2024-04-01,Общественное питание,7,panel_shrink,0.5,structural_prior
2024-04-01,Общественное питание,7,seasonal_growth,0.0,structural_prior
2024-04-01,Общественное питание,7,ridge_panel,0.0,structural_prior
2024-04-01,Общественное питание,7,chronos_seasonal,0.0,structural_prior
2024-04-01,Общественное питание,7,catboost,0.0,structural_prior
2024-04-01,Общественное питание,7,lightgbm,0.0,structural_prior
2024-04-01,Общественное питание,7,pooled_yoy_damped,0.5,structural_prior
2024-04-01,Общественное питание,7,seasonal_ratio,0.0,structural_prior
2024-04-01,Общественное питание,8,panel_shrink,0.5,structural_prior
2024-04-01,Общественное питание,8,seasonal_growth,0.0,structural_prior
2024-04-01,Общественное питание,8,ridge_panel,0.0,structural_prior
2024-04-01,Общественное питание,8,chronos_seasonal,0.0,structural_prior
2024-04-01,Общественное питание,8,catboost,0.0,structural_prior
2024-04-01,Общественное питание,8,lightgbm,0.0,structural_prior
2024-04-01,Общественное питание,8,pooled_yoy_damped,0.5,structural_prior
2024-04-01,Общественное питание,8,seasonal_ratio,0.0,structural_prior
2024-04-01,Продовольствие,1,panel_shrink,0.0,two_best_matured_recent_paired_mae
2024-04-01,Продовольствие,1,seasonal_growth,0.0,two_best_matured_recent_paired_mae
2024-04-01,Продовольствие,1,ridge_panel,0.0,two_best_matured_recent_paired_mae
2024-04-01,Продовольствие,1,chronos_seasonal,0.0,two_best_matured_recent_paired_mae
2024-04-01,Продовольствие,1,catboost,0.0,two_best_matured_recent_paired_mae
2024-04-01,Продовольствие,1,lightgbm,0.0,two_best_matured_recent_paired_mae
2024-04-01,Продовольствие,1,pooled_yoy_damped,0.3,two_best_matured_recent_paired_mae
2024-04-01,Продовольствие,1,seasonal_ratio,0.7,two_best_matured_recent_paired_mae
2024-04-01,Продовольствие,2,panel_shrink,0.0,two_best_matured_recent_paired_mae
2024-04-01,Продовольствие,2,seasonal_growth,0.0,two_best_matured_recent_paired_mae
2024-04-01,Продовольствие,2,ridge_panel,0.0,two_best_matured_recent_paired_mae
2024-04-01,Продовольствие,2,chronos_seasonal,0.0,two_best_matured_recent_paired_mae
2024-04-01,Продовольствие,2,catboost,0.0,two_best_matured_recent_paired_mae
2024-04-01,Продовольствие,2,lightgbm,0.0,two_best_matured_recent_paired_mae
2024-04-01,Продовольствие,2,pooled_yoy_damped,0.3,two_best_matured_recent_paired_mae
2024-04-01,Продовольствие,2,seasonal_ratio,0.7,two_best_matured_recent_paired_mae
2024-04-01,Продовольствие,3,panel_shrink,0.5,structural_prior
2024-04-01,Продовольствие,3,seasonal_growth,0.0,structural_prior
2024-04-01,Продовольствие,3,ridge_panel,0.0,structural_prior
2024-04-01,Продовольствие,3,chronos_seasonal,0.0,structural_prior
2024-04-01,Продовольствие,3,catboost,0.0,structural_prior
2024-04-01,Продовольствие,3,lightgbm,0.0,structural_prior
2024-04-01,Продовольствие,3,pooled_yoy_damped,0.5,structural_prior
2024-04-01,Продовольствие,3,seasonal_ratio,0.0,structural_prior
2024-04-01,Продовольствие,4,panel_shrink,0.5,structural_prior
2024-04-01,Продовольствие,4,seasonal_growth,0.0,structural_prior
2024-04-01,Продовольствие,4,ridge_panel,0.0,structural_prior
2024-04-01,Продовольствие,4,chronos_seasonal,0.0,structural_prior
2024-04-01,Продовольствие,4,catboost,0.0,structural_prior
2024-04-01,Продовольствие,4,lightgbm,0.0,structural_prior
2024-04-01,Продовольствие,4,pooled_yoy_damped,0.5,structural_prior
2024-04-01,Продовольствие,4,seasonal_ratio,0.0,structural_prior
2024-04-01,Продовольствие,5,panel_shrink,0.5,structural_prior
2024-04-01,Продовольствие,5,seasonal_growth,0.0,structural_prior
2024-04-01,Продовольствие,5,ridge_panel,0.0,structural_prior
2024-04-01,Продовольствие,5,chronos_seasonal,0.0,structural_prior
2024-04-01,Продовольствие,5,catboost,0.0,structural_prior
2024-04-01,Продовольствие,5,lightgbm,0.0,structural_prior
2024-04-01,Продовольствие,5,pooled_yoy_damped,0.5,structural_prior
2024-04-01,Продовольствие,5,seasonal_ratio,0.0,structural_prior
2024-04-01,Продовольствие,6,panel_shrink,0.5,structural_prior
2024-04-01,Продовольствие,6,seasonal_growth,0.0,structural_prior
2024-04-01,Продовольствие,6,ridge_panel,0.0,structural_prior
2024-04-01,Продовольствие,6,chronos_seasonal,0.0,structural_prior
2024-04-01,Продовольствие,6,catboost,0.0,structural_prior
2024-04-01,Продовольствие,6,lightgbm,0.0,structural_prior
2024-04-01,Продовольствие,6,pooled_yoy_damped,0.5,structural_prior
2024-04-01,Продовольствие,6,seasonal_ratio,0.0,structural_prior
2024-04-01,Продовольствие,7,panel_shrink,0.5,structural_prior
2024-04-01,Продовольствие,7,seasonal_growth,0.0,structural_prior
2024-04-01,Продовольствие,7,ridge_panel,0.0,structural_prior
2024-04-01,Продовольствие,7,chronos_seasonal,0.0,structural_prior
2024-04-01,Продовольствие,7,catboost,0.0,structural_prior
2024-04-01,Продовольствие,7,lightgbm,0.0,structural_prior
2024-04-01,Продовольствие,7,pooled_yoy_damped,0.5,structural_prior
2024-04-01,Продовольствие,7,seasonal_ratio,0.0,structural_prior
2024-04-01,Продовольствие,8,panel_shrink,0.5,structural_prior
2024-04-01,Продовольствие,8,seasonal_growth,0.0,structural_prior
2024-04-01,Продовольствие,8,ridge_panel,0.0,structural_prior
2024-04-01,Продовольствие,8,chronos_seasonal,0.0,structural_prior
2024-04-01,Продовольствие,8,catboost,0.0,structural_prior
2024-04-01,Продовольствие,8,lightgbm,0.0,structural_prior
2024-04-01,Продовольствие,8,pooled_yoy_damped,0.5,structural_prior
2024-04-01,Продовольствие,8,seasonal_ratio,0.0,structural_prior
2024-04-01,Транспорт,1,panel_shrink,0.0,two_best_matured_recent_paired_mae
2024-04-01,Транспорт,1,seasonal_growth,0.0,two_best_matured_recent_paired_mae
2024-04-01,Транспорт,1,ridge_panel,0.0,two_best_matured_recent_paired_mae
2024-04-01,Транспорт,1,chronos_seasonal,0.0,two_best_matured_recent_paired_mae
2024-04-01,Транспорт,1,catboost,0.3,two_best_matured_recent_paired_mae
2024-04-01,Транспорт,1,lightgbm,0.7,two_best_matured_recent_paired_mae
2024-04-01,Транспорт,1,pooled_yoy_damped,0.0,two_best_matured_recent_paired_mae
2024-04-01,Транспорт,1,seasonal_ratio,0.0,two_best_matured_recent_paired_mae
2024-04-01,Транспорт,2,panel_shrink,0.0,two_best_matured_recent_paired_mae
2024-04-01,Транспорт,2,seasonal_growth,0.0,two_best_matured_recent_paired_mae
2024-04-01,Транспорт,2,ridge_panel,0.3,two_best_matured_recent_paired_mae
2024-04-01,Транспорт,2,chronos_seasonal,0.0,two_best_matured_recent_paired_mae
2024-04-01,Транспорт,2,catboost,0.0,two_best_matured_recent_paired_mae
2024-04-01,Транспорт,2,lightgbm,0.7,two_best_matured_recent_paired_mae
2024-04-01,Транспорт,2,pooled_yoy_damped,0.0,two_best_matured_recent_paired_mae
2024-04-01,Транспорт,2,seasonal_ratio,0.0,two_best_matured_recent_paired_mae
2024-04-01,Транспорт,3,panel_shrink,0.5,structural_prior
2024-04-01,Транспорт,3,seasonal_growth,0.0,structural_prior
2024-04-01,Транспорт,3,ridge_panel,0.0,structural_prior
2024-04-01,Транспорт,3,chronos_seasonal,0.0,structural_prior
2024-04-01,Транспорт,3,catboost,0.0,structural_prior
2024-04-01,Транспорт,3,lightgbm,0.0,structural_prior
2024-04-01,Транспорт,3,pooled_yoy_damped,0.5,structural_prior
2024-04-01,Транспорт,3,seasonal_ratio,0.0,structural_prior
2024-04-01,Транспорт,4,panel_shrink,0.5,structural_prior
2024-04-01,Транспорт,4,seasonal_growth,0.0,structural_prior
2024-04-01,Транспорт,4,ridge_panel,0.0,structural_prior
2024-04-01,Транспорт,4,chronos_seasonal,0.0,structural_prior
2024-04-01,Транспорт,4,catboost,0.0,structural_prior
2024-04-01,Транспорт,4,lightgbm,0.0,structural_prior
2024-04-01,Транспорт,4,pooled_yoy_damped,0.5,structural_prior
2024-04-01,Транспорт,4,seasonal_ratio,0.0,structural_prior
2024-04-01,Транспорт,5,panel_shrink,0.5,structural_prior
2024-04-01,Транспорт,5,seasonal_growth,0.0,structural_prior
2024-04-01,Транспорт,5,ridge_panel,0.0,structural_prior
2024-04-01,Транспорт,5,chronos_seasonal,0.0,structural_prior
2024-04-01,Транспорт,5,catboost,0.0,structural_prior
2024-04-01,Транспорт,5,lightgbm,0.0,structural_prior
2024-04-01,Транспорт,5,pooled_yoy_damped,0.5,structural_prior
2024-04-01,Транспорт,5,seasonal_ratio,0.0,structural_prior
2024-04-01,Транспорт,6,panel_shrink,0.5,structural_prior
2024-04-01,Транспорт,6,seasonal_growth,0.0,structural_prior
2024-04-01,Транспорт,6,ridge_panel,0.0,structural_prior
2024-04-01,Транспорт,6,chronos_seasonal,0.0,structural_prior
2024-04-01,Транспорт,6,catboost,0.0,structural_prior
2024-04-01,Транспорт,6,lightgbm,0.0,structural_prior
2024-04-01,Транспорт,6,pooled_yoy_damped,0.5,structural_prior
2024-04-01,Транспорт,6,seasonal_ratio,0.0,structural_prior
2024-04-01,Транспорт,7,panel_shrink,0.5,structural_prior
2024-04-01,Транспорт,7,seasonal_growth,0.0,structural_prior
2024-04-01,Транспорт,7,ridge_panel,0.0,structural_prior
2024-04-01,Транспорт,7,chronos_seasonal,0.0,structural_prior
2024-04-01,Транспорт,7,catboost,0.0,structural_prior
2024-04-01,Транспорт,7,lightgbm,0.0,structural_prior
2024-04-01,Транспорт,7,pooled_yoy_damped,0.5,structural_prior
2024-04-01,Транспорт,7,seasonal_ratio,0.0,structural_prior
2024-04-01,Транспорт,8,panel_shrink,0.5,structural_prior
2024-04-01,Транспорт,8,seasonal_growth,0.0,structural_prior
2024-04-01,Транспорт,8,ridge_panel,0.0,structural_prior
2024-04-01,Транспорт,8,chronos_seasonal,0.0,structural_prior
2024-04-01,Транспорт,8,catboost,0.0,structural_prior
2024-04-01,Транспорт,8,lightgbm,0.0,structural_prior
2024-04-01,Транспорт,8,pooled_yoy_damped,0.5,structural_prior
2024-04-01,Транспорт,8,seasonal_ratio,0.0,structural_prior
2024-05-01,Все категории,1,panel_shrink,0.3,two_best_matured_recent_paired_mae
2024-05-01,Все категории,1,seasonal_growth,0.0,two_best_matured_recent_paired_mae
2024-05-01,Все категории,1,ridge_panel,0.0,two_best_matured_recent_paired_mae
2024-05-01,Все категории,1,chronos_seasonal,0.0,two_best_matured_recent_paired_mae
2024-05-01,Все категории,1,catboost,0.0,two_best_matured_recent_paired_mae
2024-05-01,Все категории,1,lightgbm,0.0,two_best_matured_recent_paired_mae
2024-05-01,Все категории,1,pooled_yoy_damped,0.0,two_best_matured_recent_paired_mae
2024-05-01,Все категории,1,seasonal_ratio,0.7,two_best_matured_recent_paired_mae
2024-05-01,Все категории,2,panel_shrink,0.0,two_best_matured_recent_paired_mae
2024-05-01,Все категории,2,seasonal_growth,0.0,two_best_matured_recent_paired_mae
2024-05-01,Все категории,2,ridge_panel,0.0,two_best_matured_recent_paired_mae
2024-05-01,Все категории,2,chronos_seasonal,0.0,two_best_matured_recent_paired_mae
2024-05-01,Все категории,2,catboost,0.0,two_best_matured_recent_paired_mae
2024-05-01,Все категории,2,lightgbm,0.0,two_best_matured_recent_paired_mae
2024-05-01,Все категории,2,pooled_yoy_damped,0.3,two_best_matured_recent_paired_mae
2024-05-01,Все категории,2,seasonal_ratio,0.7,two_best_matured_recent_paired_mae
2024-05-01,Все категории,3,panel_shrink,0.0,two_best_matured_recent_paired_mae
2024-05-01,Все категории,3,seasonal_growth,0.0,two_best_matured_recent_paired_mae
2024-05-01,Все категории,3,ridge_panel,0.0,two_best_matured_recent_paired_mae
2024-05-01,Все категории,3,chronos_seasonal,0.0,two_best_matured_recent_paired_mae
2024-05-01,Все категории,3,catboost,0.0,two_best_matured_recent_paired_mae
2024-05-01,Все категории,3,lightgbm,0.0,two_best_matured_recent_paired_mae
2024-05-01,Все категории,3,pooled_yoy_damped,0.3,two_best_matured_recent_paired_mae
2024-05-01,Все категории,3,seasonal_ratio,0.7,two_best_matured_recent_paired_mae
2024-05-01,Все категории,4,panel_shrink,0.5,structural_prior
2024-05-01,Все категории,4,seasonal_growth,0.0,structural_prior
2024-05-01,Все категории,4,ridge_panel,0.0,structural_prior
2024-05-01,Все категории,4,chronos_seasonal,0.0,structural_prior
2024-05-01,Все категории,4,catboost,0.0,structural_prior
2024-05-01,Все категории,4,lightgbm,0.0,structural_prior
2024-05-01,Все категории,4,pooled_yoy_damped,0.5,structural_prior
2024-05-01,Все категории,4,seasonal_ratio,0.0,structural_prior
2024-05-01,Все категории,5,panel_shrink,0.5,structural_prior
2024-05-01,Все категории,5,seasonal_growth,0.0,structural_prior
2024-05-01,Все категории,5,ridge_panel,0.0,structural_prior
2024-05-01,Все категории,5,chronos_seasonal,0.0,structural_prior
2024-05-01,Все категории,5,catboost,0.0,structural_prior
2024-05-01,Все категории,5,lightgbm,0.0,structural_prior
2024-05-01,Все категории,5,pooled_yoy_damped,0.5,structural_prior
2024-05-01,Все категории,5,seasonal_ratio,0.0,structural_prior
2024-05-01,Все категории,6,panel_shrink,0.5,structural_prior
2024-05-01,Все категории,6,seasonal_growth,0.0,structural_prior
2024-05-01,Все категории,6,ridge_panel,0.0,structural_prior
2024-05-01,Все категории,6,chronos_seasonal,0.0,structural_prior
2024-05-01,Все категории,6,catboost,0.0,structural_prior
2024-05-01,Все категории,6,lightgbm,0.0,structural_prior
2024-05-01,Все категории,6,pooled_yoy_damped,0.5,structural_prior
2024-05-01,Все категории,6,seasonal_ratio,0.0,structural_prior
2024-05-01,Все категории,7,panel_shrink,0.5,structural_prior
2024-05-01,Все категории,7,seasonal_growth,0.0,structural_prior
2024-05-01,Все категории,7,ridge_panel,0.0,structural_prior
2024-05-01,Все категории,7,chronos_seasonal,0.0,structural_prior
2024-05-01,Все категории,7,catboost,0.0,structural_prior
2024-05-01,Все категории,7,lightgbm,0.0,structural_prior
2024-05-01,Все категории,7,pooled_yoy_damped,0.5,structural_prior
2024-05-01,Все категории,7,seasonal_ratio,0.0,structural_prior
2024-05-01,Здоровье,1,panel_shrink,0.7,two_best_matured_recent_paired_mae
2024-05-01,Здоровье,1,seasonal_growth,0.0,two_best_matured_recent_paired_mae
2024-05-01,Здоровье,1,ridge_panel,0.3,two_best_matured_recent_paired_mae
2024-05-01,Здоровье,1,chronos_seasonal,0.0,two_best_matured_recent_paired_mae
2024-05-01,Здоровье,1,catboost,0.0,two_best_matured_recent_paired_mae
2024-05-01,Здоровье,1,lightgbm,0.0,two_best_matured_recent_paired_mae
2024-05-01,Здоровье,1,pooled_yoy_damped,0.0,two_best_matured_recent_paired_mae
2024-05-01,Здоровье,1,seasonal_ratio,0.0,two_best_matured_recent_paired_mae
2024-05-01,Здоровье,2,panel_shrink,0.3,two_best_matured_recent_paired_mae
2024-05-01,Здоровье,2,seasonal_growth,0.0,two_best_matured_recent_paired_mae
2024-05-01,Здоровье,2,ridge_panel,0.7,two_best_matured_recent_paired_mae
2024-05-01,Здоровье,2,chronos_seasonal,0.0,two_best_matured_recent_paired_mae
2024-05-01,Здоровье,2,catboost,0.0,two_best_matured_recent_paired_mae
2024-05-01,Здоровье,2,lightgbm,0.0,two_best_matured_recent_paired_mae
2024-05-01,Здоровье,2,pooled_yoy_damped,0.0,two_best_matured_recent_paired_mae
2024-05-01,Здоровье,2,seasonal_ratio,0.0,two_best_matured_recent_paired_mae
2024-05-01,Здоровье,3,panel_shrink,0.0,two_best_matured_recent_paired_mae
2024-05-01,Здоровье,3,seasonal_growth,0.0,two_best_matured_recent_paired_mae
2024-05-01,Здоровье,3,ridge_panel,0.3,two_best_matured_recent_paired_mae
2024-05-01,Здоровье,3,chronos_seasonal,0.0,two_best_matured_recent_paired_mae
2024-05-01,Здоровье,3,catboost,0.7,two_best_matured_recent_paired_mae
2024-05-01,Здоровье,3,lightgbm,0.0,two_best_matured_recent_paired_mae
2024-05-01,Здоровье,3,pooled_yoy_damped,0.0,two_best_matured_recent_paired_mae
2024-05-01,Здоровье,3,seasonal_ratio,0.0,two_best_matured_recent_paired_mae
2024-05-01,Здоровье,4,panel_shrink,0.5,structural_prior
2024-05-01,Здоровье,4,seasonal_growth,0.0,structural_prior
2024-05-01,Здоровье,4,ridge_panel,0.0,structural_prior
2024-05-01,Здоровье,4,chronos_seasonal,0.0,structural_prior
2024-05-01,Здоровье,4,catboost,0.0,structural_prior
2024-05-01,Здоровье,4,lightgbm,0.0,structural_prior
2024-05-01,Здоровье,4,pooled_yoy_damped,0.5,structural_prior
2024-05-01,Здоровье,4,seasonal_ratio,0.0,structural_prior
2024-05-01,Здоровье,5,panel_shrink,0.5,structural_prior
2024-05-01,Здоровье,5,seasonal_growth,0.0,structural_prior
2024-05-01,Здоровье,5,ridge_panel,0.0,structural_prior
2024-05-01,Здоровье,5,chronos_seasonal,0.0,structural_prior
2024-05-01,Здоровье,5,catboost,0.0,structural_prior
2024-05-01,Здоровье,5,lightgbm,0.0,structural_prior
2024-05-01,Здоровье,5,pooled_yoy_damped,0.5,structural_prior
2024-05-01,Здоровье,5,seasonal_ratio,0.0,structural_prior
2024-05-01,Здоровье,6,panel_shrink,0.5,structural_prior
2024-05-01,Здоровье,6,seasonal_growth,0.0,structural_prior
2024-05-01,Здоровье,6,ridge_panel,0.0,structural_prior
2024-05-01,Здоровье,6,chronos_seasonal,0.0,structural_prior
2024-05-01,Здоровье,6,catboost,0.0,structural_prior
2024-05-01,Здоровье,6,lightgbm,0.0,structural_prior
2024-05-01,Здоровье,6,pooled_yoy_damped,0.5,structural_prior
2024-05-01,Здоровье,6,seasonal_ratio,0.0,structural_prior
2024-05-01,Здоровье,7,panel_shrink,0.5,structural_prior
2024-05-01,Здоровье,7,seasonal_growth,0.0,structural_prior
2024-05-01,Здоровье,7,ridge_panel,0.0,structural_prior
2024-05-01,Здоровье,7,chronos_seasonal,0.0,structural_prior
2024-05-01,Здоровье,7,catboost,0.0,structural_prior
2024-05-01,Здоровье,7,lightgbm,0.0,structural_prior
2024-05-01,Здоровье,7,pooled_yoy_damped,0.5,structural_prior
2024-05-01,Здоровье,7,seasonal_ratio,0.0,structural_prior
2024-05-01,Маркетплейсы,1,panel_shrink,0.3,two_best_matured_recent_paired_mae
2024-05-01,Маркетплейсы,1,seasonal_growth,0.0,two_best_matured_recent_paired_mae
2024-05-01,Маркетплейсы,1,ridge_panel,0.7,two_best_matured_recent_paired_mae
2024-05-01,Маркетплейсы,1,chronos_seasonal,0.0,two_best_matured_recent_paired_mae
2024-05-01,Маркетплейсы,1,catboost,0.0,two_best_matured_recent_paired_mae
2024-05-01,Маркетплейсы,1,lightgbm,0.0,two_best_matured_recent_paired_mae
2024-05-01,Маркетплейсы,1,pooled_yoy_damped,0.0,two_best_matured_recent_paired_mae
2024-05-01,Маркетплейсы,1,seasonal_ratio,0.0,two_best_matured_recent_paired_mae
2024-05-01,Маркетплейсы,2,panel_shrink,0.0,two_best_matured_recent_paired_mae
2024-05-01,Маркетплейсы,2,seasonal_growth,0.3,two_best_matured_recent_paired_mae
2024-05-01,Маркетплейсы,2,ridge_panel,0.7,two_best_matured_recent_paired_mae
2024-05-01,Маркетплейсы,2,chronos_seasonal,0.0,two_best_matured_recent_paired_mae
2024-05-01,Маркетплейсы,2,catboost,0.0,two_best_matured_recent_paired_mae
2024-05-01,Маркетплейсы,2,lightgbm,0.0,two_best_matured_recent_paired_mae
2024-05-01,Маркетплейсы,2,pooled_yoy_damped,0.0,two_best_matured_recent_paired_mae
2024-05-01,Маркетплейсы,2,seasonal_ratio,0.0,two_best_matured_recent_paired_mae
2024-05-01,Маркетплейсы,3,panel_shrink,0.0,two_best_matured_recent_paired_mae
2024-05-01,Маркетплейсы,3,seasonal_growth,0.3,two_best_matured_recent_paired_mae
2024-05-01,Маркетплейсы,3,ridge_panel,0.7,two_best_matured_recent_paired_mae
2024-05-01,Маркетплейсы,3,chronos_seasonal,0.0,two_best_matured_recent_paired_mae
2024-05-01,Маркетплейсы,3,catboost,0.0,two_best_matured_recent_paired_mae
2024-05-01,Маркетплейсы,3,lightgbm,0.0,two_best_matured_recent_paired_mae
2024-05-01,Маркетплейсы,3,pooled_yoy_damped,0.0,two_best_matured_recent_paired_mae
2024-05-01,Маркетплейсы,3,seasonal_ratio,0.0,two_best_matured_recent_paired_mae
2024-05-01,Маркетплейсы,4,panel_shrink,0.5,structural_prior
2024-05-01,Маркетплейсы,4,seasonal_growth,0.0,structural_prior
2024-05-01,Маркетплейсы,4,ridge_panel,0.0,structural_prior
2024-05-01,Маркетплейсы,4,chronos_seasonal,0.0,structural_prior
2024-05-01,Маркетплейсы,4,catboost,0.0,structural_prior
2024-05-01,Маркетплейсы,4,lightgbm,0.0,structural_prior
2024-05-01,Маркетплейсы,4,pooled_yoy_damped,0.5,structural_prior
2024-05-01,Маркетплейсы,4,seasonal_ratio,0.0,structural_prior
2024-05-01,Маркетплейсы,5,panel_shrink,0.5,structural_prior
2024-05-01,Маркетплейсы,5,seasonal_growth,0.0,structural_prior
2024-05-01,Маркетплейсы,5,ridge_panel,0.0,structural_prior
2024-05-01,Маркетплейсы,5,chronos_seasonal,0.0,structural_prior
2024-05-01,Маркетплейсы,5,catboost,0.0,structural_prior
2024-05-01,Маркетплейсы,5,lightgbm,0.0,structural_prior
2024-05-01,Маркетплейсы,5,pooled_yoy_damped,0.5,structural_prior
2024-05-01,Маркетплейсы,5,seasonal_ratio,0.0,structural_prior
2024-05-01,Маркетплейсы,6,panel_shrink,0.5,structural_prior
2024-05-01,Маркетплейсы,6,seasonal_growth,0.0,structural_prior
2024-05-01,Маркетплейсы,6,ridge_panel,0.0,structural_prior
2024-05-01,Маркетплейсы,6,chronos_seasonal,0.0,structural_prior
2024-05-01,Маркетплейсы,6,catboost,0.0,structural_prior
2024-05-01,Маркетплейсы,6,lightgbm,0.0,structural_prior
2024-05-01,Маркетплейсы,6,pooled_yoy_damped,0.5,structural_prior
2024-05-01,Маркетплейсы,6,seasonal_ratio,0.0,structural_prior
2024-05-01,Маркетплейсы,7,panel_shrink,0.5,structural_prior
2024-05-01,Маркетплейсы,7,seasonal_growth,0.0,structural_prior
2024-05-01,Маркетплейсы,7,ridge_panel,0.0,structural_prior
2024-05-01,Маркетплейсы,7,chronos_seasonal,0.0,structural_prior
2024-05-01,Маркетплейсы,7,catboost,0.0,structural_prior
2024-05-01,Маркетплейсы,7,lightgbm,0.0,structural_prior
2024-05-01,Маркетплейсы,7,pooled_yoy_damped,0.5,structural_prior
2024-05-01,Маркетплейсы,7,seasonal_ratio,0.0,structural_prior
2024-05-01,Общественное питание,1,panel_shrink,0.0,two_best_matured_recent_paired_mae
2024-05-01,Общественное питание,1,seasonal_growth,0.0,two_best_matured_recent_paired_mae
2024-05-01,Общественное питание,1,ridge_panel,0.0,two_best_matured_recent_paired_mae
2024-05-01,Общественное питание,1,chronos_seasonal,0.0,two_best_matured_recent_paired_mae
2024-05-01,Общественное питание,1,catboost,0.0,two_best_matured_recent_paired_mae
2024-05-01,Общественное питание,1,lightgbm,0.3,two_best_matured_recent_paired_mae
2024-05-01,Общественное питание,1,pooled_yoy_damped,0.0,two_best_matured_recent_paired_mae
2024-05-01,Общественное питание,1,seasonal_ratio,0.7,two_best_matured_recent_paired_mae
2024-05-01,Общественное питание,2,panel_shrink,0.0,two_best_matured_recent_paired_mae
2024-05-01,Общественное питание,2,seasonal_growth,0.3,two_best_matured_recent_paired_mae
2024-05-01,Общественное питание,2,ridge_panel,0.0,two_best_matured_recent_paired_mae
2024-05-01,Общественное питание,2,chronos_seasonal,0.0,two_best_matured_recent_paired_mae
2024-05-01,Общественное питание,2,catboost,0.0,two_best_matured_recent_paired_mae
2024-05-01,Общественное питание,2,lightgbm,0.7,two_best_matured_recent_paired_mae
2024-05-01,Общественное питание,2,pooled_yoy_damped,0.0,two_best_matured_recent_paired_mae
2024-05-01,Общественное питание,2,seasonal_ratio,0.0,two_best_matured_recent_paired_mae
2024-05-01,Общественное питание,3,panel_shrink,0.0,two_best_matured_recent_paired_mae
2024-05-01,Общественное питание,3,seasonal_growth,0.7,two_best_matured_recent_paired_mae
2024-05-01,Общественное питание,3,ridge_panel,0.0,two_best_matured_recent_paired_mae
2024-05-01,Общественное питание,3,chronos_seasonal,0.0,two_best_matured_recent_paired_mae
2024-05-01,Общественное питание,3,catboost,0.0,two_best_matured_recent_paired_mae
2024-05-01,Общественное питание,3,lightgbm,0.3,two_best_matured_recent_paired_mae
2024-05-01,Общественное питание,3,pooled_yoy_damped,0.0,two_best_matured_recent_paired_mae
2024-05-01,Общественное питание,3,seasonal_ratio,0.0,two_best_matured_recent_paired_mae
2024-05-01,Общественное питание,4,panel_shrink,0.5,structural_prior
2024-05-01,Общественное питание,4,seasonal_growth,0.0,structural_prior
2024-05-01,Общественное питание,4,ridge_panel,0.0,structural_prior
2024-05-01,Общественное питание,4,chronos_seasonal,0.0,structural_prior
2024-05-01,Общественное питание,4,catboost,0.0,structural_prior
2024-05-01,Общественное питание,4,lightgbm,0.0,structural_prior
2024-05-01,Общественное питание,4,pooled_yoy_damped,0.5,structural_prior
2024-05-01,Общественное питание,4,seasonal_ratio,0.0,structural_prior
2024-05-01,Общественное питание,5,panel_shrink,0.5,structural_prior
2024-05-01,Общественное питание,5,seasonal_growth,0.0,structural_prior
2024-05-01,Общественное питание,5,ridge_panel,0.0,structural_prior
2024-05-01,Общественное питание,5,chronos_seasonal,0.0,structural_prior
2024-05-01,Общественное питание,5,catboost,0.0,structural_prior
2024-05-01,Общественное питание,5,lightgbm,0.0,structural_prior
2024-05-01,Общественное питание,5,pooled_yoy_damped,0.5,structural_prior
2024-05-01,Общественное питание,5,seasonal_ratio,0.0,structural_prior
2024-05-01,Общественное питание,6,panel_shrink,0.5,structural_prior
2024-05-01,Общественное питание,6,seasonal_growth,0.0,structural_prior
2024-05-01,Общественное питание,6,ridge_panel,0.0,structural_prior
2024-05-01,Общественное питание,6,chronos_seasonal,0.0,structural_prior
2024-05-01,Общественное питание,6,catboost,0.0,structural_prior
2024-05-01,Общественное питание,6,lightgbm,0.0,structural_prior
2024-05-01,Общественное питание,6,pooled_yoy_damped,0.5,structural_prior
2024-05-01,Общественное питание,6,seasonal_ratio,0.0,structural_prior
2024-05-01,Общественное питание,7,panel_shrink,0.5,structural_prior
2024-05-01,Общественное питание,7,seasonal_growth,0.0,structural_prior
2024-05-01,Общественное питание,7,ridge_panel,0.0,structural_prior
2024-05-01,Общественное питание,7,chronos_seasonal,0.0,structural_prior
2024-05-01,Общественное питание,7,catboost,0.0,structural_prior
2024-05-01,Общественное питание,7,lightgbm,0.0,structural_prior
2024-05-01,Общественное питание,7,pooled_yoy_damped,0.5,structural_prior
2024-05-01,Общественное питание,7,seasonal_ratio,0.0,structural_prior
2024-05-01,Продовольствие,1,panel_shrink,0.0,two_best_matured_recent_paired_mae
2024-05-01,Продовольствие,1,seasonal_growth,0.0,two_best_matured_recent_paired_mae
2024-05-01,Продовольствие,1,ridge_panel,0.0,two_best_matured_recent_paired_mae
2024-05-01,Продовольствие,1,chronos_seasonal,0.0,two_best_matured_recent_paired_mae
2024-05-01,Продовольствие,1,catboost,0.0,two_best_matured_recent_paired_mae
2024-05-01,Продовольствие,1,lightgbm,0.0,two_best_matured_recent_paired_mae
2024-05-01,Продовольствие,1,pooled_yoy_damped,0.3,two_best_matured_recent_paired_mae
2024-05-01,Продовольствие,1,seasonal_ratio,0.7,two_best_matured_recent_paired_mae
2024-05-01,Продовольствие,2,panel_shrink,0.0,two_best_matured_recent_paired_mae
2024-05-01,Продовольствие,2,seasonal_growth,0.0,two_best_matured_recent_paired_mae
2024-05-01,Продовольствие,2,ridge_panel,0.0,two_best_matured_recent_paired_mae
2024-05-01,Продовольствие,2,chronos_seasonal,0.0,two_best_matured_recent_paired_mae
2024-05-01,Продовольствие,2,catboost,0.0,two_best_matured_recent_paired_mae
2024-05-01,Продовольствие,2,lightgbm,0.0,two_best_matured_recent_paired_mae
2024-05-01,Продовольствие,2,pooled_yoy_damped,0.3,two_best_matured_recent_paired_mae
2024-05-01,Продовольствие,2,seasonal_ratio,0.7,two_best_matured_recent_paired_mae
2024-05-01,Продовольствие,3,panel_shrink,0.0,two_best_matured_recent_paired_mae
2024-05-01,Продовольствие,3,seasonal_growth,0.0,two_best_matured_recent_paired_mae
2024-05-01,Продовольствие,3,ridge_panel,0.0,two_best_matured_recent_paired_mae
2024-05-01,Продовольствие,3,chronos_seasonal,0.0,two_best_matured_recent_paired_mae
2024-05-01,Продовольствие,3,catboost,0.0,two_best_matured_recent_paired_mae
2024-05-01,Продовольствие,3,lightgbm,0.0,two_best_matured_recent_paired_mae
2024-05-01,Продовольствие,3,pooled_yoy_damped,0.3,two_best_matured_recent_paired_mae
2024-05-01,Продовольствие,3,seasonal_ratio,0.7,two_best_matured_recent_paired_mae
2024-05-01,Продовольствие,4,panel_shrink,0.5,structural_prior
2024-05-01,Продовольствие,4,seasonal_growth,0.0,structural_prior
2024-05-01,Продовольствие,4,ridge_panel,0.0,structural_prior
2024-05-01,Продовольствие,4,chronos_seasonal,0.0,structural_prior
2024-05-01,Продовольствие,4,catboost,0.0,structural_prior
2024-05-01,Продовольствие,4,lightgbm,0.0,structural_prior
2024-05-01,Продовольствие,4,pooled_yoy_damped,0.5,structural_prior
2024-05-01,Продовольствие,4,seasonal_ratio,0.0,structural_prior
2024-05-01,Продовольствие,5,panel_shrink,0.5,structural_prior
2024-05-01,Продовольствие,5,seasonal_growth,0.0,structural_prior
2024-05-01,Продовольствие,5,ridge_panel,0.0,structural_prior
2024-05-01,Продовольствие,5,chronos_seasonal,0.0,structural_prior
2024-05-01,Продовольствие,5,catboost,0.0,structural_prior
2024-05-01,Продовольствие,5,lightgbm,0.0,structural_prior
2024-05-01,Продовольствие,5,pooled_yoy_damped,0.5,structural_prior
2024-05-01,Продовольствие,5,seasonal_ratio,0.0,structural_prior
2024-05-01,Продовольствие,6,panel_shrink,0.5,structural_prior
2024-05-01,Продовольствие,6,seasonal_growth,0.0,structural_prior
2024-05-01,Продовольствие,6,ridge_panel,0.0,structural_prior
2024-05-01,Продовольствие,6,chronos_seasonal,0.0,structural_prior
2024-05-01,Продовольствие,6,catboost,0.0,structural_prior
2024-05-01,Продовольствие,6,lightgbm,0.0,structural_prior
2024-05-01,Продовольствие,6,pooled_yoy_damped,0.5,structural_prior
2024-05-01,Продовольствие,6,seasonal_ratio,0.0,structural_prior
2024-05-01,Продовольствие,7,panel_shrink,0.5,structural_prior
2024-05-01,Продовольствие,7,seasonal_growth,0.0,structural_prior
2024-05-01,Продовольствие,7,ridge_panel,0.0,structural_prior
2024-05-01,Продовольствие,7,chronos_seasonal,0.0,structural_prior
2024-05-01,Продовольствие,7,catboost,0.0,structural_prior
2024-05-01,Продовольствие,7,lightgbm,0.0,structural_prior
2024-05-01,Продовольствие,7,pooled_yoy_damped,0.5,structural_prior
2024-05-01,Продовольствие,7,seasonal_ratio,0.0,structural_prior
2024-05-01,Транспорт,1,panel_shrink,0.0,two_best_matured_recent_paired_mae
2024-05-01,Транспорт,1,seasonal_growth,0.0,two_best_matured_recent_paired_mae
2024-05-01,Транспорт,1,ridge_panel,0.0,two_best_matured_recent_paired_mae
2024-05-01,Транспорт,1,chronos_seasonal,0.0,two_best_matured_recent_paired_mae
2024-05-01,Транспорт,1,catboost,0.3,two_best_matured_recent_paired_mae
2024-05-01,Транспорт,1,lightgbm,0.7,two_best_matured_recent_paired_mae
2024-05-01,Транспорт,1,pooled_yoy_damped,0.0,two_best_matured_recent_paired_mae
2024-05-01,Транспорт,1,seasonal_ratio,0.0,two_best_matured_recent_paired_mae
2024-05-01,Транспорт,2,panel_shrink,0.0,two_best_matured_recent_paired_mae
2024-05-01,Транспорт,2,seasonal_growth,0.0,two_best_matured_recent_paired_mae
2024-05-01,Транспорт,2,ridge_panel,0.0,two_best_matured_recent_paired_mae
2024-05-01,Транспорт,2,chronos_seasonal,0.0,two_best_matured_recent_paired_mae
2024-05-01,Транспорт,2,catboost,0.0,two_best_matured_recent_paired_mae
2024-05-01,Транспорт,2,lightgbm,0.7,two_best_matured_recent_paired_mae
2024-05-01,Транспорт,2,pooled_yoy_damped,0.0,two_best_matured_recent_paired_mae
2024-05-01,Транспорт,2,seasonal_ratio,0.3,two_best_matured_recent_paired_mae
2024-05-01,Транспорт,3,panel_shrink,0.0,two_best_matured_recent_paired_mae
2024-05-01,Транспорт,3,seasonal_growth,0.0,two_best_matured_recent_paired_mae
2024-05-01,Транспорт,3,ridge_panel,0.3,two_best_matured_recent_paired_mae
2024-05-01,Транспорт,3,chronos_seasonal,0.0,two_best_matured_recent_paired_mae
2024-05-01,Транспорт,3,catboost,0.0,two_best_matured_recent_paired_mae
2024-05-01,Транспорт,3,lightgbm,0.7,two_best_matured_recent_paired_mae
2024-05-01,Транспорт,3,pooled_yoy_damped,0.0,two_best_matured_recent_paired_mae
2024-05-01,Транспорт,3,seasonal_ratio,0.0,two_best_matured_recent_paired_mae
2024-05-01,Транспорт,4,panel_shrink,0.5,structural_prior
2024-05-01,Транспорт,4,seasonal_growth,0.0,structural_prior
2024-05-01,Транспорт,4,ridge_panel,0.0,structural_prior
2024-05-01,Транспорт,4,chronos_seasonal,0.0,structural_prior
2024-05-01,Транспорт,4,catboost,0.0,structural_prior
2024-05-01,Транспорт,4,lightgbm,0.0,structural_prior
2024-05-01,Транспорт,4,pooled_yoy_damped,0.5,structural_prior
2024-05-01,Транспорт,4,seasonal_ratio,0.0,structural_prior
2024-05-01,Транспорт,5,panel_shrink,0.5,structural_prior
2024-05-01,Транспорт,5,seasonal_growth,0.0,structural_prior
2024-05-01,Транспорт,5,ridge_panel,0.0,structural_prior
2024-05-01,Транспорт,5,chronos_seasonal,0.0,structural_prior
2024-05-01,Транспорт,5,catboost,0.0,structural_prior
2024-05-01,Транспорт,5,lightgbm,0.0,structural_prior
2024-05-01,Транспорт,5,pooled_yoy_damped,0.5,structural_prior
2024-05-01,Транспорт,5,seasonal_ratio,0.0,structural_prior
2024-05-01,Транспорт,6,panel_shrink,0.5,structural_prior
2024-05-01,Транспорт,6,seasonal_growth,0.0,structural_prior
2024-05-01,Транспорт,6,ridge_panel,0.0,structural_prior
2024-05-01,Транспорт,6,chronos_seasonal,0.0,structural_prior
2024-05-01,Транспорт,6,catboost,0.0,structural_prior
2024-05-01,Транспорт,6,lightgbm,0.0,structural_prior
2024-05-01,Транспорт,6,pooled_yoy_damped,0.5,structural_prior
2024-05-01,Транспорт,6,seasonal_ratio,0.0,structural_prior
2024-05-01,Транспорт,7,panel_shrink,0.5,structural_prior
2024-05-01,Транспорт,7,seasonal_growth,0.0,structural_prior
2024-05-01,Транспорт,7,ridge_panel,0.0,structural_prior
2024-05-01,Транспорт,7,chronos_seasonal,0.0,structural_prior
2024-05-01,Транспорт,7,catboost,0.0,structural_prior
2024-05-01,Транспорт,7,lightgbm,0.0,structural_prior
2024-05-01,Транспорт,7,pooled_yoy_damped,0.5,structural_prior
2024-05-01,Транспорт,7,seasonal_ratio,0.0,structural_prior
2024-06-01,Все категории,1,panel_shrink,0.0,two_best_matured_recent_paired_mae
2024-06-01,Все категории,1,seasonal_growth,0.0,two_best_matured_recent_paired_mae
2024-06-01,Все категории,1,ridge_panel,0.0,two_best_matured_recent_paired_mae
2024-06-01,Все категории,1,chronos_seasonal,0.0,two_best_matured_recent_paired_mae
2024-06-01,Все категории,1,catboost,0.3,two_best_matured_recent_paired_mae
2024-06-01,Все категории,1,lightgbm,0.0,two_best_matured_recent_paired_mae
2024-06-01,Все категории,1,pooled_yoy_damped,0.0,two_best_matured_recent_paired_mae
2024-06-01,Все категории,1,seasonal_ratio,0.7,two_best_matured_recent_paired_mae
2024-06-01,Все категории,2,panel_shrink,0.0,two_best_matured_recent_paired_mae
2024-06-01,Все категории,2,seasonal_growth,0.0,two_best_matured_recent_paired_mae
2024-06-01,Все категории,2,ridge_panel,0.0,two_best_matured_recent_paired_mae
2024-06-01,Все категории,2,chronos_seasonal,0.0,two_best_matured_recent_paired_mae
2024-06-01,Все категории,2,catboost,0.0,two_best_matured_recent_paired_mae
2024-06-01,Все категории,2,lightgbm,0.0,two_best_matured_recent_paired_mae
2024-06-01,Все категории,2,pooled_yoy_damped,0.3,two_best_matured_recent_paired_mae
2024-06-01,Все категории,2,seasonal_ratio,0.7,two_best_matured_recent_paired_mae
2024-06-01,Все категории,3,panel_shrink,0.0,two_best_matured_recent_paired_mae
2024-06-01,Все категории,3,seasonal_growth,0.0,two_best_matured_recent_paired_mae
2024-06-01,Все категории,3,ridge_panel,0.0,two_best_matured_recent_paired_mae
2024-06-01,Все категории,3,chronos_seasonal,0.0,two_best_matured_recent_paired_mae
2024-06-01,Все категории,3,catboost,0.0,two_best_matured_recent_paired_mae
2024-06-01,Все категории,3,lightgbm,0.0,two_best_matured_recent_paired_mae
2024-06-01,Все категории,3,pooled_yoy_damped,0.3,two_best_matured_recent_paired_mae
2024-06-01,Все категории,3,seasonal_ratio,0.7,two_best_matured_recent_paired_mae
2024-06-01,Все категории,4,panel_shrink,0.0,two_best_matured_recent_paired_mae
2024-06-01,Все категории,4,seasonal_growth,0.0,two_best_matured_recent_paired_mae
2024-06-01,Все категории,4,ridge_panel,0.0,two_best_matured_recent_paired_mae
2024-06-01,Все категории,4,chronos_seasonal,0.0,two_best_matured_recent_paired_mae
2024-06-01,Все категории,4,catboost,0.0,two_best_matured_recent_paired_mae
2024-06-01,Все категории,4,lightgbm,0.0,two_best_matured_recent_paired_mae
2024-06-01,Все категории,4,pooled_yoy_damped,0.3,two_best_matured_recent_paired_mae
2024-06-01,Все категории,4,seasonal_ratio,0.7,two_best_matured_recent_paired_mae
2024-06-01,Все категории,5,panel_shrink,0.5,structural_prior
2024-06-01,Все категории,5,seasonal_growth,0.0,structural_prior
2024-06-01,Все категории,5,ridge_panel,0.0,structural_prior
2024-06-01,Все категории,5,chronos_seasonal,0.0,structural_prior
2024-06-01,Все категории,5,catboost,0.0,structural_prior
2024-06-01,Все категории,5,lightgbm,0.0,structural_prior
2024-06-01,Все категории,5,pooled_yoy_damped,0.5,structural_prior
2024-06-01,Все категории,5,seasonal_ratio,0.0,structural_prior
2024-06-01,Все категории,6,panel_shrink,0.5,structural_prior
2024-06-01,Все категории,6,seasonal_growth,0.0,structural_prior
2024-06-01,Все категории,6,ridge_panel,0.0,structural_prior
2024-06-01,Все категории,6,chronos_seasonal,0.0,structural_prior
2024-06-01,Все категории,6,catboost,0.0,structural_prior
2024-06-01,Все категории,6,lightgbm,0.0,structural_prior
2024-06-01,Все категории,6,pooled_yoy_damped,0.5,structural_prior
2024-06-01,Все категории,6,seasonal_ratio,0.0,structural_prior
2024-06-01,Здоровье,1,panel_shrink,0.7,two_best_matured_recent_paired_mae
2024-06-01,Здоровье,1,seasonal_growth,0.0,two_best_matured_recent_paired_mae
2024-06-01,Здоровье,1,ridge_panel,0.0,two_best_matured_recent_paired_mae
2024-06-01,Здоровье,1,chronos_seasonal,0.3,two_best_matured_recent_paired_mae
2024-06-01,Здоровье,1,catboost,0.0,two_best_matured_recent_paired_mae
2024-06-01,Здоровье,1,lightgbm,0.0,two_best_matured_recent_paired_mae
2024-06-01,Здоровье,1,pooled_yoy_damped,0.0,two_best_matured_recent_paired_mae
2024-06-01,Здоровье,1,seasonal_ratio,0.0,two_best_matured_recent_paired_mae
2024-06-01,Здоровье,2,panel_shrink,0.7,two_best_matured_recent_paired_mae
2024-06-01,Здоровье,2,seasonal_growth,0.0,two_best_matured_recent_paired_mae
2024-06-01,Здоровье,2,ridge_panel,0.3,two_best_matured_recent_paired_mae
2024-06-01,Здоровье,2,chronos_seasonal,0.0,two_best_matured_recent_paired_mae
2024-06-01,Здоровье,2,catboost,0.0,two_best_matured_recent_paired_mae
2024-06-01,Здоровье,2,lightgbm,0.0,two_best_matured_recent_paired_mae
2024-06-01,Здоровье,2,pooled_yoy_damped,0.0,two_best_matured_recent_paired_mae
2024-06-01,Здоровье,2,seasonal_ratio,0.0,two_best_matured_recent_paired_mae
2024-06-01,Здоровье,3,panel_shrink,0.7,two_best_matured_recent_paired_mae
2024-06-01,Здоровье,3,seasonal_growth,0.0,two_best_matured_recent_paired_mae
2024-06-01,Здоровье,3,ridge_panel,0.3,two_best_matured_recent_paired_mae
2024-06-01,Здоровье,3,chronos_seasonal,0.0,two_best_matured_recent_paired_mae
2024-06-01,Здоровье,3,catboost,0.0,two_best_matured_recent_paired_mae
2024-06-01,Здоровье,3,lightgbm,0.0,two_best_matured_recent_paired_mae
2024-06-01,Здоровье,3,pooled_yoy_damped,0.0,two_best_matured_recent_paired_mae
2024-06-01,Здоровье,3,seasonal_ratio,0.0,two_best_matured_recent_paired_mae
2024-06-01,Здоровье,4,panel_shrink,0.0,two_best_matured_recent_paired_mae
2024-06-01,Здоровье,4,seasonal_growth,0.0,two_best_matured_recent_paired_mae
2024-06-01,Здоровье,4,ridge_panel,0.0,two_best_matured_recent_paired_mae
2024-06-01,Здоровье,4,chronos_seasonal,0.0,two_best_matured_recent_paired_mae
2024-06-01,Здоровье,4,catboost,0.7,two_best_matured_recent_paired_mae
2024-06-01,Здоровье,4,lightgbm,0.3,two_best_matured_recent_paired_mae
2024-06-01,Здоровье,4,pooled_yoy_damped,0.0,two_best_matured_recent_paired_mae
2024-06-01,Здоровье,4,seasonal_ratio,0.0,two_best_matured_recent_paired_mae
2024-06-01,Здоровье,5,panel_shrink,0.5,structural_prior
2024-06-01,Здоровье,5,seasonal_growth,0.0,structural_prior
2024-06-01,Здоровье,5,ridge_panel,0.0,structural_prior
2024-06-01,Здоровье,5,chronos_seasonal,0.0,structural_prior
2024-06-01,Здоровье,5,catboost,0.0,structural_prior
2024-06-01,Здоровье,5,lightgbm,0.0,structural_prior
2024-06-01,Здоровье,5,pooled_yoy_damped,0.5,structural_prior
2024-06-01,Здоровье,5,seasonal_ratio,0.0,structural_prior
2024-06-01,Здоровье,6,panel_shrink,0.5,structural_prior
2024-06-01,Здоровье,6,seasonal_growth,0.0,structural_prior
2024-06-01,Здоровье,6,ridge_panel,0.0,structural_prior
2024-06-01,Здоровье,6,chronos_seasonal,0.0,structural_prior
2024-06-01,Здоровье,6,catboost,0.0,structural_prior
2024-06-01,Здоровье,6,lightgbm,0.0,structural_prior
2024-06-01,Здоровье,6,pooled_yoy_damped,0.5,structural_prior
2024-06-01,Здоровье,6,seasonal_ratio,0.0,structural_prior
2024-06-01,Маркетплейсы,1,panel_shrink,0.0,two_best_matured_recent_paired_mae
2024-06-01,Маркетплейсы,1,seasonal_growth,0.0,two_best_matured_recent_paired_mae
2024-06-01,Маркетплейсы,1,ridge_panel,0.7,two_best_matured_recent_paired_mae
2024-06-01,Маркетплейсы,1,chronos_seasonal,0.0,two_best_matured_recent_paired_mae
2024-06-01,Маркетплейсы,1,catboost,0.0,two_best_matured_recent_paired_mae
2024-06-01,Маркетплейсы,1,lightgbm,0.0,two_best_matured_recent_paired_mae
2024-06-01,Маркетплейсы,1,pooled_yoy_damped,0.0,two_best_matured_recent_paired_mae
2024-06-01,Маркетплейсы,1,seasonal_ratio,0.3,two_best_matured_recent_paired_mae
2024-06-01,Маркетплейсы,2,panel_shrink,0.0,two_best_matured_recent_paired_mae
2024-06-01,Маркетплейсы,2,seasonal_growth,0.0,two_best_matured_recent_paired_mae
2024-06-01,Маркетплейсы,2,ridge_panel,0.7,two_best_matured_recent_paired_mae
2024-06-01,Маркетплейсы,2,chronos_seasonal,0.0,two_best_matured_recent_paired_mae
2024-06-01,Маркетплейсы,2,catboost,0.0,two_best_matured_recent_paired_mae
2024-06-01,Маркетплейсы,2,lightgbm,0.0,two_best_matured_recent_paired_mae
2024-06-01,Маркетплейсы,2,pooled_yoy_damped,0.0,two_best_matured_recent_paired_mae
2024-06-01,Маркетплейсы,2,seasonal_ratio,0.3,two_best_matured_recent_paired_mae
2024-06-01,Маркетплейсы,3,panel_shrink,0.0,two_best_matured_recent_paired_mae
2024-06-01,Маркетплейсы,3,seasonal_growth,0.3,two_best_matured_recent_paired_mae
2024-06-01,Маркетплейсы,3,ridge_panel,0.7,two_best_matured_recent_paired_mae
2024-06-01,Маркетплейсы,3,chronos_seasonal,0.0,two_best_matured_recent_paired_mae
2024-06-01,Маркетплейсы,3,catboost,0.0,two_best_matured_recent_paired_mae
2024-06-01,Маркетплейсы,3,lightgbm,0.0,two_best_matured_recent_paired_mae
2024-06-01,Маркетплейсы,3,pooled_yoy_damped,0.0,two_best_matured_recent_paired_mae
2024-06-01,Маркетплейсы,3,seasonal_ratio,0.0,two_best_matured_recent_paired_mae
2024-06-01,Маркетплейсы,4,panel_shrink,0.0,two_best_matured_recent_paired_mae
2024-06-01,Маркетплейсы,4,seasonal_growth,0.3,two_best_matured_recent_paired_mae
2024-06-01,Маркетплейсы,4,ridge_panel,0.7,two_best_matured_recent_paired_mae
2024-06-01,Маркетплейсы,4,chronos_seasonal,0.0,two_best_matured_recent_paired_mae
2024-06-01,Маркетплейсы,4,catboost,0.0,two_best_matured_recent_paired_mae
2024-06-01,Маркетплейсы,4,lightgbm,0.0,two_best_matured_recent_paired_mae
2024-06-01,Маркетплейсы,4,pooled_yoy_damped,0.0,two_best_matured_recent_paired_mae
2024-06-01,Маркетплейсы,4,seasonal_ratio,0.0,two_best_matured_recent_paired_mae
2024-06-01,Маркетплейсы,5,panel_shrink,0.5,structural_prior
2024-06-01,Маркетплейсы,5,seasonal_growth,0.0,structural_prior
2024-06-01,Маркетплейсы,5,ridge_panel,0.0,structural_prior
2024-06-01,Маркетплейсы,5,chronos_seasonal,0.0,structural_prior
2024-06-01,Маркетплейсы,5,catboost,0.0,structural_prior
2024-06-01,Маркетплейсы,5,lightgbm,0.0,structural_prior
2024-06-01,Маркетплейсы,5,pooled_yoy_damped,0.5,structural_prior
2024-06-01,Маркетплейсы,5,seasonal_ratio,0.0,structural_prior
2024-06-01,Маркетплейсы,6,panel_shrink,0.5,structural_prior
2024-06-01,Маркетплейсы,6,seasonal_growth,0.0,structural_prior
2024-06-01,Маркетплейсы,6,ridge_panel,0.0,structural_prior
2024-06-01,Маркетплейсы,6,chronos_seasonal,0.0,structural_prior
2024-06-01,Маркетплейсы,6,catboost,0.0,structural_prior
2024-06-01,Маркетплейсы,6,lightgbm,0.0,structural_prior
2024-06-01,Маркетплейсы,6,pooled_yoy_damped,0.5,structural_prior
2024-06-01,Маркетплейсы,6,seasonal_ratio,0.0,structural_prior
2024-06-01,Общественное питание,1,panel_shrink,0.0,two_best_matured_recent_paired_mae
2024-06-01,Общественное питание,1,seasonal_growth,0.0,two_best_matured_recent_paired_mae
2024-06-01,Общественное питание,1,ridge_panel,0.0,two_best_matured_recent_paired_mae
2024-06-01,Общественное питание,1,chronos_seasonal,0.0,two_best_matured_recent_paired_mae
2024-06-01,Общественное питание,1,catboost,0.0,two_best_matured_recent_paired_mae
2024-06-01,Общественное питание,1,lightgbm,0.3,two_best_matured_recent_paired_mae
2024-06-01,Общественное питание,1,pooled_yoy_damped,0.0,two_best_matured_recent_paired_mae
2024-06-01,Общественное питание,1,seasonal_ratio,0.7,two_best_matured_recent_paired_mae
2024-06-01,Общественное питание,2,panel_shrink,0.3,two_best_matured_recent_paired_mae
2024-06-01,Общественное питание,2,seasonal_growth,0.0,two_best_matured_recent_paired_mae
2024-06-01,Общественное питание,2,ridge_panel,0.0,two_best_matured_recent_paired_mae
2024-06-01,Общественное питание,2,chronos_seasonal,0.0,two_best_matured_recent_paired_mae
2024-06-01,Общественное питание,2,catboost,0.0,two_best_matured_recent_paired_mae
2024-06-01,Общественное питание,2,lightgbm,0.0,two_best_matured_recent_paired_mae
2024-06-01,Общественное питание,2,pooled_yoy_damped,0.0,two_best_matured_recent_paired_mae
2024-06-01,Общественное питание,2,seasonal_ratio,0.7,two_best_matured_recent_paired_mae
2024-06-01,Общественное питание,3,panel_shrink,0.0,two_best_matured_recent_paired_mae
2024-06-01,Общественное питание,3,seasonal_growth,0.7,two_best_matured_recent_paired_mae
2024-06-01,Общественное питание,3,ridge_panel,0.0,two_best_matured_recent_paired_mae
2024-06-01,Общественное питание,3,chronos_seasonal,0.0,two_best_matured_recent_paired_mae
2024-06-01,Общественное питание,3,catboost,0.0,two_best_matured_recent_paired_mae
2024-06-01,Общественное питание,3,lightgbm,0.3,two_best_matured_recent_paired_mae
2024-06-01,Общественное питание,3,pooled_yoy_damped,0.0,two_best_matured_recent_paired_mae
2024-06-01,Общественное питание,3,seasonal_ratio,0.0,two_best_matured_recent_paired_mae
2024-06-01,Общественное питание,4,panel_shrink,0.0,two_best_matured_recent_paired_mae
2024-06-01,Общественное питание,4,seasonal_growth,0.7,two_best_matured_recent_paired_mae
2024-06-01,Общественное питание,4,ridge_panel,0.0,two_best_matured_recent_paired_mae
2024-06-01,Общественное питание,4,chronos_seasonal,0.0,two_best_matured_recent_paired_mae
2024-06-01,Общественное питание,4,catboost,0.0,two_best_matured_recent_paired_mae
2024-06-01,Общественное питание,4,lightgbm,0.0,two_best_matured_recent_paired_mae
2024-06-01,Общественное питание,4,pooled_yoy_damped,0.3,two_best_matured_recent_paired_mae
2024-06-01,Общественное питание,4,seasonal_ratio,0.0,two_best_matured_recent_paired_mae
2024-06-01,Общественное питание,5,panel_shrink,0.5,structural_prior
2024-06-01,Общественное питание,5,seasonal_growth,0.0,structural_prior
2024-06-01,Общественное питание,5,ridge_panel,0.0,structural_prior
2024-06-01,Общественное питание,5,chronos_seasonal,0.0,structural_prior
2024-06-01,Общественное питание,5,catboost,0.0,structural_prior
2024-06-01,Общественное питание,5,lightgbm,0.0,structural_prior
2024-06-01,Общественное питание,5,pooled_yoy_damped,0.5,structural_prior
2024-06-01,Общественное питание,5,seasonal_ratio,0.0,structural_prior
2024-06-01,Общественное питание,6,panel_shrink,0.5,structural_prior
2024-06-01,Общественное питание,6,seasonal_growth,0.0,structural_prior
2024-06-01,Общественное питание,6,ridge_panel,0.0,structural_prior
2024-06-01,Общественное питание,6,chronos_seasonal,0.0,structural_prior
2024-06-01,Общественное питание,6,catboost,0.0,structural_prior
2024-06-01,Общественное питание,6,lightgbm,0.0,structural_prior
2024-06-01,Общественное питание,6,pooled_yoy_damped,0.5,structural_prior
2024-06-01,Общественное питание,6,seasonal_ratio,0.0,structural_prior
2024-06-01,Продовольствие,1,panel_shrink,0.0,two_best_matured_recent_paired_mae
2024-06-01,Продовольствие,1,seasonal_growth,0.0,two_best_matured_recent_paired_mae
2024-06-01,Продовольствие,1,ridge_panel,0.0,two_best_matured_recent_paired_mae
2024-06-01,Продовольствие,1,chronos_seasonal,0.0,two_best_matured_recent_paired_mae
2024-06-01,Продовольствие,1,catboost,0.0,two_best_matured_recent_paired_mae
2024-06-01,Продовольствие,1,lightgbm,0.0,two_best_matured_recent_paired_mae
2024-06-01,Продовольствие,1,pooled_yoy_damped,0.3,two_best_matured_recent_paired_mae
2024-06-01,Продовольствие,1,seasonal_ratio,0.7,two_best_matured_recent_paired_mae
2024-06-01,Продовольствие,2,panel_shrink,0.0,two_best_matured_recent_paired_mae
2024-06-01,Продовольствие,2,seasonal_growth,0.0,two_best_matured_recent_paired_mae
2024-06-01,Продовольствие,2,ridge_panel,0.0,two_best_matured_recent_paired_mae
2024-06-01,Продовольствие,2,chronos_seasonal,0.0,two_best_matured_recent_paired_mae
2024-06-01,Продовольствие,2,catboost,0.0,two_best_matured_recent_paired_mae
2024-06-01,Продовольствие,2,lightgbm,0.0,two_best_matured_recent_paired_mae
2024-06-01,Продовольствие,2,pooled_yoy_damped,0.3,two_best_matured_recent_paired_mae
2024-06-01,Продовольствие,2,seasonal_ratio,0.7,two_best_matured_recent_paired_mae
2024-06-01,Продовольствие,3,panel_shrink,0.0,two_best_matured_recent_paired_mae
2024-06-01,Продовольствие,3,seasonal_growth,0.0,two_best_matured_recent_paired_mae
2024-06-01,Продовольствие,3,ridge_panel,0.0,two_best_matured_recent_paired_mae
2024-06-01,Продовольствие,3,chronos_seasonal,0.0,two_best_matured_recent_paired_mae
2024-06-01,Продовольствие,3,catboost,0.0,two_best_matured_recent_paired_mae
2024-06-01,Продовольствие,3,lightgbm,0.0,two_best_matured_recent_paired_mae
2024-06-01,Продовольствие,3,pooled_yoy_damped,0.3,two_best_matured_recent_paired_mae
2024-06-01,Продовольствие,3,seasonal_ratio,0.7,two_best_matured_recent_paired_mae
2024-06-01,Продовольствие,4,panel_shrink,0.0,two_best_matured_recent_paired_mae
2024-06-01,Продовольствие,4,seasonal_growth,0.0,two_best_matured_recent_paired_mae
2024-06-01,Продовольствие,4,ridge_panel,0.0,two_best_matured_recent_paired_mae
2024-06-01,Продовольствие,4,chronos_seasonal,0.0,two_best_matured_recent_paired_mae
2024-06-01,Продовольствие,4,catboost,0.0,two_best_matured_recent_paired_mae
2024-06-01,Продовольствие,4,lightgbm,0.0,two_best_matured_recent_paired_mae
2024-06-01,Продовольствие,4,pooled_yoy_damped,0.3,two_best_matured_recent_paired_mae
2024-06-01,Продовольствие,4,seasonal_ratio,0.7,two_best_matured_recent_paired_mae
2024-06-01,Продовольствие,5,panel_shrink,0.5,structural_prior
2024-06-01,Продовольствие,5,seasonal_growth,0.0,structural_prior
2024-06-01,Продовольствие,5,ridge_panel,0.0,structural_prior
2024-06-01,Продовольствие,5,chronos_seasonal,0.0,structural_prior
2024-06-01,Продовольствие,5,catboost,0.0,structural_prior
2024-06-01,Продовольствие,5,lightgbm,0.0,structural_prior
2024-06-01,Продовольствие,5,pooled_yoy_damped,0.5,structural_prior
2024-06-01,Продовольствие,5,seasonal_ratio,0.0,structural_prior
2024-06-01,Продовольствие,6,panel_shrink,0.5,structural_prior
2024-06-01,Продовольствие,6,seasonal_growth,0.0,structural_prior
2024-06-01,Продовольствие,6,ridge_panel,0.0,structural_prior
2024-06-01,Продовольствие,6,chronos_seasonal,0.0,structural_prior
2024-06-01,Продовольствие,6,catboost,0.0,structural_prior
2024-06-01,Продовольствие,6,lightgbm,0.0,structural_prior
2024-06-01,Продовольствие,6,pooled_yoy_damped,0.5,structural_prior
2024-06-01,Продовольствие,6,seasonal_ratio,0.0,structural_prior
2024-06-01,Транспорт,1,panel_shrink,0.0,two_best_matured_recent_paired_mae
2024-06-01,Транспорт,1,seasonal_growth,0.0,two_best_matured_recent_paired_mae
2024-06-01,Транспорт,1,ridge_panel,0.0,two_best_matured_recent_paired_mae
2024-06-01,Транспорт,1,chronos_seasonal,0.0,two_best_matured_recent_paired_mae
2024-06-01,Транспорт,1,catboost,0.3,two_best_matured_recent_paired_mae
2024-06-01,Транспорт,1,lightgbm,0.7,two_best_matured_recent_paired_mae
2024-06-01,Транспорт,1,pooled_yoy_damped,0.0,two_best_matured_recent_paired_mae
2024-06-01,Транспорт,1,seasonal_ratio,0.0,two_best_matured_recent_paired_mae
2024-06-01,Транспорт,2,panel_shrink,0.0,two_best_matured_recent_paired_mae
2024-06-01,Транспорт,2,seasonal_growth,0.0,two_best_matured_recent_paired_mae
2024-06-01,Транспорт,2,ridge_panel,0.0,two_best_matured_recent_paired_mae
2024-06-01,Транспорт,2,chronos_seasonal,0.0,two_best_matured_recent_paired_mae
2024-06-01,Транспорт,2,catboost,0.0,two_best_matured_recent_paired_mae
2024-06-01,Транспорт,2,lightgbm,0.7,two_best_matured_recent_paired_mae
2024-06-01,Транспорт,2,pooled_yoy_damped,0.0,two_best_matured_recent_paired_mae
2024-06-01,Транспорт,2,seasonal_ratio,0.3,two_best_matured_recent_paired_mae
2024-06-01,Транспорт,3,panel_shrink,0.0,two_best_matured_recent_paired_mae
2024-06-01,Транспорт,3,seasonal_growth,0.0,two_best_matured_recent_paired_mae
2024-06-01,Транспорт,3,ridge_panel,0.0,two_best_matured_recent_paired_mae
2024-06-01,Транспорт,3,chronos_seasonal,0.0,two_best_matured_recent_paired_mae
2024-06-01,Транспорт,3,catboost,0.0,two_best_matured_recent_paired_mae
2024-06-01,Транспорт,3,lightgbm,0.7,two_best_matured_recent_paired_mae
2024-06-01,Транспорт,3,pooled_yoy_damped,0.0,two_best_matured_recent_paired_mae
2024-06-01,Транспорт,3,seasonal_ratio,0.3,two_best_matured_recent_paired_mae
2024-06-01,Транспорт,4,panel_shrink,0.0,two_best_matured_recent_paired_mae
2024-06-01,Транспорт,4,seasonal_growth,0.0,two_best_matured_recent_paired_mae
2024-06-01,Транспорт,4,ridge_panel,0.0,two_best_matured_recent_paired_mae
2024-06-01,Транспорт,4,chronos_seasonal,0.0,two_best_matured_recent_paired_mae
2024-06-01,Транспорт,4,catboost,0.0,two_best_matured_recent_paired_mae
2024-06-01,Транспорт,4,lightgbm,0.7,two_best_matured_recent_paired_mae
2024-06-01,Транспорт,4,pooled_yoy_damped,0.3,two_best_matured_recent_paired_mae
2024-06-01,Транспорт,4,seasonal_ratio,0.0,two_best_matured_recent_paired_mae
2024-06-01,Транспорт,5,panel_shrink,0.5,structural_prior
2024-06-01,Транспорт,5,seasonal_growth,0.0,structural_prior
2024-06-01,Транспорт,5,ridge_panel,0.0,structural_prior
2024-06-01,Транспорт,5,chronos_seasonal,0.0,structural_prior
2024-06-01,Транспорт,5,catboost,0.0,structural_prior
2024-06-01,Транспорт,5,lightgbm,0.0,structural_prior
2024-06-01,Транспорт,5,pooled_yoy_damped,0.5,structural_prior
2024-06-01,Транспорт,5,seasonal_ratio,0.0,structural_prior
2024-06-01,Транспорт,6,panel_shrink,0.5,structural_prior
2024-06-01,Транспорт,6,seasonal_growth,0.0,structural_prior
2024-06-01,Транспорт,6,ridge_panel,0.0,structural_prior
2024-06-01,Транспорт,6,chronos_seasonal,0.0,structural_prior
2024-06-01,Транспорт,6,catboost,0.0,structural_prior
2024-06-01,Транспорт,6,lightgbm,0.0,structural_prior
2024-06-01,Транспорт,6,pooled_yoy_damped,0.5,structural_prior
2024-06-01,Транспорт,6,seasonal_ratio,0.0,structural_prior
2024-07-01,Все категории,1,panel_shrink,0.3,two_best_matured_recent_paired_mae
2024-07-01,Все категории,1,seasonal_growth,0.0,two_best_matured_recent_paired_mae
2024-07-01,Все категории,1,ridge_panel,0.0,two_best_matured_recent_paired_mae
2024-07-01,Все категории,1,chronos_seasonal,0.0,two_best_matured_recent_paired_mae
2024-07-01,Все категории,1,catboost,0.0,two_best_matured_recent_paired_mae
2024-07-01,Все категории,1,lightgbm,0.0,two_best_matured_recent_paired_mae
2024-07-01,Все категории,1,pooled_yoy_damped,0.0,two_best_matured_recent_paired_mae
2024-07-01,Все категории,1,seasonal_ratio,0.7,two_best_matured_recent_paired_mae
2024-07-01,Все категории,2,panel_shrink,0.0,two_best_matured_recent_paired_mae
2024-07-01,Все категории,2,seasonal_growth,0.0,two_best_matured_recent_paired_mae
2024-07-01,Все категории,2,ridge_panel,0.0,two_best_matured_recent_paired_mae
2024-07-01,Все категории,2,chronos_seasonal,0.0,two_best_matured_recent_paired_mae
2024-07-01,Все категории,2,catboost,0.3,two_best_matured_recent_paired_mae
2024-07-01,Все категории,2,lightgbm,0.0,two_best_matured_recent_paired_mae
2024-07-01,Все категории,2,pooled_yoy_damped,0.0,two_best_matured_recent_paired_mae
2024-07-01,Все категории,2,seasonal_ratio,0.7,two_best_matured_recent_paired_mae
2024-07-01,Все категории,3,panel_shrink,0.3,two_best_matured_recent_paired_mae
2024-07-01,Все категории,3,seasonal_growth,0.0,two_best_matured_recent_paired_mae
2024-07-01,Все категории,3,ridge_panel,0.0,two_best_matured_recent_paired_mae
2024-07-01,Все категории,3,chronos_seasonal,0.0,two_best_matured_recent_paired_mae
2024-07-01,Все категории,3,catboost,0.0,two_best_matured_recent_paired_mae
2024-07-01,Все категории,3,lightgbm,0.0,two_best_matured_recent_paired_mae
2024-07-01,Все категории,3,pooled_yoy_damped,0.0,two_best_matured_recent_paired_mae
2024-07-01,Все категории,3,seasonal_ratio,0.7,two_best_matured_recent_paired_mae
2024-07-01,Все категории,4,panel_shrink,0.0,two_best_matured_recent_paired_mae
2024-07-01,Все категории,4,seasonal_growth,0.0,two_best_matured_recent_paired_mae
2024-07-01,Все категории,4,ridge_panel,0.0,two_best_matured_recent_paired_mae
2024-07-01,Все категории,4,chronos_seasonal,0.0,two_best_matured_recent_paired_mae
2024-07-01,Все категории,4,catboost,0.0,two_best_matured_recent_paired_mae
2024-07-01,Все категории,4,lightgbm,0.0,two_best_matured_recent_paired_mae
2024-07-01,Все категории,4,pooled_yoy_damped,0.3,two_best_matured_recent_paired_mae
2024-07-01,Все категории,4,seasonal_ratio,0.7,two_best_matured_recent_paired_mae
2024-07-01,Все категории,5,panel_shrink,0.0,two_best_matured_recent_paired_mae
2024-07-01,Все категории,5,seasonal_growth,0.0,two_best_matured_recent_paired_mae
2024-07-01,Все категории,5,ridge_panel,0.0,two_best_matured_recent_paired_mae
2024-07-01,Все категории,5,chronos_seasonal,0.0,two_best_matured_recent_paired_mae
2024-07-01,Все категории,5,catboost,0.0,two_best_matured_recent_paired_mae
2024-07-01,Все категории,5,lightgbm,0.0,two_best_matured_recent_paired_mae
2024-07-01,Все категории,5,pooled_yoy_damped,0.3,two_best_matured_recent_paired_mae
2024-07-01,Все категории,5,seasonal_ratio,0.7,two_best_matured_recent_paired_mae
2024-07-01,Здоровье,1,panel_shrink,0.7,two_best_matured_recent_paired_mae
2024-07-01,Здоровье,1,seasonal_growth,0.0,two_best_matured_recent_paired_mae
2024-07-01,Здоровье,1,ridge_panel,0.3,two_best_matured_recent_paired_mae
2024-07-01,Здоровье,1,chronos_seasonal,0.0,two_best_matured_recent_paired_mae
2024-07-01,Здоровье,1,catboost,0.0,two_best_matured_recent_paired_mae
2024-07-01,Здоровье,1,lightgbm,0.0,two_best_matured_recent_paired_mae
2024-07-01,Здоровье,1,pooled_yoy_damped,0.0,two_best_matured_recent_paired_mae
2024-07-01,Здоровье,1,seasonal_ratio,0.0,two_best_matured_recent_paired_mae
2024-07-01,Здоровье,2,panel_shrink,0.7,two_best_matured_recent_paired_mae
2024-07-01,Здоровье,2,seasonal_growth,0.3,two_best_matured_recent_paired_mae
2024-07-01,Здоровье,2,ridge_panel,0.0,two_best_matured_recent_paired_mae
2024-07-01,Здоровье,2,chronos_seasonal,0.0,two_best_matured_recent_paired_mae
2024-07-01,Здоровье,2,catboost,0.0,two_best_matured_recent_paired_mae
2024-07-01,Здоровье,2,lightgbm,0.0,two_best_matured_recent_paired_mae
2024-07-01,Здоровье,2,pooled_yoy_damped,0.0,two_best_matured_recent_paired_mae
2024-07-01,Здоровье,2,seasonal_ratio,0.0,two_best_matured_recent_paired_mae
2024-07-01,Здоровье,3,panel_shrink,0.7,two_best_matured_recent_paired_mae
2024-07-01,Здоровье,3,seasonal_growth,0.3,two_best_matured_recent_paired_mae
2024-07-01,Здоровье,3,ridge_panel,0.0,two_best_matured_recent_paired_mae
2024-07-01,Здоровье,3,chronos_seasonal,0.0,two_best_matured_recent_paired_mae
2024-07-01,Здоровье,3,catboost,0.0,two_best_matured_recent_paired_mae
2024-07-01,Здоровье,3,lightgbm,0.0,two_best_matured_recent_paired_mae
2024-07-01,Здоровье,3,pooled_yoy_damped,0.0,two_best_matured_recent_paired_mae
2024-07-01,Здоровье,3,seasonal_ratio,0.0,two_best_matured_recent_paired_mae
2024-07-01,Здоровье,4,panel_shrink,0.0,two_best_matured_recent_paired_mae
2024-07-01,Здоровье,4,seasonal_growth,0.0,two_best_matured_recent_paired_mae
2024-07-01,Здоровье,4,ridge_panel,0.0,two_best_matured_recent_paired_mae
2024-07-01,Здоровье,4,chronos_seasonal,0.0,two_best_matured_recent_paired_mae
2024-07-01,Здоровье,4,catboost,0.7,two_best_matured_recent_paired_mae
2024-07-01,Здоровье,4,lightgbm,0.3,two_best_matured_recent_paired_mae
2024-07-01,Здоровье,4,pooled_yoy_damped,0.0,two_best_matured_recent_paired_mae
2024-07-01,Здоровье,4,seasonal_ratio,0.0,two_best_matured_recent_paired_mae
2024-07-01,Здоровье,5,panel_shrink,0.0,two_best_matured_recent_paired_mae
2024-07-01,Здоровье,5,seasonal_growth,0.0,two_best_matured_recent_paired_mae
2024-07-01,Здоровье,5,ridge_panel,0.0,two_best_matured_recent_paired_mae
2024-07-01,Здоровье,5,chronos_seasonal,0.0,two_best_matured_recent_paired_mae
2024-07-01,Здоровье,5,catboost,0.3,two_best_matured_recent_paired_mae
2024-07-01,Здоровье,5,lightgbm,0.7,two_best_matured_recent_paired_mae
2024-07-01,Здоровье,5,pooled_yoy_damped,0.0,two_best_matured_recent_paired_mae
2024-07-01,Здоровье,5,seasonal_ratio,0.0,two_best_matured_recent_paired_mae
2024-07-01,Маркетплейсы,1,panel_shrink,0.0,two_best_matured_recent_paired_mae
2024-07-01,Маркетплейсы,1,seasonal_growth,0.0,two_best_matured_recent_paired_mae
2024-07-01,Маркетплейсы,1,ridge_panel,0.7,two_best_matured_recent_paired_mae
2024-07-01,Маркетплейсы,1,chronos_seasonal,0.0,two_best_matured_recent_paired_mae
2024-07-01,Маркетплейсы,1,catboost,0.0,two_best_matured_recent_paired_mae
2024-07-01,Маркетплейсы,1,lightgbm,0.0,two_best_matured_recent_paired_mae
2024-07-01,Маркетплейсы,1,pooled_yoy_damped,0.0,two_best_matured_recent_paired_mae
2024-07-01,Маркетплейсы,1,seasonal_ratio,0.3,two_best_matured_recent_paired_mae
2024-07-01,Маркетплейсы,2,panel_shrink,0.0,two_best_matured_recent_paired_mae
2024-07-01,Маркетплейсы,2,seasonal_growth,0.0,two_best_matured_recent_paired_mae
2024-07-01,Маркетплейсы,2,ridge_panel,0.7,two_best_matured_recent_paired_mae
2024-07-01,Маркетплейсы,2,chronos_seasonal,0.0,two_best_matured_recent_paired_mae
2024-07-01,Маркетплейсы,2,catboost,0.0,two_best_matured_recent_paired_mae
2024-07-01,Маркетплейсы,2,lightgbm,0.0,two_best_matured_recent_paired_mae
2024-07-01,Маркетплейсы,2,pooled_yoy_damped,0.0,two_best_matured_recent_paired_mae
2024-07-01,Маркетплейсы,2,seasonal_ratio,0.3,two_best_matured_recent_paired_mae
2024-07-01,Маркетплейсы,3,panel_shrink,0.3,two_best_matured_recent_paired_mae
2024-07-01,Маркетплейсы,3,seasonal_growth,0.0,two_best_matured_recent_paired_mae
2024-07-01,Маркетплейсы,3,ridge_panel,0.7,two_best_matured_recent_paired_mae
2024-07-01,Маркетплейсы,3,chronos_seasonal,0.0,two_best_matured_recent_paired_mae
2024-07-01,Маркетплейсы,3,catboost,0.0,two_best_matured_recent_paired_mae
2024-07-01,Маркетплейсы,3,lightgbm,0.0,two_best_matured_recent_paired_mae
2024-07-01,Маркетплейсы,3,pooled_yoy_damped,0.0,two_best_matured_recent_paired_mae
2024-07-01,Маркетплейсы,3,seasonal_ratio,0.0,two_best_matured_recent_paired_mae
2024-07-01,Маркетплейсы,4,panel_shrink,0.0,two_best_matured_recent_paired_mae
2024-07-01,Маркетплейсы,4,seasonal_growth,0.3,two_best_matured_recent_paired_mae
2024-07-01,Маркетплейсы,4,ridge_panel,0.7,two_best_matured_recent_paired_mae
2024-07-01,Маркетплейсы,4,chronos_seasonal,0.0,two_best_matured_recent_paired_mae
2024-07-01,Маркетплейсы,4,catboost,0.0,two_best_matured_recent_paired_mae
2024-07-01,Маркетплейсы,4,lightgbm,0.0,two_best_matured_recent_paired_mae
2024-07-01,Маркетплейсы,4,pooled_yoy_damped,0.0,two_best_matured_recent_paired_mae
2024-07-01,Маркетплейсы,4,seasonal_ratio,0.0,two_best_matured_recent_paired_mae
2024-07-01,Маркетплейсы,5,panel_shrink,0.0,two_best_matured_recent_paired_mae
2024-07-01,Маркетплейсы,5,seasonal_growth,0.3,two_best_matured_recent_paired_mae
2024-07-01,Маркетплейсы,5,ridge_panel,0.7,two_best_matured_recent_paired_mae
2024-07-01,Маркетплейсы,5,chronos_seasonal,0.0,two_best_matured_recent_paired_mae
2024-07-01,Маркетплейсы,5,catboost,0.0,two_best_matured_recent_paired_mae
2024-07-01,Маркетплейсы,5,lightgbm,0.0,two_best_matured_recent_paired_mae
2024-07-01,Маркетплейсы,5,pooled_yoy_damped,0.0,two_best_matured_recent_paired_mae
2024-07-01,Маркетплейсы,5,seasonal_ratio,0.0,two_best_matured_recent_paired_mae
2024-07-01,Общественное питание,1,panel_shrink,0.0,two_best_matured_recent_paired_mae
2024-07-01,Общественное питание,1,seasonal_growth,0.0,two_best_matured_recent_paired_mae
2024-07-01,Общественное питание,1,ridge_panel,0.0,two_best_matured_recent_paired_mae
2024-07-01,Общественное питание,1,chronos_seasonal,0.0,two_best_matured_recent_paired_mae
2024-07-01,Общественное питание,1,catboost,0.7,two_best_matured_recent_paired_mae
2024-07-01,Общественное питание,1,lightgbm,0.3,two_best_matured_recent_paired_mae
2024-07-01,Общественное питание,1,pooled_yoy_damped,0.0,two_best_matured_recent_paired_mae
2024-07-01,Общественное питание,1,seasonal_ratio,0.0,two_best_matured_recent_paired_mae
2024-07-01,Общественное питание,2,panel_shrink,0.0,two_best_matured_recent_paired_mae
2024-07-01,Общественное питание,2,seasonal_growth,0.0,two_best_matured_recent_paired_mae
2024-07-01,Общественное питание,2,ridge_panel,0.0,two_best_matured_recent_paired_mae
2024-07-01,Общественное питание,2,chronos_seasonal,0.0,two_best_matured_recent_paired_mae
2024-07-01,Общественное питание,2,catboost,0.3,two_best_matured_recent_paired_mae
2024-07-01,Общественное питание,2,lightgbm,0.0,two_best_matured_recent_paired_mae
2024-07-01,Общественное питание,2,pooled_yoy_damped,0.0,two_best_matured_recent_paired_mae
2024-07-01,Общественное питание,2,seasonal_ratio,0.7,two_best_matured_recent_paired_mae
2024-07-01,Общественное питание,3,panel_shrink,0.0,two_best_matured_recent_paired_mae
2024-07-01,Общественное питание,3,seasonal_growth,0.3,two_best_matured_recent_paired_mae
2024-07-01,Общественное питание,3,ridge_panel,0.0,two_best_matured_recent_paired_mae
2024-07-01,Общественное питание,3,chronos_seasonal,0.0,two_best_matured_recent_paired_mae
2024-07-01,Общественное питание,3,catboost,0.0,two_best_matured_recent_paired_mae
2024-07-01,Общественное питание,3,lightgbm,0.0,two_best_matured_recent_paired_mae
2024-07-01,Общественное питание,3,pooled_yoy_damped,0.0,two_best_matured_recent_paired_mae
2024-07-01,Общественное питание,3,seasonal_ratio,0.7,two_best_matured_recent_paired_mae
2024-07-01,Общественное питание,4,panel_shrink,0.0,two_best_matured_recent_paired_mae
2024-07-01,Общественное питание,4,seasonal_growth,0.7,two_best_matured_recent_paired_mae
2024-07-01,Общественное питание,4,ridge_panel,0.0,two_best_matured_recent_paired_mae
2024-07-01,Общественное питание,4,chronos_seasonal,0.0,two_best_matured_recent_paired_mae
2024-07-01,Общественное питание,4,catboost,0.0,two_best_matured_recent_paired_mae
2024-07-01,Общественное питание,4,lightgbm,0.0,two_best_matured_recent_paired_mae
2024-07-01,Общественное питание,4,pooled_yoy_damped,0.0,two_best_matured_recent_paired_mae
2024-07-01,Общественное питание,4,seasonal_ratio,0.3,two_best_matured_recent_paired_mae
2024-07-01,Общественное питание,5,panel_shrink,0.3,two_best_matured_recent_paired_mae
2024-07-01,Общественное питание,5,seasonal_growth,0.7,two_best_matured_recent_paired_mae
2024-07-01,Общественное питание,5,ridge_panel,0.0,two_best_matured_recent_paired_mae
2024-07-01,Общественное питание,5,chronos_seasonal,0.0,two_best_matured_recent_paired_mae
2024-07-01,Общественное питание,5,catboost,0.0,two_best_matured_recent_paired_mae
2024-07-01,Общественное питание,5,lightgbm,0.0,two_best_matured_recent_paired_mae
2024-07-01,Общественное питание,5,pooled_yoy_damped,0.0,two_best_matured_recent_paired_mae
2024-07-01,Общественное питание,5,seasonal_ratio,0.0,two_best_matured_recent_paired_mae
2024-07-01,Продовольствие,1,panel_shrink,0.0,two_best_matured_recent_paired_mae
2024-07-01,Продовольствие,1,seasonal_growth,0.0,two_best_matured_recent_paired_mae
2024-07-01,Продовольствие,1,ridge_panel,0.0,two_best_matured_recent_paired_mae
2024-07-01,Продовольствие,1,chronos_seasonal,0.3,two_best_matured_recent_paired_mae
2024-07-01,Продовольствие,1,catboost,0.0,two_best_matured_recent_paired_mae
2024-07-01,Продовольствие,1,lightgbm,0.0,two_best_matured_recent_paired_mae
2024-07-01,Продовольствие,1,pooled_yoy_damped,0.0,two_best_matured_recent_paired_mae
2024-07-01,Продовольствие,1,seasonal_ratio,0.7,two_best_matured_recent_paired_mae
2024-07-01,Продовольствие,2,panel_shrink,0.3,two_best_matured_recent_paired_mae
2024-07-01,Продовольствие,2,seasonal_growth,0.0,two_best_matured_recent_paired_mae
2024-07-01,Продовольствие,2,ridge_panel,0.0,two_best_matured_recent_paired_mae
2024-07-01,Продовольствие,2,chronos_seasonal,0.0,two_best_matured_recent_paired_mae
2024-07-01,Продовольствие,2,catboost,0.0,two_best_matured_recent_paired_mae
2024-07-01,Продовольствие,2,lightgbm,0.0,two_best_matured_recent_paired_mae
2024-07-01,Продовольствие,2,pooled_yoy_damped,0.0,two_best_matured_recent_paired_mae
2024-07-01,Продовольствие,2,seasonal_ratio,0.7,two_best_matured_recent_paired_mae
2024-07-01,Продовольствие,3,panel_shrink,0.7,two_best_matured_recent_paired_mae
2024-07-01,Продовольствие,3,seasonal_growth,0.0,two_best_matured_recent_paired_mae
2024-07-01,Продовольствие,3,ridge_panel,0.0,two_best_matured_recent_paired_mae
2024-07-01,Продовольствие,3,chronos_seasonal,0.0,two_best_matured_recent_paired_mae
2024-07-01,Продовольствие,3,catboost,0.0,two_best_matured_recent_paired_mae
2024-07-01,Продовольствие,3,lightgbm,0.0,two_best_matured_recent_paired_mae
2024-07-01,Продовольствие,3,pooled_yoy_damped,0.0,two_best_matured_recent_paired_mae
2024-07-01,Продовольствие,3,seasonal_ratio,0.3,two_best_matured_recent_paired_mae
2024-07-01,Продовольствие,4,panel_shrink,0.7,two_best_matured_recent_paired_mae
2024-07-01,Продовольствие,4,seasonal_growth,0.0,two_best_matured_recent_paired_mae
2024-07-01,Продовольствие,4,ridge_panel,0.0,two_best_matured_recent_paired_mae
2024-07-01,Продовольствие,4,chronos_seasonal,0.0,two_best_matured_recent_paired_mae
2024-07-01,Продовольствие,4,catboost,0.0,two_best_matured_recent_paired_mae
2024-07-01,Продовольствие,4,lightgbm,0.0,two_best_matured_recent_paired_mae
2024-07-01,Продовольствие,4,pooled_yoy_damped,0.0,two_best_matured_recent_paired_mae
2024-07-01,Продовольствие,4,seasonal_ratio,0.3,two_best_matured_recent_paired_mae
2024-07-01,Продовольствие,5,panel_shrink,0.7,two_best_matured_recent_paired_mae
2024-07-01,Продовольствие,5,seasonal_growth,0.0,two_best_matured_recent_paired_mae
2024-07-01,Продовольствие,5,ridge_panel,0.0,two_best_matured_recent_paired_mae
2024-07-01,Продовольствие,5,chronos_seasonal,0.0,two_best_matured_recent_paired_mae
2024-07-01,Продовольствие,5,catboost,0.0,two_best_matured_recent_paired_mae
2024-07-01,Продовольствие,5,lightgbm,0.0,two_best_matured_recent_paired_mae
2024-07-01,Продовольствие,5,pooled_yoy_damped,0.0,two_best_matured_recent_paired_mae
2024-07-01,Продовольствие,5,seasonal_ratio,0.3,two_best_matured_recent_paired_mae
2024-07-01,Транспорт,1,panel_shrink,0.0,two_best_matured_recent_paired_mae
2024-07-01,Транспорт,1,seasonal_growth,0.0,two_best_matured_recent_paired_mae
2024-07-01,Транспорт,1,ridge_panel,0.0,two_best_matured_recent_paired_mae
2024-07-01,Транспорт,1,chronos_seasonal,0.0,two_best_matured_recent_paired_mae
2024-07-01,Транспорт,1,catboost,0.7,two_best_matured_recent_paired_mae
2024-07-01,Транспорт,1,lightgbm,0.3,two_best_matured_recent_paired_mae
2024-07-01,Транспорт,1,pooled_yoy_damped,0.0,two_best_matured_recent_paired_mae
2024-07-01,Транспорт,1,seasonal_ratio,0.0,two_best_matured_recent_paired_mae
2024-07-01,Транспорт,2,panel_shrink,0.0,two_best_matured_recent_paired_mae
2024-07-01,Транспорт,2,seasonal_growth,0.0,two_best_matured_recent_paired_mae
2024-07-01,Транспорт,2,ridge_panel,0.0,two_best_matured_recent_paired_mae
2024-07-01,Транспорт,2,chronos_seasonal,0.0,two_best_matured_recent_paired_mae
2024-07-01,Транспорт,2,catboost,0.0,two_best_matured_recent_paired_mae
2024-07-01,Транспорт,2,lightgbm,0.3,two_best_matured_recent_paired_mae
2024-07-01,Транспорт,2,pooled_yoy_damped,0.0,two_best_matured_recent_paired_mae
2024-07-01,Транспорт,2,seasonal_ratio,0.7,two_best_matured_recent_paired_mae
2024-07-01,Транспорт,3,panel_shrink,0.0,two_best_matured_recent_paired_mae
2024-07-01,Транспорт,3,seasonal_growth,0.0,two_best_matured_recent_paired_mae
2024-07-01,Транспорт,3,ridge_panel,0.0,two_best_matured_recent_paired_mae
2024-07-01,Транспорт,3,chronos_seasonal,0.0,two_best_matured_recent_paired_mae
2024-07-01,Транспорт,3,catboost,0.0,two_best_matured_recent_paired_mae
2024-07-01,Транспорт,3,lightgbm,0.3,two_best_matured_recent_paired_mae
2024-07-01,Транспорт,3,pooled_yoy_damped,0.0,two_best_matured_recent_paired_mae
2024-07-01,Транспорт,3,seasonal_ratio,0.7,two_best_matured_recent_paired_mae
2024-07-01,Транспорт,4,panel_shrink,0.0,two_best_matured_recent_paired_mae
2024-07-01,Транспорт,4,seasonal_growth,0.0,two_best_matured_recent_paired_mae
2024-07-01,Транспорт,4,ridge_panel,0.0,two_best_matured_recent_paired_mae
2024-07-01,Транспорт,4,chronos_seasonal,0.0,two_best_matured_recent_paired_mae
2024-07-01,Транспорт,4,catboost,0.0,two_best_matured_recent_paired_mae
2024-07-01,Транспорт,4,lightgbm,0.0,two_best_matured_recent_paired_mae
2024-07-01,Транспорт,4,pooled_yoy_damped,0.3,two_best_matured_recent_paired_mae
2024-07-01,Транспорт,4,seasonal_ratio,0.7,two_best_matured_recent_paired_mae
2024-07-01,Транспорт,5,panel_shrink,0.0,two_best_matured_recent_paired_mae
2024-07-01,Транспорт,5,seasonal_growth,0.0,two_best_matured_recent_paired_mae
2024-07-01,Транспорт,5,ridge_panel,0.0,two_best_matured_recent_paired_mae
2024-07-01,Транспорт,5,chronos_seasonal,0.0,two_best_matured_recent_paired_mae
2024-07-01,Транспорт,5,catboost,0.0,two_best_matured_recent_paired_mae
2024-07-01,Транспорт,5,lightgbm,0.0,two_best_matured_recent_paired_mae
2024-07-01,Транспорт,5,pooled_yoy_damped,0.7,two_best_matured_recent_paired_mae
2024-07-01,Транспорт,5,seasonal_ratio,0.3,two_best_matured_recent_paired_mae
2024-08-01,Все категории,1,panel_shrink,0.7,two_best_matured_recent_paired_mae
2024-08-01,Все категории,1,seasonal_growth,0.0,two_best_matured_recent_paired_mae
2024-08-01,Все категории,1,ridge_panel,0.0,two_best_matured_recent_paired_mae
2024-08-01,Все категории,1,chronos_seasonal,0.3,two_best_matured_recent_paired_mae
2024-08-01,Все категории,1,catboost,0.0,two_best_matured_recent_paired_mae
2024-08-01,Все категории,1,lightgbm,0.0,two_best_matured_recent_paired_mae
2024-08-01,Все категории,1,pooled_yoy_damped,0.0,two_best_matured_recent_paired_mae
2024-08-01,Все категории,1,seasonal_ratio,0.0,two_best_matured_recent_paired_mae
2024-08-01,Все категории,2,panel_shrink,0.7,two_best_matured_recent_paired_mae
2024-08-01,Все категории,2,seasonal_growth,0.0,two_best_matured_recent_paired_mae
2024-08-01,Все категории,2,ridge_panel,0.0,two_best_matured_recent_paired_mae
2024-08-01,Все категории,2,chronos_seasonal,0.0,two_best_matured_recent_paired_mae
2024-08-01,Все категории,2,catboost,0.0,two_best_matured_recent_paired_mae
2024-08-01,Все категории,2,lightgbm,0.0,two_best_matured_recent_paired_mae
2024-08-01,Все категории,2,pooled_yoy_damped,0.0,two_best_matured_recent_paired_mae
2024-08-01,Все категории,2,seasonal_ratio,0.3,two_best_matured_recent_paired_mae
2024-08-01,Все категории,3,panel_shrink,0.3,two_best_matured_recent_paired_mae
2024-08-01,Все категории,3,seasonal_growth,0.0,two_best_matured_recent_paired_mae
2024-08-01,Все категории,3,ridge_panel,0.0,two_best_matured_recent_paired_mae
2024-08-01,Все категории,3,chronos_seasonal,0.0,two_best_matured_recent_paired_mae
2024-08-01,Все категории,3,catboost,0.7,two_best_matured_recent_paired_mae
2024-08-01,Все категории,3,lightgbm,0.0,two_best_matured_recent_paired_mae
2024-08-01,Все категории,3,pooled_yoy_damped,0.0,two_best_matured_recent_paired_mae
2024-08-01,Все категории,3,seasonal_ratio,0.0,two_best_matured_recent_paired_mae
2024-08-01,Все категории,4,panel_shrink,0.7,two_best_matured_recent_paired_mae
2024-08-01,Все категории,4,seasonal_growth,0.0,two_best_matured_recent_paired_mae
2024-08-01,Все категории,4,ridge_panel,0.0,two_best_matured_recent_paired_mae
2024-08-01,Все категории,4,chronos_seasonal,0.0,two_best_matured_recent_paired_mae
2024-08-01,Все категории,4,catboost,0.0,two_best_matured_recent_paired_mae
2024-08-01,Все категории,4,lightgbm,0.0,two_best_matured_recent_paired_mae
2024-08-01,Все категории,4,pooled_yoy_damped,0.0,two_best_matured_recent_paired_mae
2024-08-01,Все категории,4,seasonal_ratio,0.3,two_best_matured_recent_paired_mae
2024-08-01,Здоровье,1,panel_shrink,0.7,two_best_matured_recent_paired_mae
2024-08-01,Здоровье,1,seasonal_growth,0.0,two_best_matured_recent_paired_mae
2024-08-01,Здоровье,1,ridge_panel,0.0,two_best_matured_recent_paired_mae
2024-08-01,Здоровье,1,chronos_seasonal,0.3,two_best_matured_recent_paired_mae
2024-08-01,Здоровье,1,catboost,0.0,two_best_matured_recent_paired_mae
2024-08-01,Здоровье,1,lightgbm,0.0,two_best_matured_recent_paired_mae
2024-08-01,Здоровье,1,pooled_yoy_damped,0.0,two_best_matured_recent_paired_mae
2024-08-01,Здоровье,1,seasonal_ratio,0.0,two_best_matured_recent_paired_mae
2024-08-01,Здоровье,2,panel_shrink,0.7,two_best_matured_recent_paired_mae
2024-08-01,Здоровье,2,seasonal_growth,0.0,two_best_matured_recent_paired_mae
2024-08-01,Здоровье,2,ridge_panel,0.0,two_best_matured_recent_paired_mae
2024-08-01,Здоровье,2,chronos_seasonal,0.3,two_best_matured_recent_paired_mae
2024-08-01,Здоровье,2,catboost,0.0,two_best_matured_recent_paired_mae
2024-08-01,Здоровье,2,lightgbm,0.0,two_best_matured_recent_paired_mae
2024-08-01,Здоровье,2,pooled_yoy_damped,0.0,two_best_matured_recent_paired_mae
2024-08-01,Здоровье,2,seasonal_ratio,0.0,two_best_matured_recent_paired_mae
2024-08-01,Здоровье,3,panel_shrink,0.7,two_best_matured_recent_paired_mae
2024-08-01,Здоровье,3,seasonal_growth,0.0,two_best_matured_recent_paired_mae
2024-08-01,Здоровье,3,ridge_panel,0.0,two_best_matured_recent_paired_mae
2024-08-01,Здоровье,3,chronos_seasonal,0.3,two_best_matured_recent_paired_mae
2024-08-01,Здоровье,3,catboost,0.0,two_best_matured_recent_paired_mae
2024-08-01,Здоровье,3,lightgbm,0.0,two_best_matured_recent_paired_mae
2024-08-01,Здоровье,3,pooled_yoy_damped,0.0,two_best_matured_recent_paired_mae
2024-08-01,Здоровье,3,seasonal_ratio,0.0,two_best_matured_recent_paired_mae
2024-08-01,Здоровье,4,panel_shrink,0.7,two_best_matured_recent_paired_mae
2024-08-01,Здоровье,4,seasonal_growth,0.0,two_best_matured_recent_paired_mae
2024-08-01,Здоровье,4,ridge_panel,0.3,two_best_matured_recent_paired_mae
2024-08-01,Здоровье,4,chronos_seasonal,0.0,two_best_matured_recent_paired_mae
2024-08-01,Здоровье,4,catboost,0.0,two_best_matured_recent_paired_mae
2024-08-01,Здоровье,4,lightgbm,0.0,two_best_matured_recent_paired_mae
2024-08-01,Здоровье,4,pooled_yoy_damped,0.0,two_best_matured_recent_paired_mae
2024-08-01,Здоровье,4,seasonal_ratio,0.0,two_best_matured_recent_paired_mae
2024-08-01,Маркетплейсы,1,panel_shrink,0.0,two_best_matured_recent_paired_mae
2024-08-01,Маркетплейсы,1,seasonal_growth,0.0,two_best_matured_recent_paired_mae
2024-08-01,Маркетплейсы,1,ridge_panel,0.7,two_best_matured_recent_paired_mae
2024-08-01,Маркетплейсы,1,chronos_seasonal,0.0,two_best_matured_recent_paired_mae
2024-08-01,Маркетплейсы,1,catboost,0.0,two_best_matured_recent_paired_mae
2024-08-01,Маркетплейсы,1,lightgbm,0.0,two_best_matured_recent_paired_mae
2024-08-01,Маркетплейсы,1,pooled_yoy_damped,0.0,two_best_matured_recent_paired_mae
2024-08-01,Маркетплейсы,1,seasonal_ratio,0.3,two_best_matured_recent_paired_mae
2024-08-01,Маркетплейсы,2,panel_shrink,0.3,two_best_matured_recent_paired_mae
2024-08-01,Маркетплейсы,2,seasonal_growth,0.0,two_best_matured_recent_paired_mae
2024-08-01,Маркетплейсы,2,ridge_panel,0.7,two_best_matured_recent_paired_mae
2024-08-01,Маркетплейсы,2,chronos_seasonal,0.0,two_best_matured_recent_paired_mae
2024-08-01,Маркетплейсы,2,catboost,0.0,two_best_matured_recent_paired_mae
2024-08-01,Маркетплейсы,2,lightgbm,0.0,two_best_matured_recent_paired_mae
2024-08-01,Маркетплейсы,2,pooled_yoy_damped,0.0,two_best_matured_recent_paired_mae
2024-08-01,Маркетплейсы,2,seasonal_ratio,0.0,two_best_matured_recent_paired_mae
2024-08-01,Маркетплейсы,3,panel_shrink,0.3,two_best_matured_recent_paired_mae
2024-08-01,Маркетплейсы,3,seasonal_growth,0.0,two_best_matured_recent_paired_mae
2024-08-01,Маркетплейсы,3,ridge_panel,0.7,two_best_matured_recent_paired_mae
2024-08-01,Маркетплейсы,3,chronos_seasonal,0.0,two_best_matured_recent_paired_mae
2024-08-01,Маркетплейсы,3,catboost,0.0,two_best_matured_recent_paired_mae
2024-08-01,Маркетплейсы,3,lightgbm,0.0,two_best_matured_recent_paired_mae
2024-08-01,Маркетплейсы,3,pooled_yoy_damped,0.0,two_best_matured_recent_paired_mae
2024-08-01,Маркетплейсы,3,seasonal_ratio,0.0,two_best_matured_recent_paired_mae
2024-08-01,Маркетплейсы,4,panel_shrink,0.3,two_best_matured_recent_paired_mae
2024-08-01,Маркетплейсы,4,seasonal_growth,0.0,two_best_matured_recent_paired_mae
2024-08-01,Маркетплейсы,4,ridge_panel,0.7,two_best_matured_recent_paired_mae
2024-08-01,Маркетплейсы,4,chronos_seasonal,0.0,two_best_matured_recent_paired_mae
2024-08-01,Маркетплейсы,4,catboost,0.0,two_best_matured_recent_paired_mae
2024-08-01,Маркетплейсы,4,lightgbm,0.0,two_best_matured_recent_paired_mae
2024-08-01,Маркетплейсы,4,pooled_yoy_damped,0.0,two_best_matured_recent_paired_mae
2024-08-01,Маркетплейсы,4,seasonal_ratio,0.0,two_best_matured_recent_paired_mae
2024-08-01,Общественное питание,1,panel_shrink,0.0,two_best_matured_recent_paired_mae
2024-08-01,Общественное питание,1,seasonal_growth,0.0,two_best_matured_recent_paired_mae
2024-08-01,Общественное питание,1,ridge_panel,0.0,two_best_matured_recent_paired_mae
2024-08-01,Общественное питание,1,chronos_seasonal,0.3,two_best_matured_recent_paired_mae
2024-08-01,Общественное питание,1,catboost,0.7,two_best_matured_recent_paired_mae
2024-08-01,Общественное питание,1,lightgbm,0.0,two_best_matured_recent_paired_mae
2024-08-01,Общественное питание,1,pooled_yoy_damped,0.0,two_best_matured_recent_paired_mae
2024-08-01,Общественное питание,1,seasonal_ratio,0.0,two_best_matured_recent_paired_mae
2024-08-01,Общественное питание,2,panel_shrink,0.3,two_best_matured_recent_paired_mae
2024-08-01,Общественное питание,2,seasonal_growth,0.0,two_best_matured_recent_paired_mae
2024-08-01,Общественное питание,2,ridge_panel,0.0,two_best_matured_recent_paired_mae
2024-08-01,Общественное питание,2,chronos_seasonal,0.0,two_best_matured_recent_paired_mae
2024-08-01,Общественное питание,2,catboost,0.7,two_best_matured_recent_paired_mae
2024-08-01,Общественное питание,2,lightgbm,0.0,two_best_matured_recent_paired_mae
2024-08-01,Общественное питание,2,pooled_yoy_damped,0.0,two_best_matured_recent_paired_mae
2024-08-01,Общественное питание,2,seasonal_ratio,0.0,two_best_matured_recent_paired_mae
2024-08-01,Общественное питание,3,panel_shrink,0.7,two_best_matured_recent_paired_mae
2024-08-01,Общественное питание,3,seasonal_growth,0.3,two_best_matured_recent_paired_mae
2024-08-01,Общественное питание,3,ridge_panel,0.0,two_best_matured_recent_paired_mae
2024-08-01,Общественное питание,3,chronos_seasonal,0.0,two_best_matured_recent_paired_mae
2024-08-01,Общественное питание,3,catboost,0.0,two_best_matured_recent_paired_mae
2024-08-01,Общественное питание,3,lightgbm,0.0,two_best_matured_recent_paired_mae
2024-08-01,Общественное питание,3,pooled_yoy_damped,0.0,two_best_matured_recent_paired_mae
2024-08-01,Общественное питание,3,seasonal_ratio,0.0,two_best_matured_recent_paired_mae
2024-08-01,Общественное питание,4,panel_shrink,0.7,two_best_matured_recent_paired_mae
2024-08-01,Общественное питание,4,seasonal_growth,0.3,two_best_matured_recent_paired_mae
2024-08-01,Общественное питание,4,ridge_panel,0.0,two_best_matured_recent_paired_mae
2024-08-01,Общественное питание,4,chronos_seasonal,0.0,two_best_matured_recent_paired_mae
2024-08-01,Общественное питание,4,catboost,0.0,two_best_matured_recent_paired_mae
2024-08-01,Общественное питание,4,lightgbm,0.0,two_best_matured_recent_paired_mae
2024-08-01,Общественное питание,4,pooled_yoy_damped,0.0,two_best_matured_recent_paired_mae
2024-08-01,Общественное питание,4,seasonal_ratio,0.0,two_best_matured_recent_paired_mae
2024-08-01,Продовольствие,1,panel_shrink,0.0,two_best_matured_recent_paired_mae
2024-08-01,Продовольствие,1,seasonal_growth,0.0,two_best_matured_recent_paired_mae
2024-08-01,Продовольствие,1,ridge_panel,0.0,two_best_matured_recent_paired_mae
2024-08-01,Продовольствие,1,chronos_seasonal,0.7,two_best_matured_recent_paired_mae
2024-08-01,Продовольствие,1,catboost,0.0,two_best_matured_recent_paired_mae
2024-08-01,Продовольствие,1,lightgbm,0.0,two_best_matured_recent_paired_mae
2024-08-01,Продовольствие,1,pooled_yoy_damped,0.0,two_best_matured_recent_paired_mae
2024-08-01,Продовольствие,1,seasonal_ratio,0.3,two_best_matured_recent_paired_mae
2024-08-01,Продовольствие,2,panel_shrink,0.3,two_best_matured_recent_paired_mae
2024-08-01,Продовольствие,2,seasonal_growth,0.0,two_best_matured_recent_paired_mae
2024-08-01,Продовольствие,2,ridge_panel,0.0,two_best_matured_recent_paired_mae
2024-08-01,Продовольствие,2,chronos_seasonal,0.7,two_best_matured_recent_paired_mae
2024-08-01,Продовольствие,2,catboost,0.0,two_best_matured_recent_paired_mae
2024-08-01,Продовольствие,2,lightgbm,0.0,two_best_matured_recent_paired_mae
2024-08-01,Продовольствие,2,pooled_yoy_damped,0.0,two_best_matured_recent_paired_mae
2024-08-01,Продовольствие,2,seasonal_ratio,0.0,two_best_matured_recent_paired_mae
2024-08-01,Продовольствие,3,panel_shrink,0.7,two_best_matured_recent_paired_mae
2024-08-01,Продовольствие,3,seasonal_growth,0.3,two_best_matured_recent_paired_mae
2024-08-01,Продовольствие,3,ridge_panel,0.0,two_best_matured_recent_paired_mae
2024-08-01,Продовольствие,3,chronos_seasonal,0.0,two_best_matured_recent_paired_mae
2024-08-01,Продовольствие,3,catboost,0.0,two_best_matured_recent_paired_mae
2024-08-01,Продовольствие,3,lightgbm,0.0,two_best_matured_recent_paired_mae
2024-08-01,Продовольствие,3,pooled_yoy_damped,0.0,two_best_matured_recent_paired_mae
2024-08-01,Продовольствие,3,seasonal_ratio,0.0,two_best_matured_recent_paired_mae
2024-08-01,Продовольствие,4,panel_shrink,0.7,two_best_matured_recent_paired_mae
2024-08-01,Продовольствие,4,seasonal_growth,0.3,two_best_matured_recent_paired_mae
2024-08-01,Продовольствие,4,ridge_panel,0.0,two_best_matured_recent_paired_mae
2024-08-01,Продовольствие,4,chronos_seasonal,0.0,two_best_matured_recent_paired_mae
2024-08-01,Продовольствие,4,catboost,0.0,two_best_matured_recent_paired_mae
2024-08-01,Продовольствие,4,lightgbm,0.0,two_best_matured_recent_paired_mae
2024-08-01,Продовольствие,4,pooled_yoy_damped,0.0,two_best_matured_recent_paired_mae
2024-08-01,Продовольствие,4,seasonal_ratio,0.0,two_best_matured_recent_paired_mae
2024-08-01,Транспорт,1,panel_shrink,0.0,two_best_matured_recent_paired_mae
2024-08-01,Транспорт,1,seasonal_growth,0.0,two_best_matured_recent_paired_mae
2024-08-01,Транспорт,1,ridge_panel,0.0,two_best_matured_recent_paired_mae
2024-08-01,Транспорт,1,chronos_seasonal,0.0,two_best_matured_recent_paired_mae
2024-08-01,Транспорт,1,catboost,0.7,two_best_matured_recent_paired_mae
2024-08-01,Транспорт,1,lightgbm,0.3,two_best_matured_recent_paired_mae
2024-08-01,Транспорт,1,pooled_yoy_damped,0.0,two_best_matured_recent_paired_mae
2024-08-01,Транспорт,1,seasonal_ratio,0.0,two_best_matured_recent_paired_mae
2024-08-01,Транспорт,2,panel_shrink,0.0,two_best_matured_recent_paired_mae
2024-08-01,Транспорт,2,seasonal_growth,0.0,two_best_matured_recent_paired_mae
2024-08-01,Транспорт,2,ridge_panel,0.0,two_best_matured_recent_paired_mae
2024-08-01,Транспорт,2,chronos_seasonal,0.0,two_best_matured_recent_paired_mae
2024-08-01,Транспорт,2,catboost,0.7,two_best_matured_recent_paired_mae
2024-08-01,Транспорт,2,lightgbm,0.0,two_best_matured_recent_paired_mae
2024-08-01,Транспорт,2,pooled_yoy_damped,0.0,two_best_matured_recent_paired_mae
2024-08-01,Транспорт,2,seasonal_ratio,0.3,two_best_matured_recent_paired_mae
2024-08-01,Транспорт,3,panel_shrink,0.3,two_best_matured_recent_paired_mae
2024-08-01,Транспорт,3,seasonal_growth,0.0,two_best_matured_recent_paired_mae
2024-08-01,Транспорт,3,ridge_panel,0.0,two_best_matured_recent_paired_mae
2024-08-01,Транспорт,3,chronos_seasonal,0.0,two_best_matured_recent_paired_mae
2024-08-01,Транспорт,3,catboost,0.0,two_best_matured_recent_paired_mae
2024-08-01,Транспорт,3,lightgbm,0.0,two_best_matured_recent_paired_mae
2024-08-01,Транспорт,3,pooled_yoy_damped,0.0,two_best_matured_recent_paired_mae
2024-08-01,Транспорт,3,seasonal_ratio,0.7,two_best_matured_recent_paired_mae
2024-08-01,Транспорт,4,panel_shrink,0.3,two_best_matured_recent_paired_mae
2024-08-01,Транспорт,4,seasonal_growth,0.0,two_best_matured_recent_paired_mae
2024-08-01,Транспорт,4,ridge_panel,0.0,two_best_matured_recent_paired_mae
2024-08-01,Транспорт,4,chronos_seasonal,0.0,two_best_matured_recent_paired_mae
2024-08-01,Транспорт,4,catboost,0.0,two_best_matured_recent_paired_mae
2024-08-01,Транспорт,4,lightgbm,0.0,two_best_matured_recent_paired_mae
2024-08-01,Транспорт,4,pooled_yoy_damped,0.0,two_best_matured_recent_paired_mae
2024-08-01,Транспорт,4,seasonal_ratio,0.7,two_best_matured_recent_paired_mae
2024-09-01,Все категории,1,panel_shrink,0.0,two_best_matured_recent_paired_mae
2024-09-01,Все категории,1,seasonal_growth,0.0,two_best_matured_recent_paired_mae
2024-09-01,Все категории,1,ridge_panel,0.0,two_best_matured_recent_paired_mae
2024-09-01,Все категории,1,chronos_seasonal,0.3,two_best_matured_recent_paired_mae
2024-09-01,Все категории,1,catboost,0.0,two_best_matured_recent_paired_mae
2024-09-01,Все категории,1,lightgbm,0.0,two_best_matured_recent_paired_mae
2024-09-01,Все категории,1,pooled_yoy_damped,0.0,two_best_matured_recent_paired_mae
2024-09-01,Все категории,1,seasonal_ratio,0.7,two_best_matured_recent_paired_mae
2024-09-01,Все категории,2,panel_shrink,0.7,two_best_matured_recent_paired_mae
2024-09-01,Все категории,2,seasonal_growth,0.0,two_best_matured_recent_paired_mae
2024-09-01,Все категории,2,ridge_panel,0.0,two_best_matured_recent_paired_mae
2024-09-01,Все категории,2,chronos_seasonal,0.3,two_best_matured_recent_paired_mae
2024-09-01,Все категории,2,catboost,0.0,two_best_matured_recent_paired_mae
2024-09-01,Все категории,2,lightgbm,0.0,two_best_matured_recent_paired_mae
2024-09-01,Все категории,2,pooled_yoy_damped,0.0,two_best_matured_recent_paired_mae
2024-09-01,Все категории,2,seasonal_ratio,0.0,two_best_matured_recent_paired_mae
2024-09-01,Все категории,3,panel_shrink,0.7,two_best_matured_recent_paired_mae
2024-09-01,Все категории,3,seasonal_growth,0.3,two_best_matured_recent_paired_mae
2024-09-01,Все категории,3,ridge_panel,0.0,two_best_matured_recent_paired_mae
2024-09-01,Все категории,3,chronos_seasonal,0.0,two_best_matured_recent_paired_mae
2024-09-01,Все категории,3,catboost,0.0,two_best_matured_recent_paired_mae
2024-09-01,Все категории,3,lightgbm,0.0,two_best_matured_recent_paired_mae
2024-09-01,Все категории,3,pooled_yoy_damped,0.0,two_best_matured_recent_paired_mae
2024-09-01,Все категории,3,seasonal_ratio,0.0,two_best_matured_recent_paired_mae
2024-09-01,Здоровье,1,panel_shrink,0.7,two_best_matured_recent_paired_mae
2024-09-01,Здоровье,1,seasonal_growth,0.0,two_best_matured_recent_paired_mae
2024-09-01,Здоровье,1,ridge_panel,0.3,two_best_matured_recent_paired_mae
2024-09-01,Здоровье,1,chronos_seasonal,0.0,two_best_matured_recent_paired_mae
2024-09-01,Здоровье,1,catboost,0.0,two_best_matured_recent_paired_mae
2024-09-01,Здоровье,1,lightgbm,0.0,two_best_matured_recent_paired_mae
2024-09-01,Здоровье,1,pooled_yoy_damped,0.0,two_best_matured_recent_paired_mae
2024-09-01,Здоровье,1,seasonal_ratio,0.0,two_best_matured_recent_paired_mae
2024-09-01,Здоровье,2,panel_shrink,0.7,two_best_matured_recent_paired_mae
2024-09-01,Здоровье,2,seasonal_growth,0.0,two_best_matured_recent_paired_mae
2024-09-01,Здоровье,2,ridge_panel,0.0,two_best_matured_recent_paired_mae
2024-09-01,Здоровье,2,chronos_seasonal,0.3,two_best_matured_recent_paired_mae
2024-09-01,Здоровье,2,catboost,0.0,two_best_matured_recent_paired_mae
2024-09-01,Здоровье,2,lightgbm,0.0,two_best_matured_recent_paired_mae
2024-09-01,Здоровье,2,pooled_yoy_damped,0.0,two_best_matured_recent_paired_mae
2024-09-01,Здоровье,2,seasonal_ratio,0.0,two_best_matured_recent_paired_mae
2024-09-01,Здоровье,3,panel_shrink,0.7,two_best_matured_recent_paired_mae
2024-09-01,Здоровье,3,seasonal_growth,0.0,two_best_matured_recent_paired_mae
2024-09-01,Здоровье,3,ridge_panel,0.0,two_best_matured_recent_paired_mae
2024-09-01,Здоровье,3,chronos_seasonal,0.3,two_best_matured_recent_paired_mae
2024-09-01,Здоровье,3,catboost,0.0,two_best_matured_recent_paired_mae
2024-09-01,Здоровье,3,lightgbm,0.0,two_best_matured_recent_paired_mae
2024-09-01,Здоровье,3,pooled_yoy_damped,0.0,two_best_matured_recent_paired_mae
2024-09-01,Здоровье,3,seasonal_ratio,0.0,two_best_matured_recent_paired_mae
2024-09-01,Маркетплейсы,1,panel_shrink,0.0,two_best_matured_recent_paired_mae
2024-09-01,Маркетплейсы,1,seasonal_growth,0.0,two_best_matured_recent_paired_mae
2024-09-01,Маркетплейсы,1,ridge_panel,0.7,two_best_matured_recent_paired_mae
2024-09-01,Маркетплейсы,1,chronos_seasonal,0.0,two_best_matured_recent_paired_mae
2024-09-01,Маркетплейсы,1,catboost,0.0,two_best_matured_recent_paired_mae
2024-09-01,Маркетплейсы,1,lightgbm,0.3,two_best_matured_recent_paired_mae
2024-09-01,Маркетплейсы,1,pooled_yoy_damped,0.0,two_best_matured_recent_paired_mae
2024-09-01,Маркетплейсы,1,seasonal_ratio,0.0,two_best_matured_recent_paired_mae
2024-09-01,Маркетплейсы,2,panel_shrink,0.0,two_best_matured_recent_paired_mae
2024-09-01,Маркетплейсы,2,seasonal_growth,0.0,two_best_matured_recent_paired_mae
2024-09-01,Маркетплейсы,2,ridge_panel,0.0,two_best_matured_recent_paired_mae
2024-09-01,Маркетплейсы,2,chronos_seasonal,0.0,two_best_matured_recent_paired_mae
2024-09-01,Маркетплейсы,2,catboost,0.7,two_best_matured_recent_paired_mae
2024-09-01,Маркетплейсы,2,lightgbm,0.3,two_best_matured_recent_paired_mae
2024-09-01,Маркетплейсы,2,pooled_yoy_damped,0.0,two_best_matured_recent_paired_mae
2024-09-01,Маркетплейсы,2,seasonal_ratio,0.0,two_best_matured_recent_paired_mae
2024-09-01,Маркетплейсы,3,panel_shrink,0.0,two_best_matured_recent_paired_mae
2024-09-01,Маркетплейсы,3,seasonal_growth,0.0,two_best_matured_recent_paired_mae
2024-09-01,Маркетплейсы,3,ridge_panel,0.7,two_best_matured_recent_paired_mae
2024-09-01,Маркетплейсы,3,chronos_seasonal,0.0,two_best_matured_recent_paired_mae
2024-09-01,Маркетплейсы,3,catboost,0.0,two_best_matured_recent_paired_mae
2024-09-01,Маркетплейсы,3,lightgbm,0.3,two_best_matured_recent_paired_mae
2024-09-01,Маркетплейсы,3,pooled_yoy_damped,0.0,two_best_matured_recent_paired_mae
2024-09-01,Маркетплейсы,3,seasonal_ratio,0.0,two_best_matured_recent_paired_mae
2024-09-01,Общественное питание,1,panel_shrink,0.0,two_best_matured_recent_paired_mae
2024-09-01,Общественное питание,1,seasonal_growth,0.0,two_best_matured_recent_paired_mae
2024-09-01,Общественное питание,1,ridge_panel,0.0,two_best_matured_recent_paired_mae
2024-09-01,Общественное питание,1,chronos_seasonal,0.0,two_best_matured_recent_paired_mae
2024-09-01,Общественное питание,1,catboost,0.7,two_best_matured_recent_paired_mae
2024-09-01,Общественное питание,1,lightgbm,0.3,two_best_matured_recent_paired_mae
2024-09-01,Общественное питание,1,pooled_yoy_damped,0.0,two_best_matured_recent_paired_mae
2024-09-01,Общественное питание,1,seasonal_ratio,0.0,two_best_matured_recent_paired_mae
2024-09-01,Общественное питание,2,panel_shrink,0.0,two_best_matured_recent_paired_mae
2024-09-01,Общественное питание,2,seasonal_growth,0.0,two_best_matured_recent_paired_mae
2024-09-01,Общественное питание,2,ridge_panel,0.0,two_best_matured_recent_paired_mae
2024-09-01,Общественное питание,2,chronos_seasonal,0.7,two_best_matured_recent_paired_mae
2024-09-01,Общественное питание,2,catboost,0.3,two_best_matured_recent_paired_mae
2024-09-01,Общественное питание,2,lightgbm,0.0,two_best_matured_recent_paired_mae
2024-09-01,Общественное питание,2,pooled_yoy_damped,0.0,two_best_matured_recent_paired_mae
2024-09-01,Общественное питание,2,seasonal_ratio,0.0,two_best_matured_recent_paired_mae
2024-09-01,Общественное питание,3,panel_shrink,0.7,two_best_matured_recent_paired_mae
2024-09-01,Общественное питание,3,seasonal_growth,0.0,two_best_matured_recent_paired_mae
2024-09-01,Общественное питание,3,ridge_panel,0.0,two_best_matured_recent_paired_mae
2024-09-01,Общественное питание,3,chronos_seasonal,0.3,two_best_matured_recent_paired_mae
2024-09-01,Общественное питание,3,catboost,0.0,two_best_matured_recent_paired_mae
2024-09-01,Общественное питание,3,lightgbm,0.0,two_best_matured_recent_paired_mae
2024-09-01,Общественное питание,3,pooled_yoy_damped,0.0,two_best_matured_recent_paired_mae
2024-09-01,Общественное питание,3,seasonal_ratio,0.0,two_best_matured_recent_paired_mae
2024-09-01,Продовольствие,1,panel_shrink,0.0,two_best_matured_recent_paired_mae
2024-09-01,Продовольствие,1,seasonal_growth,0.0,two_best_matured_recent_paired_mae
2024-09-01,Продовольствие,1,ridge_panel,0.0,two_best_matured_recent_paired_mae
2024-09-01,Продовольствие,1,chronos_seasonal,0.7,two_best_matured_recent_paired_mae
2024-09-01,Продовольствие,1,catboost,0.0,two_best_matured_recent_paired_mae
2024-09-01,Продовольствие,1,lightgbm,0.0,two_best_matured_recent_paired_mae
2024-09-01,Продовольствие,1,pooled_yoy_damped,0.0,two_best_matured_recent_paired_mae
2024-09-01,Продовольствие,1,seasonal_ratio,0.3,two_best_matured_recent_paired_mae
2024-09-01,Продовольствие,2,panel_shrink,0.3,two_best_matured_recent_paired_mae
2024-09-01,Продовольствие,2,seasonal_growth,0.0,two_best_matured_recent_paired_mae
2024-09-01,Продовольствие,2,ridge_panel,0.0,two_best_matured_recent_paired_mae
2024-09-01,Продовольствие,2,chronos_seasonal,0.7,two_best_matured_recent_paired_mae
2024-09-01,Продовольствие,2,catboost,0.0,two_best_matured_recent_paired_mae
2024-09-01,Продовольствие,2,lightgbm,0.0,two_best_matured_recent_paired_mae
2024-09-01,Продовольствие,2,pooled_yoy_damped,0.0,two_best_matured_recent_paired_mae
2024-09-01,Продовольствие,2,seasonal_ratio,0.0,two_best_matured_recent_paired_mae
2024-09-01,Продовольствие,3,panel_shrink,0.3,two_best_matured_recent_paired_mae
2024-09-01,Продовольствие,3,seasonal_growth,0.0,two_best_matured_recent_paired_mae
2024-09-01,Продовольствие,3,ridge_panel,0.0,two_best_matured_recent_paired_mae
2024-09-01,Продовольствие,3,chronos_seasonal,0.7,two_best_matured_recent_paired_mae
2024-09-01,Продовольствие,3,catboost,0.0,two_best_matured_recent_paired_mae
2024-09-01,Продовольствие,3,lightgbm,0.0,two_best_matured_recent_paired_mae
2024-09-01,Продовольствие,3,pooled_yoy_damped,0.0,two_best_matured_recent_paired_mae
2024-09-01,Продовольствие,3,seasonal_ratio,0.0,two_best_matured_recent_paired_mae
2024-09-01,Транспорт,1,panel_shrink,0.0,two_best_matured_recent_paired_mae
2024-09-01,Транспорт,1,seasonal_growth,0.0,two_best_matured_recent_paired_mae
2024-09-01,Транспорт,1,ridge_panel,0.0,two_best_matured_recent_paired_mae
2024-09-01,Транспорт,1,chronos_seasonal,0.0,two_best_matured_recent_paired_mae
2024-09-01,Транспорт,1,catboost,0.7,two_best_matured_recent_paired_mae
2024-09-01,Транспорт,1,lightgbm,0.3,two_best_matured_recent_paired_mae
2024-09-01,Транспорт,1,pooled_yoy_damped,0.0,two_best_matured_recent_paired_mae
2024-09-01,Транспорт,1,seasonal_ratio,0.0,two_best_matured_recent_paired_mae
2024-09-01,Транспорт,2,panel_shrink,0.0,two_best_matured_recent_paired_mae
2024-09-01,Транспорт,2,seasonal_growth,0.0,two_best_matured_recent_paired_mae
2024-09-01,Транспорт,2,ridge_panel,0.0,two_best_matured_recent_paired_mae
2024-09-01,Транспорт,2,chronos_seasonal,0.7,two_best_matured_recent_paired_mae
2024-09-01,Транспорт,2,catboost,0.3,two_best_matured_recent_paired_mae
2024-09-01,Транспорт,2,lightgbm,0.0,two_best_matured_recent_paired_mae
2024-09-01,Транспорт,2,pooled_yoy_damped,0.0,two_best_matured_recent_paired_mae
2024-09-01,Транспорт,2,seasonal_ratio,0.0,two_best_matured_recent_paired_mae
2024-09-01,Транспорт,3,panel_shrink,0.3,two_best_matured_recent_paired_mae
2024-09-01,Транспорт,3,seasonal_growth,0.0,two_best_matured_recent_paired_mae
2024-09-01,Транспорт,3,ridge_panel,0.0,two_best_matured_recent_paired_mae
2024-09-01,Транспорт,3,chronos_seasonal,0.0,two_best_matured_recent_paired_mae
2024-09-01,Транспорт,3,catboost,0.7,two_best_matured_recent_paired_mae
2024-09-01,Транспорт,3,lightgbm,0.0,two_best_matured_recent_paired_mae
2024-09-01,Транспорт,3,pooled_yoy_damped,0.0,two_best_matured_recent_paired_mae
2024-09-01,Транспорт,3,seasonal_ratio,0.0,two_best_matured_recent_paired_mae
2024-10-01,Все категории,1,panel_shrink,0.3,two_best_matured_recent_paired_mae
2024-10-01,Все категории,1,seasonal_growth,0.0,two_best_matured_recent_paired_mae
2024-10-01,Все категории,1,ridge_panel,0.0,two_best_matured_recent_paired_mae
2024-10-01,Все категории,1,chronos_seasonal,0.0,two_best_matured_recent_paired_mae
2024-10-01,Все категории,1,catboost,0.0,two_best_matured_recent_paired_mae
2024-10-01,Все категории,1,lightgbm,0.0,two_best_matured_recent_paired_mae
2024-10-01,Все категории,1,pooled_yoy_damped,0.0,two_best_matured_recent_paired_mae
2024-10-01,Все категории,1,seasonal_ratio,0.7,two_best_matured_recent_paired_mae
2024-10-01,Все категории,2,panel_shrink,0.7,two_best_matured_recent_paired_mae
2024-10-01,Все категории,2,seasonal_growth,0.3,two_best_matured_recent_paired_mae
2024-10-01,Все категории,2,ridge_panel,0.0,two_best_matured_recent_paired_mae
2024-10-01,Все категории,2,chronos_seasonal,0.0,two_best_matured_recent_paired_mae
2024-10-01,Все категории,2,catboost,0.0,two_best_matured_recent_paired_mae
2024-10-01,Все категории,2,lightgbm,0.0,two_best_matured_recent_paired_mae
2024-10-01,Все категории,2,pooled_yoy_damped,0.0,two_best_matured_recent_paired_mae
2024-10-01,Все категории,2,seasonal_ratio,0.0,two_best_matured_recent_paired_mae
2024-10-01,Здоровье,1,panel_shrink,0.7,two_best_matured_recent_paired_mae
2024-10-01,Здоровье,1,seasonal_growth,0.0,two_best_matured_recent_paired_mae
2024-10-01,Здоровье,1,ridge_panel,0.0,two_best_matured_recent_paired_mae
2024-10-01,Здоровье,1,chronos_seasonal,0.0,two_best_matured_recent_paired_mae
2024-10-01,Здоровье,1,catboost,0.3,two_best_matured_recent_paired_mae
2024-10-01,Здоровье,1,lightgbm,0.0,two_best_matured_recent_paired_mae
2024-10-01,Здоровье,1,pooled_yoy_damped,0.0,two_best_matured_recent_paired_mae
2024-10-01,Здоровье,1,seasonal_ratio,0.0,two_best_matured_recent_paired_mae
2024-10-01,Здоровье,2,panel_shrink,0.7,two_best_matured_recent_paired_mae
2024-10-01,Здоровье,2,seasonal_growth,0.3,two_best_matured_recent_paired_mae
2024-10-01,Здоровье,2,ridge_panel,0.0,two_best_matured_recent_paired_mae
2024-10-01,Здоровье,2,chronos_seasonal,0.0,two_best_matured_recent_paired_mae
2024-10-01,Здоровье,2,catboost,0.0,two_best_matured_recent_paired_mae
2024-10-01,Здоровье,2,lightgbm,0.0,two_best_matured_recent_paired_mae
2024-10-01,Здоровье,2,pooled_yoy_damped,0.0,two_best_matured_recent_paired_mae
2024-10-01,Здоровье,2,seasonal_ratio,0.0,two_best_matured_recent_paired_mae
2024-10-01,Маркетплейсы,1,panel_shrink,0.0,two_best_matured_recent_paired_mae
2024-10-01,Маркетплейсы,1,seasonal_growth,0.0,two_best_matured_recent_paired_mae
2024-10-01,Маркетплейсы,1,ridge_panel,0.3,two_best_matured_recent_paired_mae
2024-10-01,Маркетплейсы,1,chronos_seasonal,0.0,two_best_matured_recent_paired_mae
2024-10-01,Маркетплейсы,1,catboost,0.7,two_best_matured_recent_paired_mae
2024-10-01,Маркетплейсы,1,lightgbm,0.0,two_best_matured_recent_paired_mae
2024-10-01,Маркетплейсы,1,pooled_yoy_damped,0.0,two_best_matured_recent_paired_mae
2024-10-01,Маркетплейсы,1,seasonal_ratio,0.0,two_best_matured_recent_paired_mae
2024-10-01,Маркетплейсы,2,panel_shrink,0.0,two_best_matured_recent_paired_mae
2024-10-01,Маркетплейсы,2,seasonal_growth,0.0,two_best_matured_recent_paired_mae
2024-10-01,Маркетплейсы,2,ridge_panel,0.0,two_best_matured_recent_paired_mae
2024-10-01,Маркетплейсы,2,chronos_seasonal,0.0,two_best_matured_recent_paired_mae
2024-10-01,Маркетплейсы,2,catboost,0.7,two_best_matured_recent_paired_mae
2024-10-01,Маркетплейсы,2,lightgbm,0.3,two_best_matured_recent_paired_mae
2024-10-01,Маркетплейсы,2,pooled_yoy_damped,0.0,two_best_matured_recent_paired_mae
2024-10-01,Маркетплейсы,2,seasonal_ratio,0.0,two_best_matured_recent_paired_mae
2024-10-01,Общественное питание,1,panel_shrink,0.0,two_best_matured_recent_paired_mae
2024-10-01,Общественное питание,1,seasonal_growth,0.0,two_best_matured_recent_paired_mae
2024-10-01,Общественное питание,1,ridge_panel,0.0,two_best_matured_recent_paired_mae
2024-10-01,Общественное питание,1,chronos_seasonal,0.0,two_best_matured_recent_paired_mae
2024-10-01,Общественное питание,1,catboost,0.7,two_best_matured_recent_paired_mae
2024-10-01,Общественное питание,1,lightgbm,0.3,two_best_matured_recent_paired_mae
2024-10-01,Общественное питание,1,pooled_yoy_damped,0.0,two_best_matured_recent_paired_mae
2024-10-01,Общественное питание,1,seasonal_ratio,0.0,two_best_matured_recent_paired_mae
2024-10-01,Общественное питание,2,panel_shrink,0.3,two_best_matured_recent_paired_mae
2024-10-01,Общественное питание,2,seasonal_growth,0.0,two_best_matured_recent_paired_mae
2024-10-01,Общественное питание,2,ridge_panel,0.0,two_best_matured_recent_paired_mae
2024-10-01,Общественное питание,2,chronos_seasonal,0.0,two_best_matured_recent_paired_mae
2024-10-01,Общественное питание,2,catboost,0.7,two_best_matured_recent_paired_mae
2024-10-01,Общественное питание,2,lightgbm,0.0,two_best_matured_recent_paired_mae
2024-10-01,Общественное питание,2,pooled_yoy_damped,0.0,two_best_matured_recent_paired_mae
2024-10-01,Общественное питание,2,seasonal_ratio,0.0,two_best_matured_recent_paired_mae
2024-10-01,Продовольствие,1,panel_shrink,0.0,two_best_matured_recent_paired_mae
2024-10-01,Продовольствие,1,seasonal_growth,0.0,two_best_matured_recent_paired_mae
2024-10-01,Продовольствие,1,ridge_panel,0.0,two_best_matured_recent_paired_mae
2024-10-01,Продовольствие,1,chronos_seasonal,0.7,two_best_matured_recent_paired_mae
2024-10-01,Продовольствие,1,catboost,0.0,two_best_matured_recent_paired_mae
2024-10-01,Продовольствие,1,lightgbm,0.0,two_best_matured_recent_paired_mae
2024-10-01,Продовольствие,1,pooled_yoy_damped,0.0,two_best_matured_recent_paired_mae
2024-10-01,Продовольствие,1,seasonal_ratio,0.3,two_best_matured_recent_paired_mae
2024-10-01,Продовольствие,2,panel_shrink,0.3,two_best_matured_recent_paired_mae
2024-10-01,Продовольствие,2,seasonal_growth,0.0,two_best_matured_recent_paired_mae
2024-10-01,Продовольствие,2,ridge_panel,0.0,two_best_matured_recent_paired_mae
2024-10-01,Продовольствие,2,chronos_seasonal,0.7,two_best_matured_recent_paired_mae
2024-10-01,Продовольствие,2,catboost,0.0,two_best_matured_recent_paired_mae
2024-10-01,Продовольствие,2,lightgbm,0.0,two_best_matured_recent_paired_mae
2024-10-01,Продовольствие,2,pooled_yoy_damped,0.0,two_best_matured_recent_paired_mae
2024-10-01,Продовольствие,2,seasonal_ratio,0.0,two_best_matured_recent_paired_mae
2024-10-01,Транспорт,1,panel_shrink,0.0,two_best_matured_recent_paired_mae
2024-10-01,Транспорт,1,seasonal_growth,0.0,two_best_matured_recent_paired_mae
2024-10-01,Транспорт,1,ridge_panel,0.0,two_best_matured_recent_paired_mae
2024-10-01,Транспорт,1,chronos_seasonal,0.3,two_best_matured_recent_paired_mae
2024-10-01,Транспорт,1,catboost,0.7,two_best_matured_recent_paired_mae
2024-10-01,Транспорт,1,lightgbm,0.0,two_best_matured_recent_paired_mae
2024-10-01,Транспорт,1,pooled_yoy_damped,0.0,two_best_matured_recent_paired_mae
2024-10-01,Транспорт,1,seasonal_ratio,0.0,two_best_matured_recent_paired_mae
2024-10-01,Транспорт,2,panel_shrink,0.3,two_best_matured_recent_paired_mae
2024-10-01,Транспорт,2,seasonal_growth,0.0,two_best_matured_recent_paired_mae
2024-10-01,Транспорт,2,ridge_panel,0.0,two_best_matured_recent_paired_mae
2024-10-01,Транспорт,2,chronos_seasonal,0.0,two_best_matured_recent_paired_mae
2024-10-01,Транспорт,2,catboost,0.7,two_best_matured_recent_paired_mae
2024-10-01,Транспорт,2,lightgbm,0.0,two_best_matured_recent_paired_mae
2024-10-01,Транспорт,2,pooled_yoy_damped,0.0,two_best_matured_recent_paired_mae
2024-10-01,Транспорт,2,seasonal_ratio,0.0,two_best_matured_recent_paired_mae
2024-11-01,Все категории,1,panel_shrink,0.0,two_best_matured_recent_paired_mae
2024-11-01,Все категории,1,seasonal_growth,0.0,two_best_matured_recent_paired_mae
2024-11-01,Все категории,1,ridge_panel,0.0,two_best_matured_recent_paired_mae
2024-11-01,Все категории,1,chronos_seasonal,0.3,two_best_matured_recent_paired_mae
2024-11-01,Все категории,1,catboost,0.0,two_best_matured_recent_paired_mae
2024-11-01,Все категории,1,lightgbm,0.0,two_best_matured_recent_paired_mae
2024-11-01,Все категории,1,pooled_yoy_damped,0.0,two_best_matured_recent_paired_mae
2024-11-01,Все категории,1,seasonal_ratio,0.7,two_best_matured_recent_paired_mae
2024-11-01,Здоровье,1,panel_shrink,0.3,two_best_matured_recent_paired_mae
2024-11-01,Здоровье,1,seasonal_growth,0.0,two_best_matured_recent_paired_mae
2024-11-01,Здоровье,1,ridge_panel,0.0,two_best_matured_recent_paired_mae
2024-11-01,Здоровье,1,chronos_seasonal,0.0,two_best_matured_recent_paired_mae
2024-11-01,Здоровье,1,catboost,0.7,two_best_matured_recent_paired_mae
2024-11-01,Здоровье,1,lightgbm,0.0,two_best_matured_recent_paired_mae
2024-11-01,Здоровье,1,pooled_yoy_damped,0.0,two_best_matured_recent_paired_mae
2024-11-01,Здоровье,1,seasonal_ratio,0.0,two_best_matured_recent_paired_mae
2024-11-01,Маркетплейсы,1,panel_shrink,0.0,two_best_matured_recent_paired_mae
2024-11-01,Маркетплейсы,1,seasonal_growth,0.0,two_best_matured_recent_paired_mae
2024-11-01,Маркетплейсы,1,ridge_panel,0.0,two_best_matured_recent_paired_mae
2024-11-01,Маркетплейсы,1,chronos_seasonal,0.0,two_best_matured_recent_paired_mae
2024-11-01,Маркетплейсы,1,catboost,0.7,two_best_matured_recent_paired_mae
2024-11-01,Маркетплейсы,1,lightgbm,0.3,two_best_matured_recent_paired_mae
2024-11-01,Маркетплейсы,1,pooled_yoy_damped,0.0,two_best_matured_recent_paired_mae
2024-11-01,Маркетплейсы,1,seasonal_ratio,0.0,two_best_matured_recent_paired_mae
2024-11-01,Общественное питание,1,panel_shrink,0.0,two_best_matured_recent_paired_mae
2024-11-01,Общественное питание,1,seasonal_growth,0.0,two_best_matured_recent_paired_mae
2024-11-01,Общественное питание,1,ridge_panel,0.0,two_best_matured_recent_paired_mae
2024-11-01,Общественное питание,1,chronos_seasonal,0.0,two_best_matured_recent_paired_mae
2024-11-01,Общественное питание,1,catboost,0.3,two_best_matured_recent_paired_mae
2024-11-01,Общественное питание,1,lightgbm,0.0,two_best_matured_recent_paired_mae
2024-11-01,Общественное питание,1,pooled_yoy_damped,0.0,two_best_matured_recent_paired_mae
2024-11-01,Общественное питание,1,seasonal_ratio,0.7,two_best_matured_recent_paired_mae
2024-11-01,Продовольствие,1,panel_shrink,0.0,two_best_matured_recent_paired_mae
2024-11-01,Продовольствие,1,seasonal_growth,0.0,two_best_matured_recent_paired_mae
2024-11-01,Продовольствие,1,ridge_panel,0.0,two_best_matured_recent_paired_mae
2024-11-01,Продовольствие,1,chronos_seasonal,0.7,two_best_matured_recent_paired_mae
2024-11-01,Продовольствие,1,catboost,0.0,two_best_matured_recent_paired_mae
2024-11-01,Продовольствие,1,lightgbm,0.0,two_best_matured_recent_paired_mae
2024-11-01,Продовольствие,1,pooled_yoy_damped,0.0,two_best_matured_recent_paired_mae
2024-11-01,Продовольствие,1,seasonal_ratio,0.3,two_best_matured_recent_paired_mae
2024-11-01,Транспорт,1,panel_shrink,0.0,two_best_matured_recent_paired_mae
2024-11-01,Транспорт,1,seasonal_growth,0.0,two_best_matured_recent_paired_mae
2024-11-01,Транспорт,1,ridge_panel,0.0,two_best_matured_recent_paired_mae
2024-11-01,Транспорт,1,chronos_seasonal,0.3,two_best_matured_recent_paired_mae
2024-11-01,Транспорт,1,catboost,0.7,two_best_matured_recent_paired_mae
2024-11-01,Транспорт,1,lightgbm,0.0,two_best_matured_recent_paired_mae
2024-11-01,Транспорт,1,pooled_yoy_damped,0.0,two_best_matured_recent_paired_mae
2024-11-01,Транспорт,1,seasonal_ratio,0.0,two_best_matured_recent_paired_mae
