origin_date,category,horizon,model,weight,rule
2023-12-01,Все категории,1,seasonal_growth,0.1666666666666666,equal_prior
2023-12-01,Все категории,1,panel_shrink,0.1666666666666666,equal_prior
2023-12-01,Все категории,1,ridge_panel,0.1666666666666666,equal_prior
2023-12-01,Все категории,1,catboost,0.1666666666666666,equal_prior
2023-12-01,Все категории,1,lightgbm,0.1666666666666666,equal_prior
2023-12-01,Все категории,1,chronos_seasonal,0.1666666666666666,equal_prior
2023-12-01,Все категории,2,seasonal_growth,0.1666666666666666,equal_prior
2023-12-01,Все категории,2,panel_shrink,0.1666666666666666,equal_prior
2023-12-01,Все категории,2,ridge_panel,0.1666666666666666,equal_prior
2023-12-01,Все категории,2,catboost,0.1666666666666666,equal_prior
2023-12-01,Все категории,2,lightgbm,0.1666666666666666,equal_prior
2023-12-01,Все категории,2,chronos_seasonal,0.1666666666666666,equal_prior
2023-12-01,Все категории,3,seasonal_growth,0.1666666666666666,equal_prior
2023-12-01,Все категории,3,panel_shrink,0.1666666666666666,equal_prior
2023-12-01,Все категории,3,ridge_panel,0.1666666666666666,equal_prior
2023-12-01,Все категории,3,catboost,0.1666666666666666,equal_prior
2023-12-01,Все категории,3,lightgbm,0.1666666666666666,equal_prior
2023-12-01,Все категории,3,chronos_seasonal,0.1666666666666666,equal_prior
2023-12-01,Все категории,4,seasonal_growth,0.1666666666666666,equal_prior
2023-12-01,Все категории,4,panel_shrink,0.1666666666666666,equal_prior
2023-12-01,Все категории,4,ridge_panel,0.1666666666666666,equal_prior
2023-12-01,Все категории,4,catboost,0.1666666666666666,equal_prior
2023-12-01,Все категории,4,lightgbm,0.1666666666666666,equal_prior
2023-12-01,Все категории,4,chronos_seasonal,0.1666666666666666,equal_prior
2023-12-01,Все категории,5,seasonal_growth,0.1666666666666666,equal_prior
2023-12-01,Все категории,5,panel_shrink,0.1666666666666666,equal_prior
2023-12-01,Все категории,5,ridge_panel,0.1666666666666666,equal_prior
2023-12-01,Все категории,5,catboost,0.1666666666666666,equal_prior
2023-12-01,Все категории,5,lightgbm,0.1666666666666666,equal_prior
2023-12-01,Все категории,5,chronos_seasonal,0.1666666666666666,equal_prior
2023-12-01,Все категории,6,seasonal_growth,0.1666666666666666,equal_prior
2023-12-01,Все категории,6,panel_shrink,0.1666666666666666,equal_prior
2023-12-01,Все категории,6,ridge_panel,0.1666666666666666,equal_prior
2023-12-01,Все категории,6,catboost,0.1666666666666666,equal_prior
2023-12-01,Все категории,6,lightgbm,0.1666666666666666,equal_prior
2023-12-01,Все категории,6,chronos_seasonal,0.1666666666666666,equal_prior
2023-12-01,Все категории,7,seasonal_growth,0.1666666666666666,equal_prior
2023-12-01,Все категории,7,panel_shrink,0.1666666666666666,equal_prior
2023-12-01,Все категории,7,ridge_panel,0.1666666666666666,equal_prior
2023-12-01,Все категории,7,catboost,0.1666666666666666,equal_prior
2023-12-01,Все категории,7,lightgbm,0.1666666666666666,equal_prior
2023-12-01,Все категории,7,chronos_seasonal,0.1666666666666666,equal_prior
2023-12-01,Все категории,8,seasonal_growth,0.1666666666666666,equal_prior
2023-12-01,Все категории,8,panel_shrink,0.1666666666666666,equal_prior
2023-12-01,Все категории,8,ridge_panel,0.1666666666666666,equal_prior
2023-12-01,Все категории,8,catboost,0.1666666666666666,equal_prior
2023-12-01,Все категории,8,lightgbm,0.1666666666666666,equal_prior
2023-12-01,Все категории,8,chronos_seasonal,0.1666666666666666,equal_prior
2023-12-01,Все категории,9,seasonal_growth,0.1666666666666666,equal_prior
2023-12-01,Все категории,9,panel_shrink,0.1666666666666666,equal_prior
2023-12-01,Все категории,9,ridge_panel,0.1666666666666666,equal_prior
2023-12-01,Все категории,9,catboost,0.1666666666666666,equal_prior
2023-12-01,Все категории,9,lightgbm,0.1666666666666666,equal_prior
2023-12-01,Все категории,9,chronos_seasonal,0.1666666666666666,equal_prior
2023-12-01,Все категории,10,seasonal_growth,0.1666666666666666,equal_prior
2023-12-01,Все категории,10,panel_shrink,0.1666666666666666,equal_prior
2023-12-01,Все категории,10,ridge_panel,0.1666666666666666,equal_prior
2023-12-01,Все категории,10,catboost,0.1666666666666666,equal_prior
2023-12-01,Все категории,10,lightgbm,0.1666666666666666,equal_prior
2023-12-01,Все категории,10,chronos_seasonal,0.1666666666666666,equal_prior
2023-12-01,Все категории,11,seasonal_growth,0.1666666666666666,equal_prior
2023-12-01,Все категории,11,panel_shrink,0.1666666666666666,equal_prior
2023-12-01,Все категории,11,ridge_panel,0.1666666666666666,equal_prior
2023-12-01,Все категории,11,catboost,0.1666666666666666,equal_prior
2023-12-01,Все категории,11,lightgbm,0.1666666666666666,equal_prior
2023-12-01,Все категории,11,chronos_seasonal,0.1666666666666666,equal_prior
2023-12-01,Все категории,12,seasonal_growth,0.1666666666666666,equal_prior
2023-12-01,Все категории,12,panel_shrink,0.1666666666666666,equal_prior
2023-12-01,Все категории,12,ridge_panel,0.1666666666666666,equal_prior
2023-12-01,Все категории,12,catboost,0.1666666666666666,equal_prior
2023-12-01,Все категории,12,lightgbm,0.1666666666666666,equal_prior
2023-12-01,Все категории,12,chronos_seasonal,0.1666666666666666,equal_prior
2023-12-01,Здоровье,1,seasonal_growth,0.1666666666666666,equal_prior
2023-12-01,Здоровье,1,panel_shrink,0.1666666666666666,equal_prior
2023-12-01,Здоровье,1,ridge_panel,0.1666666666666666,equal_prior
2023-12-01,Здоровье,1,catboost,0.1666666666666666,equal_prior
2023-12-01,Здоровье,1,lightgbm,0.1666666666666666,equal_prior
2023-12-01,Здоровье,1,chronos_seasonal,0.1666666666666666,equal_prior
2023-12-01,Здоровье,2,seasonal_growth,0.1666666666666666,equal_prior
2023-12-01,Здоровье,2,panel_shrink,0.1666666666666666,equal_prior
2023-12-01,Здоровье,2,ridge_panel,0.1666666666666666,equal_prior
2023-12-01,Здоровье,2,catboost,0.1666666666666666,equal_prior
2023-12-01,Здоровье,2,lightgbm,0.1666666666666666,equal_prior
2023-12-01,Здоровье,2,chronos_seasonal,0.1666666666666666,equal_prior
2023-12-01,Здоровье,3,seasonal_growth,0.1666666666666666,equal_prior
2023-12-01,Здоровье,3,panel_shrink,0.1666666666666666,equal_prior
2023-12-01,Здоровье,3,ridge_panel,0.1666666666666666,equal_prior
2023-12-01,Здоровье,3,catboost,0.1666666666666666,equal_prior
2023-12-01,Здоровье,3,lightgbm,0.1666666666666666,equal_prior
2023-12-01,Здоровье,3,chronos_seasonal,0.1666666666666666,equal_prior
2023-12-01,Здоровье,4,seasonal_growth,0.1666666666666666,equal_prior
2023-12-01,Здоровье,4,panel_shrink,0.1666666666666666,equal_prior
2023-12-01,Здоровье,4,ridge_panel,0.1666666666666666,equal_prior
2023-12-01,Здоровье,4,catboost,0.1666666666666666,equal_prior
2023-12-01,Здоровье,4,lightgbm,0.1666666666666666,equal_prior
2023-12-01,Здоровье,4,chronos_seasonal,0.1666666666666666,equal_prior
2023-12-01,Здоровье,5,seasonal_growth,0.1666666666666666,equal_prior
2023-12-01,Здоровье,5,panel_shrink,0.1666666666666666,equal_prior
2023-12-01,Здоровье,5,ridge_panel,0.1666666666666666,equal_prior
2023-12-01,Здоровье,5,catboost,0.1666666666666666,equal_prior
2023-12-01,Здоровье,5,lightgbm,0.1666666666666666,equal_prior
2023-12-01,Здоровье,5,chronos_seasonal,0.1666666666666666,equal_prior
2023-12-01,Здоровье,6,seasonal_growth,0.1666666666666666,equal_prior
2023-12-01,Здоровье,6,panel_shrink,0.1666666666666666,equal_prior
2023-12-01,Здоровье,6,ridge_panel,0.1666666666666666,equal_prior
2023-12-01,Здоровье,6,catboost,0.1666666666666666,equal_prior
2023-12-01,Здоровье,6,lightgbm,0.1666666666666666,equal_prior
2023-12-01,Здоровье,6,chronos_seasonal,0.1666666666666666,equal_prior
2023-12-01,Здоровье,7,seasonal_growth,0.1666666666666666,equal_prior
2023-12-01,Здоровье,7,panel_shrink,0.1666666666666666,equal_prior
2023-12-01,Здоровье,7,ridge_panel,0.1666666666666666,equal_prior
2023-12-01,Здоровье,7,catboost,0.1666666666666666,equal_prior
2023-12-01,Здоровье,7,lightgbm,0.1666666666666666,equal_prior
2023-12-01,Здоровье,7,chronos_seasonal,0.1666666666666666,equal_prior
2023-12-01,Здоровье,8,seasonal_growth,0.1666666666666666,equal_prior
2023-12-01,Здоровье,8,panel_shrink,0.1666666666666666,equal_prior
2023-12-01,Здоровье,8,ridge_panel,0.1666666666666666,equal_prior
2023-12-01,Здоровье,8,catboost,0.1666666666666666,equal_prior
2023-12-01,Здоровье,8,lightgbm,0.1666666666666666,equal_prior
2023-12-01,Здоровье,8,chronos_seasonal,0.1666666666666666,equal_prior
2023-12-01,Здоровье,9,seasonal_growth,0.1666666666666666,equal_prior
2023-12-01,Здоровье,9,panel_shrink,0.1666666666666666,equal_prior
2023-12-01,Здоровье,9,ridge_panel,0.1666666666666666,equal_prior
2023-12-01,Здоровье,9,catboost,0.1666666666666666,equal_prior
2023-12-01,Здоровье,9,lightgbm,0.1666666666666666,equal_prior
2023-12-01,Здоровье,9,chronos_seasonal,0.1666666666666666,equal_prior
2023-12-01,Здоровье,10,seasonal_growth,0.1666666666666666,equal_prior
2023-12-01,Здоровье,10,panel_shrink,0.1666666666666666,equal_prior
2023-12-01,Здоровье,10,ridge_panel,0.1666666666666666,equal_prior
2023-12-01,Здоровье,10,catboost,0.1666666666666666,equal_prior
2023-12-01,Здоровье,10,lightgbm,0.1666666666666666,equal_prior
2023-12-01,Здоровье,10,chronos_seasonal,0.1666666666666666,equal_prior
2023-12-01,Здоровье,11,seasonal_growth,0.1666666666666666,equal_prior
2023-12-01,Здоровье,11,panel_shrink,0.1666666666666666,equal_prior
2023-12-01,Здоровье,11,ridge_panel,0.1666666666666666,equal_prior
2023-12-01,Здоровье,11,catboost,0.1666666666666666,equal_prior
2023-12-01,Здоровье,11,lightgbm,0.1666666666666666,equal_prior
2023-12-01,Здоровье,11,chronos_seasonal,0.1666666666666666,equal_prior
2023-12-01,Здоровье,12,seasonal_growth,0.1666666666666666,equal_prior
2023-12-01,Здоровье,12,panel_shrink,0.1666666666666666,equal_prior
2023-12-01,Здоровье,12,ridge_panel,0.1666666666666666,equal_prior
2023-12-01,Здоровье,12,catboost,0.1666666666666666,equal_prior
2023-12-01,Здоровье,12,lightgbm,0.1666666666666666,equal_prior
2023-12-01,Здоровье,12,chronos_seasonal,0.1666666666666666,equal_prior
2023-12-01,Маркетплейсы,1,seasonal_growth,0.1666666666666666,equal_prior
2023-12-01,Маркетплейсы,1,panel_shrink,0.1666666666666666,equal_prior
2023-12-01,Маркетплейсы,1,ridge_panel,0.1666666666666666,equal_prior
2023-12-01,Маркетплейсы,1,catboost,0.1666666666666666,equal_prior
2023-12-01,Маркетплейсы,1,lightgbm,0.1666666666666666,equal_prior
2023-12-01,Маркетплейсы,1,chronos_seasonal,0.1666666666666666,equal_prior
2023-12-01,Маркетплейсы,2,seasonal_growth,0.1666666666666666,equal_prior
2023-12-01,Маркетплейсы,2,panel_shrink,0.1666666666666666,equal_prior
2023-12-01,Маркетплейсы,2,ridge_panel,0.1666666666666666,equal_prior
2023-12-01,Маркетплейсы,2,catboost,0.1666666666666666,equal_prior
2023-12-01,Маркетплейсы,2,lightgbm,0.1666666666666666,equal_prior
2023-12-01,Маркетплейсы,2,chronos_seasonal,0.1666666666666666,equal_prior
2023-12-01,Маркетплейсы,3,seasonal_growth,0.1666666666666666,equal_prior
2023-12-01,Маркетплейсы,3,panel_shrink,0.1666666666666666,equal_prior
2023-12-01,Маркетплейсы,3,ridge_panel,0.1666666666666666,equal_prior
2023-12-01,Маркетплейсы,3,catboost,0.1666666666666666,equal_prior
2023-12-01,Маркетплейсы,3,lightgbm,0.1666666666666666,equal_prior
2023-12-01,Маркетплейсы,3,chronos_seasonal,0.1666666666666666,equal_prior
2023-12-01,Маркетплейсы,4,seasonal_growth,0.1666666666666666,equal_prior
2023-12-01,Маркетплейсы,4,panel_shrink,0.1666666666666666,equal_prior
2023-12-01,Маркетплейсы,4,ridge_panel,0.1666666666666666,equal_prior
2023-12-01,Маркетплейсы,4,catboost,0.1666666666666666,equal_prior
2023-12-01,Маркетплейсы,4,lightgbm,0.1666666666666666,equal_prior
2023-12-01,Маркетплейсы,4,chronos_seasonal,0.1666666666666666,equal_prior
2023-12-01,Маркетплейсы,5,seasonal_growth,0.1666666666666666,equal_prior
2023-12-01,Маркетплейсы,5,panel_shrink,0.1666666666666666,equal_prior
2023-12-01,Маркетплейсы,5,ridge_panel,0.1666666666666666,equal_prior
2023-12-01,Маркетплейсы,5,catboost,0.1666666666666666,equal_prior
2023-12-01,Маркетплейсы,5,lightgbm,0.1666666666666666,equal_prior
2023-12-01,Маркетплейсы,5,chronos_seasonal,0.1666666666666666,equal_prior
2023-12-01,Маркетплейсы,6,seasonal_growth,0.1666666666666666,equal_prior
2023-12-01,Маркетплейсы,6,panel_shrink,0.1666666666666666,equal_prior
2023-12-01,Маркетплейсы,6,ridge_panel,0.1666666666666666,equal_prior
2023-12-01,Маркетплейсы,6,catboost,0.1666666666666666,equal_prior
2023-12-01,Маркетплейсы,6,lightgbm,0.1666666666666666,equal_prior
2023-12-01,Маркетплейсы,6,chronos_seasonal,0.1666666666666666,equal_prior
2023-12-01,Маркетплейсы,7,seasonal_growth,0.1666666666666666,equal_prior
2023-12-01,Маркетплейсы,7,panel_shrink,0.1666666666666666,equal_prior
2023-12-01,Маркетплейсы,7,ridge_panel,0.1666666666666666,equal_prior
2023-12-01,Маркетплейсы,7,catboost,0.1666666666666666,equal_prior
2023-12-01,Маркетплейсы,7,lightgbm,0.1666666666666666,equal_prior
2023-12-01,Маркетплейсы,7,chronos_seasonal,0.1666666666666666,equal_prior
2023-12-01,Маркетплейсы,8,seasonal_growth,0.1666666666666666,equal_prior
2023-12-01,Маркетплейсы,8,panel_shrink,0.1666666666666666,equal_prior
2023-12-01,Маркетплейсы,8,ridge_panel,0.1666666666666666,equal_prior
2023-12-01,Маркетплейсы,8,catboost,0.1666666666666666,equal_prior
2023-12-01,Маркетплейсы,8,lightgbm,0.1666666666666666,equal_prior
2023-12-01,Маркетплейсы,8,chronos_seasonal,0.1666666666666666,equal_prior
2023-12-01,Маркетплейсы,9,seasonal_growth,0.1666666666666666,equal_prior
2023-12-01,Маркетплейсы,9,panel_shrink,0.1666666666666666,equal_prior
2023-12-01,Маркетплейсы,9,ridge_panel,0.1666666666666666,equal_prior
2023-12-01,Маркетплейсы,9,catboost,0.1666666666666666,equal_prior
2023-12-01,Маркетплейсы,9,lightgbm,0.1666666666666666,equal_prior
2023-12-01,Маркетплейсы,9,chronos_seasonal,0.1666666666666666,equal_prior
2023-12-01,Маркетплейсы,10,seasonal_growth,0.1666666666666666,equal_prior
2023-12-01,Маркетплейсы,10,panel_shrink,0.1666666666666666,equal_prior
2023-12-01,Маркетплейсы,10,ridge_panel,0.1666666666666666,equal_prior
2023-12-01,Маркетплейсы,10,catboost,0.1666666666666666,equal_prior
2023-12-01,Маркетплейсы,10,lightgbm,0.1666666666666666,equal_prior
2023-12-01,Маркетплейсы,10,chronos_seasonal,0.1666666666666666,equal_prior
2023-12-01,Маркетплейсы,11,seasonal_growth,0.1666666666666666,equal_prior
2023-12-01,Маркетплейсы,11,panel_shrink,0.1666666666666666,equal_prior
2023-12-01,Маркетплейсы,11,ridge_panel,0.1666666666666666,equal_prior
2023-12-01,Маркетплейсы,11,catboost,0.1666666666666666,equal_prior
2023-12-01,Маркетплейсы,11,lightgbm,0.1666666666666666,equal_prior
2023-12-01,Маркетплейсы,11,chronos_seasonal,0.1666666666666666,equal_prior
2023-12-01,Маркетплейсы,12,seasonal_growth,0.1666666666666666,equal_prior
2023-12-01,Маркетплейсы,12,panel_shrink,0.1666666666666666,equal_prior
2023-12-01,Маркетплейсы,12,ridge_panel,0.1666666666666666,equal_prior
2023-12-01,Маркетплейсы,12,catboost,0.1666666666666666,equal_prior
2023-12-01,Маркетплейсы,12,lightgbm,0.1666666666666666,equal_prior
2023-12-01,Маркетплейсы,12,chronos_seasonal,0.1666666666666666,equal_prior
2023-12-01,Общественное питание,1,seasonal_growth,0.1666666666666666,equal_prior
2023-12-01,Общественное питание,1,panel_shrink,0.1666666666666666,equal_prior
2023-12-01,Общественное питание,1,ridge_panel,0.1666666666666666,equal_prior
2023-12-01,Общественное питание,1,catboost,0.1666666666666666,equal_prior
2023-12-01,Общественное питание,1,lightgbm,0.1666666666666666,equal_prior
2023-12-01,Общественное питание,1,chronos_seasonal,0.1666666666666666,equal_prior
2023-12-01,Общественное питание,2,seasonal_growth,0.1666666666666666,equal_prior
2023-12-01,Общественное питание,2,panel_shrink,0.1666666666666666,equal_prior
2023-12-01,Общественное питание,2,ridge_panel,0.1666666666666666,equal_prior
2023-12-01,Общественное питание,2,catboost,0.1666666666666666,equal_prior
2023-12-01,Общественное питание,2,lightgbm,0.1666666666666666,equal_prior
2023-12-01,Общественное питание,2,chronos_seasonal,0.1666666666666666,equal_prior
2023-12-01,Общественное питание,3,seasonal_growth,0.1666666666666666,equal_prior
2023-12-01,Общественное питание,3,panel_shrink,0.1666666666666666,equal_prior
2023-12-01,Общественное питание,3,ridge_panel,0.1666666666666666,equal_prior
2023-12-01,Общественное питание,3,catboost,0.1666666666666666,equal_prior
2023-12-01,Общественное питание,3,lightgbm,0.1666666666666666,equal_prior
2023-12-01,Общественное питание,3,chronos_seasonal,0.1666666666666666,equal_prior
2023-12-01,Общественное питание,4,seasonal_growth,0.1666666666666666,equal_prior
2023-12-01,Общественное питание,4,panel_shrink,0.1666666666666666,equal_prior
2023-12-01,Общественное питание,4,ridge_panel,0.1666666666666666,equal_prior
2023-12-01,Общественное питание,4,catboost,0.1666666666666666,equal_prior
2023-12-01,Общественное питание,4,lightgbm,0.1666666666666666,equal_prior
2023-12-01,Общественное питание,4,chronos_seasonal,0.1666666666666666,equal_prior
2023-12-01,Общественное питание,5,seasonal_growth,0.1666666666666666,equal_prior
2023-12-01,Общественное питание,5,panel_shrink,0.1666666666666666,equal_prior
2023-12-01,Общественное питание,5,ridge_panel,0.1666666666666666,equal_prior
2023-12-01,Общественное питание,5,catboost,0.1666666666666666,equal_prior
2023-12-01,Общественное питание,5,lightgbm,0.1666666666666666,equal_prior
2023-12-01,Общественное питание,5,chronos_seasonal,0.1666666666666666,equal_prior
2023-12-01,Общественное питание,6,seasonal_growth,0.1666666666666666,equal_prior
2023-12-01,Общественное питание,6,panel_shrink,0.1666666666666666,equal_prior
2023-12-01,Общественное питание,6,ridge_panel,0.1666666666666666,equal_prior
2023-12-01,Общественное питание,6,catboost,0.1666666666666666,equal_prior
2023-12-01,Общественное питание,6,lightgbm,0.1666666666666666,equal_prior
2023-12-01,Общественное питание,6,chronos_seasonal,0.1666666666666666,equal_prior
2023-12-01,Общественное питание,7,seasonal_growth,0.1666666666666666,equal_prior
2023-12-01,Общественное питание,7,panel_shrink,0.1666666666666666,equal_prior
2023-12-01,Общественное питание,7,ridge_panel,0.1666666666666666,equal_prior
2023-12-01,Общественное питание,7,catboost,0.1666666666666666,equal_prior
2023-12-01,Общественное питание,7,lightgbm,0.1666666666666666,equal_prior
2023-12-01,Общественное питание,7,chronos_seasonal,0.1666666666666666,equal_prior
2023-12-01,Общественное питание,8,seasonal_growth,0.1666666666666666,equal_prior
2023-12-01,Общественное питание,8,panel_shrink,0.1666666666666666,equal_prior
2023-12-01,Общественное питание,8,ridge_panel,0.1666666666666666,equal_prior
2023-12-01,Общественное питание,8,catboost,0.1666666666666666,equal_prior
2023-12-01,Общественное питание,8,lightgbm,0.1666666666666666,equal_prior
2023-12-01,Общественное питание,8,chronos_seasonal,0.1666666666666666,equal_prior
2023-12-01,Общественное питание,9,seasonal_growth,0.1666666666666666,equal_prior
2023-12-01,Общественное питание,9,panel_shrink,0.1666666666666666,equal_prior
2023-12-01,Общественное питание,9,ridge_panel,0.1666666666666666,equal_prior
2023-12-01,Общественное питание,9,catboost,0.1666666666666666,equal_prior
2023-12-01,Общественное питание,9,lightgbm,0.1666666666666666,equal_prior
2023-12-01,Общественное питание,9,chronos_seasonal,0.1666666666666666,equal_prior
2023-12-01,Общественное питание,10,seasonal_growth,0.1666666666666666,equal_prior
2023-12-01,Общественное питание,10,panel_shrink,0.1666666666666666,equal_prior
2023-12-01,Общественное питание,10,ridge_panel,0.1666666666666666,equal_prior
2023-12-01,Общественное питание,10,catboost,0.1666666666666666,equal_prior
2023-12-01,Общественное питание,10,lightgbm,0.1666666666666666,equal_prior
2023-12-01,Общественное питание,10,chronos_seasonal,0.1666666666666666,equal_prior
2023-12-01,Общественное питание,11,seasonal_growth,0.1666666666666666,equal_prior
2023-12-01,Общественное питание,11,panel_shrink,0.1666666666666666,equal_prior
2023-12-01,Общественное питание,11,ridge_panel,0.1666666666666666,equal_prior
2023-12-01,Общественное питание,11,catboost,0.1666666666666666,equal_prior
2023-12-01,Общественное питание,11,lightgbm,0.1666666666666666,equal_prior
2023-12-01,Общественное питание,11,chronos_seasonal,0.1666666666666666,equal_prior
2023-12-01,Общественное питание,12,seasonal_growth,0.1666666666666666,equal_prior
2023-12-01,Общественное питание,12,panel_shrink,0.1666666666666666,equal_prior
2023-12-01,Общественное питание,12,ridge_panel,0.1666666666666666,equal_prior
2023-12-01,Общественное питание,12,catboost,0.1666666666666666,equal_prior
2023-12-01,Общественное питание,12,lightgbm,0.1666666666666666,equal_prior
2023-12-01,Общественное питание,12,chronos_seasonal,0.1666666666666666,equal_prior
2023-12-01,Продовольствие,1,seasonal_growth,0.1666666666666666,equal_prior
2023-12-01,Продовольствие,1,panel_shrink,0.1666666666666666,equal_prior
2023-12-01,Продовольствие,1,ridge_panel,0.1666666666666666,equal_prior
2023-12-01,Продовольствие,1,catboost,0.1666666666666666,equal_prior
2023-12-01,Продовольствие,1,lightgbm,0.1666666666666666,equal_prior
2023-12-01,Продовольствие,1,chronos_seasonal,0.1666666666666666,equal_prior
2023-12-01,Продовольствие,2,seasonal_growth,0.1666666666666666,equal_prior
2023-12-01,Продовольствие,2,panel_shrink,0.1666666666666666,equal_prior
2023-12-01,Продовольствие,2,ridge_panel,0.1666666666666666,equal_prior
2023-12-01,Продовольствие,2,catboost,0.1666666666666666,equal_prior
2023-12-01,Продовольствие,2,lightgbm,0.1666666666666666,equal_prior
2023-12-01,Продовольствие,2,chronos_seasonal,0.1666666666666666,equal_prior
2023-12-01,Продовольствие,3,seasonal_growth,0.1666666666666666,equal_prior
2023-12-01,Продовольствие,3,panel_shrink,0.1666666666666666,equal_prior
2023-12-01,Продовольствие,3,ridge_panel,0.1666666666666666,equal_prior
2023-12-01,Продовольствие,3,catboost,0.1666666666666666,equal_prior
2023-12-01,Продовольствие,3,lightgbm,0.1666666666666666,equal_prior
2023-12-01,Продовольствие,3,chronos_seasonal,0.1666666666666666,equal_prior
2023-12-01,Продовольствие,4,seasonal_growth,0.1666666666666666,equal_prior
2023-12-01,Продовольствие,4,panel_shrink,0.1666666666666666,equal_prior
2023-12-01,Продовольствие,4,ridge_panel,0.1666666666666666,equal_prior
2023-12-01,Продовольствие,4,catboost,0.1666666666666666,equal_prior
2023-12-01,Продовольствие,4,lightgbm,0.1666666666666666,equal_prior
2023-12-01,Продовольствие,4,chronos_seasonal,0.1666666666666666,equal_prior
2023-12-01,Продовольствие,5,seasonal_growth,0.1666666666666666,equal_prior
2023-12-01,Продовольствие,5,panel_shrink,0.1666666666666666,equal_prior
2023-12-01,Продовольствие,5,ridge_panel,0.1666666666666666,equal_prior
2023-12-01,Продовольствие,5,catboost,0.1666666666666666,equal_prior
2023-12-01,Продовольствие,5,lightgbm,0.1666666666666666,equal_prior
2023-12-01,Продовольствие,5,chronos_seasonal,0.1666666666666666,equal_prior
2023-12-01,Продовольствие,6,seasonal_growth,0.1666666666666666,equal_prior
2023-12-01,Продовольствие,6,panel_shrink,0.1666666666666666,equal_prior
2023-12-01,Продовольствие,6,ridge_panel,0.1666666666666666,equal_prior
2023-12-01,Продовольствие,6,catboost,0.1666666666666666,equal_prior
2023-12-01,Продовольствие,6,lightgbm,0.1666666666666666,equal_prior
2023-12-01,Продовольствие,6,chronos_seasonal,0.1666666666666666,equal_prior
2023-12-01,Продовольствие,7,seasonal_growth,0.1666666666666666,equal_prior
2023-12-01,Продовольствие,7,panel_shrink,0.1666666666666666,equal_prior
2023-12-01,Продовольствие,7,ridge_panel,0.1666666666666666,equal_prior
2023-12-01,Продовольствие,7,catboost,0.1666666666666666,equal_prior
2023-12-01,Продовольствие,7,lightgbm,0.1666666666666666,equal_prior
2023-12-01,Продовольствие,7,chronos_seasonal,0.1666666666666666,equal_prior
2023-12-01,Продовольствие,8,seasonal_growth,0.1666666666666666,equal_prior
2023-12-01,Продовольствие,8,panel_shrink,0.1666666666666666,equal_prior
2023-12-01,Продовольствие,8,ridge_panel,0.1666666666666666,equal_prior
2023-12-01,Продовольствие,8,catboost,0.1666666666666666,equal_prior
2023-12-01,Продовольствие,8,lightgbm,0.1666666666666666,equal_prior
2023-12-01,Продовольствие,8,chronos_seasonal,0.1666666666666666,equal_prior
2023-12-01,Продовольствие,9,seasonal_growth,0.1666666666666666,equal_prior
2023-12-01,Продовольствие,9,panel_shrink,0.1666666666666666,equal_prior
2023-12-01,Продовольствие,9,ridge_panel,0.1666666666666666,equal_prior
2023-12-01,Продовольствие,9,catboost,0.1666666666666666,equal_prior
2023-12-01,Продовольствие,9,lightgbm,0.1666666666666666,equal_prior
2023-12-01,Продовольствие,9,chronos_seasonal,0.1666666666666666,equal_prior
2023-12-01,Продовольствие,10,seasonal_growth,0.1666666666666666,equal_prior
2023-12-01,Продовольствие,10,panel_shrink,0.1666666666666666,equal_prior
2023-12-01,Продовольствие,10,ridge_panel,0.1666666666666666,equal_prior
2023-12-01,Продовольствие,10,catboost,0.1666666666666666,equal_prior
2023-12-01,Продовольствие,10,lightgbm,0.1666666666666666,equal_prior
2023-12-01,Продовольствие,10,chronos_seasonal,0.1666666666666666,equal_prior
2023-12-01,Продовольствие,11,seasonal_growth,0.1666666666666666,equal_prior
2023-12-01,Продовольствие,11,panel_shrink,0.1666666666666666,equal_prior
2023-12-01,Продовольствие,11,ridge_panel,0.1666666666666666,equal_prior
2023-12-01,Продовольствие,11,catboost,0.1666666666666666,equal_prior
2023-12-01,Продовольствие,11,lightgbm,0.1666666666666666,equal_prior
2023-12-01,Продовольствие,11,chronos_seasonal,0.1666666666666666,equal_prior
2023-12-01,Продовольствие,12,seasonal_growth,0.1666666666666666,equal_prior
2023-12-01,Продовольствие,12,panel_shrink,0.1666666666666666,equal_prior
2023-12-01,Продовольствие,12,ridge_panel,0.1666666666666666,equal_prior
2023-12-01,Продовольствие,12,catboost,0.1666666666666666,equal_prior
2023-12-01,Продовольствие,12,lightgbm,0.1666666666666666,equal_prior
2023-12-01,Продовольствие,12,chronos_seasonal,0.1666666666666666,equal_prior
2023-12-01,Транспорт,1,seasonal_growth,0.1666666666666666,equal_prior
2023-12-01,Транспорт,1,panel_shrink,0.1666666666666666,equal_prior
2023-12-01,Транспорт,1,ridge_panel,0.1666666666666666,equal_prior
2023-12-01,Транспорт,1,catboost,0.1666666666666666,equal_prior
2023-12-01,Транспорт,1,lightgbm,0.1666666666666666,equal_prior
2023-12-01,Транспорт,1,chronos_seasonal,0.1666666666666666,equal_prior
2023-12-01,Транспорт,2,seasonal_growth,0.1666666666666666,equal_prior
2023-12-01,Транспорт,2,panel_shrink,0.1666666666666666,equal_prior
2023-12-01,Транспорт,2,ridge_panel,0.1666666666666666,equal_prior
2023-12-01,Транспорт,2,catboost,0.1666666666666666,equal_prior
2023-12-01,Транспорт,2,lightgbm,0.1666666666666666,equal_prior
2023-12-01,Транспорт,2,chronos_seasonal,0.1666666666666666,equal_prior
2023-12-01,Транспорт,3,seasonal_growth,0.1666666666666666,equal_prior
2023-12-01,Транспорт,3,panel_shrink,0.1666666666666666,equal_prior
2023-12-01,Транспорт,3,ridge_panel,0.1666666666666666,equal_prior
2023-12-01,Транспорт,3,catboost,0.1666666666666666,equal_prior
2023-12-01,Транспорт,3,lightgbm,0.1666666666666666,equal_prior
2023-12-01,Транспорт,3,chronos_seasonal,0.1666666666666666,equal_prior
2023-12-01,Транспорт,4,seasonal_growth,0.1666666666666666,equal_prior
2023-12-01,Транспорт,4,panel_shrink,0.1666666666666666,equal_prior
2023-12-01,Транспорт,4,ridge_panel,0.1666666666666666,equal_prior
2023-12-01,Транспорт,4,catboost,0.1666666666666666,equal_prior
2023-12-01,Транспорт,4,lightgbm,0.1666666666666666,equal_prior
2023-12-01,Транспорт,4,chronos_seasonal,0.1666666666666666,equal_prior
2023-12-01,Транспорт,5,seasonal_growth,0.1666666666666666,equal_prior
2023-12-01,Транспорт,5,panel_shrink,0.1666666666666666,equal_prior
2023-12-01,Транспорт,5,ridge_panel,0.1666666666666666,equal_prior
2023-12-01,Транспорт,5,catboost,0.1666666666666666,equal_prior
2023-12-01,Транспорт,5,lightgbm,0.1666666666666666,equal_prior
2023-12-01,Транспорт,5,chronos_seasonal,0.1666666666666666,equal_prior
2023-12-01,Транспорт,6,seasonal_growth,0.1666666666666666,equal_prior
2023-12-01,Транспорт,6,panel_shrink,0.1666666666666666,equal_prior
2023-12-01,Транспорт,6,ridge_panel,0.1666666666666666,equal_prior
2023-12-01,Транспорт,6,catboost,0.1666666666666666,equal_prior
2023-12-01,Транспорт,6,lightgbm,0.1666666666666666,equal_prior
2023-12-01,Транспорт,6,chronos_seasonal,0.1666666666666666,equal_prior
2023-12-01,Транспорт,7,seasonal_growth,0.1666666666666666,equal_prior
2023-12-01,Транспорт,7,panel_shrink,0.1666666666666666,equal_prior
2023-12-01,Транспорт,7,ridge_panel,0.1666666666666666,equal_prior
2023-12-01,Транспорт,7,catboost,0.1666666666666666,equal_prior
2023-12-01,Транспорт,7,lightgbm,0.1666666666666666,equal_prior
2023-12-01,Транспорт,7,chronos_seasonal,0.1666666666666666,equal_prior
2023-12-01,Транспорт,8,seasonal_growth,0.1666666666666666,equal_prior
2023-12-01,Транспорт,8,panel_shrink,0.1666666666666666,equal_prior
2023-12-01,Транспорт,8,ridge_panel,0.1666666666666666,equal_prior
2023-12-01,Транспорт,8,catboost,0.1666666666666666,equal_prior
2023-12-01,Транспорт,8,lightgbm,0.1666666666666666,equal_prior
2023-12-01,Транспорт,8,chronos_seasonal,0.1666666666666666,equal_prior
2023-12-01,Транспорт,9,seasonal_growth,0.1666666666666666,equal_prior
2023-12-01,Транспорт,9,panel_shrink,0.1666666666666666,equal_prior
2023-12-01,Транспорт,9,ridge_panel,0.1666666666666666,equal_prior
2023-12-01,Транспорт,9,catboost,0.1666666666666666,equal_prior
2023-12-01,Транспорт,9,lightgbm,0.1666666666666666,equal_prior
2023-12-01,Транспорт,9,chronos_seasonal,0.1666666666666666,equal_prior
2023-12-01,Транспорт,10,seasonal_growth,0.1666666666666666,equal_prior
2023-12-01,Транспорт,10,panel_shrink,0.1666666666666666,equal_prior
2023-12-01,Транспорт,10,ridge_panel,0.1666666666666666,equal_prior
2023-12-01,Транспорт,10,catboost,0.1666666666666666,equal_prior
2023-12-01,Транспорт,10,lightgbm,0.1666666666666666,equal_prior
2023-12-01,Транспорт,10,chronos_seasonal,0.1666666666666666,equal_prior
2023-12-01,Транспорт,11,seasonal_growth,0.1666666666666666,equal_prior
2023-12-01,Транспорт,11,panel_shrink,0.1666666666666666,equal_prior
2023-12-01,Транспорт,11,ridge_panel,0.1666666666666666,equal_prior
2023-12-01,Транспорт,11,catboost,0.1666666666666666,equal_prior
2023-12-01,Транспорт,11,lightgbm,0.1666666666666666,equal_prior
2023-12-01,Транспорт,11,chronos_seasonal,0.1666666666666666,equal_prior
2023-12-01,Транспорт,12,seasonal_growth,0.1666666666666666,equal_prior
2023-12-01,Транспорт,12,panel_shrink,0.1666666666666666,equal_prior
2023-12-01,Транспорт,12,ridge_panel,0.1666666666666666,equal_prior
2023-12-01,Транспорт,12,catboost,0.1666666666666666,equal_prior
2023-12-01,Транспорт,12,lightgbm,0.1666666666666666,equal_prior
2023-12-01,Транспорт,12,chronos_seasonal,0.1666666666666666,equal_prior
2024-01-01,Все категории,1,seasonal_growth,0.1666666666666666,equal_prior
2024-01-01,Все категории,1,panel_shrink,0.1666666666666666,equal_prior
2024-01-01,Все категории,1,ridge_panel,0.1666666666666666,equal_prior
2024-01-01,Все категории,1,catboost,0.1666666666666666,equal_prior
2024-01-01,Все категории,1,lightgbm,0.1666666666666666,equal_prior
2024-01-01,Все категории,1,chronos_seasonal,0.1666666666666666,equal_prior
2024-01-01,Все категории,2,seasonal_growth,0.1666666666666666,equal_prior
2024-01-01,Все категории,2,panel_shrink,0.1666666666666666,equal_prior
2024-01-01,Все категории,2,ridge_panel,0.1666666666666666,equal_prior
2024-01-01,Все категории,2,catboost,0.1666666666666666,equal_prior
2024-01-01,Все категории,2,lightgbm,0.1666666666666666,equal_prior
2024-01-01,Все категории,2,chronos_seasonal,0.1666666666666666,equal_prior
2024-01-01,Все категории,3,seasonal_growth,0.1666666666666666,equal_prior
2024-01-01,Все категории,3,panel_shrink,0.1666666666666666,equal_prior
2024-01-01,Все категории,3,ridge_panel,0.1666666666666666,equal_prior
2024-01-01,Все категории,3,catboost,0.1666666666666666,equal_prior
2024-01-01,Все категории,3,lightgbm,0.1666666666666666,equal_prior
2024-01-01,Все категории,3,chronos_seasonal,0.1666666666666666,equal_prior
2024-01-01,Все категории,4,seasonal_growth,0.1666666666666666,equal_prior
2024-01-01,Все категории,4,panel_shrink,0.1666666666666666,equal_prior
2024-01-01,Все категории,4,ridge_panel,0.1666666666666666,equal_prior
2024-01-01,Все категории,4,catboost,0.1666666666666666,equal_prior
2024-01-01,Все категории,4,lightgbm,0.1666666666666666,equal_prior
2024-01-01,Все категории,4,chronos_seasonal,0.1666666666666666,equal_prior
2024-01-01,Все категории,5,seasonal_growth,0.1666666666666666,equal_prior
2024-01-01,Все категории,5,panel_shrink,0.1666666666666666,equal_prior
2024-01-01,Все категории,5,ridge_panel,0.1666666666666666,equal_prior
2024-01-01,Все категории,5,catboost,0.1666666666666666,equal_prior
2024-01-01,Все категории,5,lightgbm,0.1666666666666666,equal_prior
2024-01-01,Все категории,5,chronos_seasonal,0.1666666666666666,equal_prior
2024-01-01,Все категории,6,seasonal_growth,0.1666666666666666,equal_prior
2024-01-01,Все категории,6,panel_shrink,0.1666666666666666,equal_prior
2024-01-01,Все категории,6,ridge_panel,0.1666666666666666,equal_prior
2024-01-01,Все категории,6,catboost,0.1666666666666666,equal_prior
2024-01-01,Все категории,6,lightgbm,0.1666666666666666,equal_prior
2024-01-01,Все категории,6,chronos_seasonal,0.1666666666666666,equal_prior
2024-01-01,Все категории,7,seasonal_growth,0.1666666666666666,equal_prior
2024-01-01,Все категории,7,panel_shrink,0.1666666666666666,equal_prior
2024-01-01,Все категории,7,ridge_panel,0.1666666666666666,equal_prior
2024-01-01,Все категории,7,catboost,0.1666666666666666,equal_prior
2024-01-01,Все категории,7,lightgbm,0.1666666666666666,equal_prior
2024-01-01,Все категории,7,chronos_seasonal,0.1666666666666666,equal_prior
2024-01-01,Все категории,8,seasonal_growth,0.1666666666666666,equal_prior
2024-01-01,Все категории,8,panel_shrink,0.1666666666666666,equal_prior
2024-01-01,Все категории,8,ridge_panel,0.1666666666666666,equal_prior
2024-01-01,Все категории,8,catboost,0.1666666666666666,equal_prior
2024-01-01,Все категории,8,lightgbm,0.1666666666666666,equal_prior
2024-01-01,Все категории,8,chronos_seasonal,0.1666666666666666,equal_prior
2024-01-01,Все категории,9,seasonal_growth,0.1666666666666666,equal_prior
2024-01-01,Все категории,9,panel_shrink,0.1666666666666666,equal_prior
2024-01-01,Все категории,9,ridge_panel,0.1666666666666666,equal_prior
2024-01-01,Все категории,9,catboost,0.1666666666666666,equal_prior
2024-01-01,Все категории,9,lightgbm,0.1666666666666666,equal_prior
2024-01-01,Все категории,9,chronos_seasonal,0.1666666666666666,equal_prior
2024-01-01,Все категории,10,seasonal_growth,0.1666666666666666,equal_prior
2024-01-01,Все категории,10,panel_shrink,0.1666666666666666,equal_prior
2024-01-01,Все категории,10,ridge_panel,0.1666666666666666,equal_prior
2024-01-01,Все категории,10,catboost,0.1666666666666666,equal_prior
2024-01-01,Все категории,10,lightgbm,0.1666666666666666,equal_prior
2024-01-01,Все категории,10,chronos_seasonal,0.1666666666666666,equal_prior
2024-01-01,Все категории,11,seasonal_growth,0.1666666666666666,equal_prior
2024-01-01,Все категории,11,panel_shrink,0.1666666666666666,equal_prior
2024-01-01,Все категории,11,ridge_panel,0.1666666666666666,equal_prior
2024-01-01,Все категории,11,catboost,0.1666666666666666,equal_prior
2024-01-01,Все категории,11,lightgbm,0.1666666666666666,equal_prior
2024-01-01,Все категории,11,chronos_seasonal,0.1666666666666666,equal_prior
2024-01-01,Все категории,12,seasonal_growth,0.1666666666666666,equal_prior
2024-01-01,Все категории,12,panel_shrink,0.1666666666666666,equal_prior
2024-01-01,Все категории,12,ridge_panel,0.1666666666666666,equal_prior
2024-01-01,Все категории,12,catboost,0.1666666666666666,equal_prior
2024-01-01,Все категории,12,lightgbm,0.1666666666666666,equal_prior
2024-01-01,Все категории,12,chronos_seasonal,0.1666666666666666,equal_prior
2024-01-01,Здоровье,1,seasonal_growth,0.1666666666666666,equal_prior
2024-01-01,Здоровье,1,panel_shrink,0.1666666666666666,equal_prior
2024-01-01,Здоровье,1,ridge_panel,0.1666666666666666,equal_prior
2024-01-01,Здоровье,1,catboost,0.1666666666666666,equal_prior
2024-01-01,Здоровье,1,lightgbm,0.1666666666666666,equal_prior
2024-01-01,Здоровье,1,chronos_seasonal,0.1666666666666666,equal_prior
2024-01-01,Здоровье,2,seasonal_growth,0.1666666666666666,equal_prior
2024-01-01,Здоровье,2,panel_shrink,0.1666666666666666,equal_prior
2024-01-01,Здоровье,2,ridge_panel,0.1666666666666666,equal_prior
2024-01-01,Здоровье,2,catboost,0.1666666666666666,equal_prior
2024-01-01,Здоровье,2,lightgbm,0.1666666666666666,equal_prior
2024-01-01,Здоровье,2,chronos_seasonal,0.1666666666666666,equal_prior
2024-01-01,Здоровье,3,seasonal_growth,0.1666666666666666,equal_prior
2024-01-01,Здоровье,3,panel_shrink,0.1666666666666666,equal_prior
2024-01-01,Здоровье,3,ridge_panel,0.1666666666666666,equal_prior
2024-01-01,Здоровье,3,catboost,0.1666666666666666,equal_prior
2024-01-01,Здоровье,3,lightgbm,0.1666666666666666,equal_prior
2024-01-01,Здоровье,3,chronos_seasonal,0.1666666666666666,equal_prior
2024-01-01,Здоровье,4,seasonal_growth,0.1666666666666666,equal_prior
2024-01-01,Здоровье,4,panel_shrink,0.1666666666666666,equal_prior
2024-01-01,Здоровье,4,ridge_panel,0.1666666666666666,equal_prior
2024-01-01,Здоровье,4,catboost,0.1666666666666666,equal_prior
2024-01-01,Здоровье,4,lightgbm,0.1666666666666666,equal_prior
2024-01-01,Здоровье,4,chronos_seasonal,0.1666666666666666,equal_prior
2024-01-01,Здоровье,5,seasonal_growth,0.1666666666666666,equal_prior
2024-01-01,Здоровье,5,panel_shrink,0.1666666666666666,equal_prior
2024-01-01,Здоровье,5,ridge_panel,0.1666666666666666,equal_prior
2024-01-01,Здоровье,5,catboost,0.1666666666666666,equal_prior
2024-01-01,Здоровье,5,lightgbm,0.1666666666666666,equal_prior
2024-01-01,Здоровье,5,chronos_seasonal,0.1666666666666666,equal_prior
2024-01-01,Здоровье,6,seasonal_growth,0.1666666666666666,equal_prior
2024-01-01,Здоровье,6,panel_shrink,0.1666666666666666,equal_prior
2024-01-01,Здоровье,6,ridge_panel,0.1666666666666666,equal_prior
2024-01-01,Здоровье,6,catboost,0.1666666666666666,equal_prior
2024-01-01,Здоровье,6,lightgbm,0.1666666666666666,equal_prior
2024-01-01,Здоровье,6,chronos_seasonal,0.1666666666666666,equal_prior
2024-01-01,Здоровье,7,seasonal_growth,0.1666666666666666,equal_prior
2024-01-01,Здоровье,7,panel_shrink,0.1666666666666666,equal_prior
2024-01-01,Здоровье,7,ridge_panel,0.1666666666666666,equal_prior
2024-01-01,Здоровье,7,catboost,0.1666666666666666,equal_prior
2024-01-01,Здоровье,7,lightgbm,0.1666666666666666,equal_prior
2024-01-01,Здоровье,7,chronos_seasonal,0.1666666666666666,equal_prior
2024-01-01,Здоровье,8,seasonal_growth,0.1666666666666666,equal_prior
2024-01-01,Здоровье,8,panel_shrink,0.1666666666666666,equal_prior
2024-01-01,Здоровье,8,ridge_panel,0.1666666666666666,equal_prior
2024-01-01,Здоровье,8,catboost,0.1666666666666666,equal_prior
2024-01-01,Здоровье,8,lightgbm,0.1666666666666666,equal_prior
2024-01-01,Здоровье,8,chronos_seasonal,0.1666666666666666,equal_prior
2024-01-01,Здоровье,9,seasonal_growth,0.1666666666666666,equal_prior
2024-01-01,Здоровье,9,panel_shrink,0.1666666666666666,equal_prior
2024-01-01,Здоровье,9,ridge_panel,0.1666666666666666,equal_prior
2024-01-01,Здоровье,9,catboost,0.1666666666666666,equal_prior
2024-01-01,Здоровье,9,lightgbm,0.1666666666666666,equal_prior
2024-01-01,Здоровье,9,chronos_seasonal,0.1666666666666666,equal_prior
2024-01-01,Здоровье,10,seasonal_growth,0.1666666666666666,equal_prior
2024-01-01,Здоровье,10,panel_shrink,0.1666666666666666,equal_prior
2024-01-01,Здоровье,10,ridge_panel,0.1666666666666666,equal_prior
2024-01-01,Здоровье,10,catboost,0.1666666666666666,equal_prior
2024-01-01,Здоровье,10,lightgbm,0.1666666666666666,equal_prior
2024-01-01,Здоровье,10,chronos_seasonal,0.1666666666666666,equal_prior
2024-01-01,Здоровье,11,seasonal_growth,0.1666666666666666,equal_prior
2024-01-01,Здоровье,11,panel_shrink,0.1666666666666666,equal_prior
2024-01-01,Здоровье,11,ridge_panel,0.1666666666666666,equal_prior
2024-01-01,Здоровье,11,catboost,0.1666666666666666,equal_prior
2024-01-01,Здоровье,11,lightgbm,0.1666666666666666,equal_prior
2024-01-01,Здоровье,11,chronos_seasonal,0.1666666666666666,equal_prior
2024-01-01,Здоровье,12,seasonal_growth,0.1666666666666666,equal_prior
2024-01-01,Здоровье,12,panel_shrink,0.1666666666666666,equal_prior
2024-01-01,Здоровье,12,ridge_panel,0.1666666666666666,equal_prior
2024-01-01,Здоровье,12,catboost,0.1666666666666666,equal_prior
2024-01-01,Здоровье,12,lightgbm,0.1666666666666666,equal_prior
2024-01-01,Здоровье,12,chronos_seasonal,0.1666666666666666,equal_prior
2024-01-01,Маркетплейсы,1,seasonal_growth,0.1666666666666666,equal_prior
2024-01-01,Маркетплейсы,1,panel_shrink,0.1666666666666666,equal_prior
2024-01-01,Маркетплейсы,1,ridge_panel,0.1666666666666666,equal_prior
2024-01-01,Маркетплейсы,1,catboost,0.1666666666666666,equal_prior
2024-01-01,Маркетплейсы,1,lightgbm,0.1666666666666666,equal_prior
2024-01-01,Маркетплейсы,1,chronos_seasonal,0.1666666666666666,equal_prior
2024-01-01,Маркетплейсы,2,seasonal_growth,0.1666666666666666,equal_prior
2024-01-01,Маркетплейсы,2,panel_shrink,0.1666666666666666,equal_prior
2024-01-01,Маркетплейсы,2,ridge_panel,0.1666666666666666,equal_prior
2024-01-01,Маркетплейсы,2,catboost,0.1666666666666666,equal_prior
2024-01-01,Маркетплейсы,2,lightgbm,0.1666666666666666,equal_prior
2024-01-01,Маркетплейсы,2,chronos_seasonal,0.1666666666666666,equal_prior
2024-01-01,Маркетплейсы,3,seasonal_growth,0.1666666666666666,equal_prior
2024-01-01,Маркетплейсы,3,panel_shrink,0.1666666666666666,equal_prior
2024-01-01,Маркетплейсы,3,ridge_panel,0.1666666666666666,equal_prior
2024-01-01,Маркетплейсы,3,catboost,0.1666666666666666,equal_prior
2024-01-01,Маркетплейсы,3,lightgbm,0.1666666666666666,equal_prior
2024-01-01,Маркетплейсы,3,chronos_seasonal,0.1666666666666666,equal_prior
2024-01-01,Маркетплейсы,4,seasonal_growth,0.1666666666666666,equal_prior
2024-01-01,Маркетплейсы,4,panel_shrink,0.1666666666666666,equal_prior
2024-01-01,Маркетплейсы,4,ridge_panel,0.1666666666666666,equal_prior
2024-01-01,Маркетплейсы,4,catboost,0.1666666666666666,equal_prior
2024-01-01,Маркетплейсы,4,lightgbm,0.1666666666666666,equal_prior
2024-01-01,Маркетплейсы,4,chronos_seasonal,0.1666666666666666,equal_prior
2024-01-01,Маркетплейсы,5,seasonal_growth,0.1666666666666666,equal_prior
2024-01-01,Маркетплейсы,5,panel_shrink,0.1666666666666666,equal_prior
2024-01-01,Маркетплейсы,5,ridge_panel,0.1666666666666666,equal_prior
2024-01-01,Маркетплейсы,5,catboost,0.1666666666666666,equal_prior
2024-01-01,Маркетплейсы,5,lightgbm,0.1666666666666666,equal_prior
2024-01-01,Маркетплейсы,5,chronos_seasonal,0.1666666666666666,equal_prior
2024-01-01,Маркетплейсы,6,seasonal_growth,0.1666666666666666,equal_prior
2024-01-01,Маркетплейсы,6,panel_shrink,0.1666666666666666,equal_prior
2024-01-01,Маркетплейсы,6,ridge_panel,0.1666666666666666,equal_prior
2024-01-01,Маркетплейсы,6,catboost,0.1666666666666666,equal_prior
2024-01-01,Маркетплейсы,6,lightgbm,0.1666666666666666,equal_prior
2024-01-01,Маркетплейсы,6,chronos_seasonal,0.1666666666666666,equal_prior
2024-01-01,Маркетплейсы,7,seasonal_growth,0.1666666666666666,equal_prior
2024-01-01,Маркетплейсы,7,panel_shrink,0.1666666666666666,equal_prior
2024-01-01,Маркетплейсы,7,ridge_panel,0.1666666666666666,equal_prior
2024-01-01,Маркетплейсы,7,catboost,0.1666666666666666,equal_prior
2024-01-01,Маркетплейсы,7,lightgbm,0.1666666666666666,equal_prior
2024-01-01,Маркетплейсы,7,chronos_seasonal,0.1666666666666666,equal_prior
2024-01-01,Маркетплейсы,8,seasonal_growth,0.1666666666666666,equal_prior
2024-01-01,Маркетплейсы,8,panel_shrink,0.1666666666666666,equal_prior
2024-01-01,Маркетплейсы,8,ridge_panel,0.1666666666666666,equal_prior
2024-01-01,Маркетплейсы,8,catboost,0.1666666666666666,equal_prior
2024-01-01,Маркетплейсы,8,lightgbm,0.1666666666666666,equal_prior
2024-01-01,Маркетплейсы,8,chronos_seasonal,0.1666666666666666,equal_prior
2024-01-01,Маркетплейсы,9,seasonal_growth,0.1666666666666666,equal_prior
2024-01-01,Маркетплейсы,9,panel_shrink,0.1666666666666666,equal_prior
2024-01-01,Маркетплейсы,9,ridge_panel,0.1666666666666666,equal_prior
2024-01-01,Маркетплейсы,9,catboost,0.1666666666666666,equal_prior
2024-01-01,Маркетплейсы,9,lightgbm,0.1666666666666666,equal_prior
2024-01-01,Маркетплейсы,9,chronos_seasonal,0.1666666666666666,equal_prior
2024-01-01,Маркетплейсы,10,seasonal_growth,0.1666666666666666,equal_prior
2024-01-01,Маркетплейсы,10,panel_shrink,0.1666666666666666,equal_prior
2024-01-01,Маркетплейсы,10,ridge_panel,0.1666666666666666,equal_prior
2024-01-01,Маркетплейсы,10,catboost,0.1666666666666666,equal_prior
2024-01-01,Маркетплейсы,10,lightgbm,0.1666666666666666,equal_prior
2024-01-01,Маркетплейсы,10,chronos_seasonal,0.1666666666666666,equal_prior
2024-01-01,Маркетплейсы,11,seasonal_growth,0.1666666666666666,equal_prior
2024-01-01,Маркетплейсы,11,panel_shrink,0.1666666666666666,equal_prior
2024-01-01,Маркетплейсы,11,ridge_panel,0.1666666666666666,equal_prior
2024-01-01,Маркетплейсы,11,catboost,0.1666666666666666,equal_prior
2024-01-01,Маркетплейсы,11,lightgbm,0.1666666666666666,equal_prior
2024-01-01,Маркетплейсы,11,chronos_seasonal,0.1666666666666666,equal_prior
2024-01-01,Маркетплейсы,12,seasonal_growth,0.1666666666666666,equal_prior
2024-01-01,Маркетплейсы,12,panel_shrink,0.1666666666666666,equal_prior
2024-01-01,Маркетплейсы,12,ridge_panel,0.1666666666666666,equal_prior
2024-01-01,Маркетплейсы,12,catboost,0.1666666666666666,equal_prior
2024-01-01,Маркетплейсы,12,lightgbm,0.1666666666666666,equal_prior
2024-01-01,Маркетплейсы,12,chronos_seasonal,0.1666666666666666,equal_prior
2024-01-01,Общественное питание,1,seasonal_growth,0.1666666666666666,equal_prior
2024-01-01,Общественное питание,1,panel_shrink,0.1666666666666666,equal_prior
2024-01-01,Общественное питание,1,ridge_panel,0.1666666666666666,equal_prior
2024-01-01,Общественное питание,1,catboost,0.1666666666666666,equal_prior
2024-01-01,Общественное питание,1,lightgbm,0.1666666666666666,equal_prior
2024-01-01,Общественное питание,1,chronos_seasonal,0.1666666666666666,equal_prior
2024-01-01,Общественное питание,2,seasonal_growth,0.1666666666666666,equal_prior
2024-01-01,Общественное питание,2,panel_shrink,0.1666666666666666,equal_prior
2024-01-01,Общественное питание,2,ridge_panel,0.1666666666666666,equal_prior
2024-01-01,Общественное питание,2,catboost,0.1666666666666666,equal_prior
2024-01-01,Общественное питание,2,lightgbm,0.1666666666666666,equal_prior
2024-01-01,Общественное питание,2,chronos_seasonal,0.1666666666666666,equal_prior
2024-01-01,Общественное питание,3,seasonal_growth,0.1666666666666666,equal_prior
2024-01-01,Общественное питание,3,panel_shrink,0.1666666666666666,equal_prior
2024-01-01,Общественное питание,3,ridge_panel,0.1666666666666666,equal_prior
2024-01-01,Общественное питание,3,catboost,0.1666666666666666,equal_prior
2024-01-01,Общественное питание,3,lightgbm,0.1666666666666666,equal_prior
2024-01-01,Общественное питание,3,chronos_seasonal,0.1666666666666666,equal_prior
2024-01-01,Общественное питание,4,seasonal_growth,0.1666666666666666,equal_prior
2024-01-01,Общественное питание,4,panel_shrink,0.1666666666666666,equal_prior
2024-01-01,Общественное питание,4,ridge_panel,0.1666666666666666,equal_prior
2024-01-01,Общественное питание,4,catboost,0.1666666666666666,equal_prior
2024-01-01,Общественное питание,4,lightgbm,0.1666666666666666,equal_prior
2024-01-01,Общественное питание,4,chronos_seasonal,0.1666666666666666,equal_prior
2024-01-01,Общественное питание,5,seasonal_growth,0.1666666666666666,equal_prior
2024-01-01,Общественное питание,5,panel_shrink,0.1666666666666666,equal_prior
2024-01-01,Общественное питание,5,ridge_panel,0.1666666666666666,equal_prior
2024-01-01,Общественное питание,5,catboost,0.1666666666666666,equal_prior
2024-01-01,Общественное питание,5,lightgbm,0.1666666666666666,equal_prior
2024-01-01,Общественное питание,5,chronos_seasonal,0.1666666666666666,equal_prior
2024-01-01,Общественное питание,6,seasonal_growth,0.1666666666666666,equal_prior
2024-01-01,Общественное питание,6,panel_shrink,0.1666666666666666,equal_prior
2024-01-01,Общественное питание,6,ridge_panel,0.1666666666666666,equal_prior
2024-01-01,Общественное питание,6,catboost,0.1666666666666666,equal_prior
2024-01-01,Общественное питание,6,lightgbm,0.1666666666666666,equal_prior
2024-01-01,Общественное питание,6,chronos_seasonal,0.1666666666666666,equal_prior
2024-01-01,Общественное питание,7,seasonal_growth,0.1666666666666666,equal_prior
2024-01-01,Общественное питание,7,panel_shrink,0.1666666666666666,equal_prior
2024-01-01,Общественное питание,7,ridge_panel,0.1666666666666666,equal_prior
2024-01-01,Общественное питание,7,catboost,0.1666666666666666,equal_prior
2024-01-01,Общественное питание,7,lightgbm,0.1666666666666666,equal_prior
2024-01-01,Общественное питание,7,chronos_seasonal,0.1666666666666666,equal_prior
2024-01-01,Общественное питание,8,seasonal_growth,0.1666666666666666,equal_prior
2024-01-01,Общественное питание,8,panel_shrink,0.1666666666666666,equal_prior
2024-01-01,Общественное питание,8,ridge_panel,0.1666666666666666,equal_prior
2024-01-01,Общественное питание,8,catboost,0.1666666666666666,equal_prior
2024-01-01,Общественное питание,8,lightgbm,0.1666666666666666,equal_prior
2024-01-01,Общественное питание,8,chronos_seasonal,0.1666666666666666,equal_prior
2024-01-01,Общественное питание,9,seasonal_growth,0.1666666666666666,equal_prior
2024-01-01,Общественное питание,9,panel_shrink,0.1666666666666666,equal_prior
2024-01-01,Общественное питание,9,ridge_panel,0.1666666666666666,equal_prior
2024-01-01,Общественное питание,9,catboost,0.1666666666666666,equal_prior
2024-01-01,Общественное питание,9,lightgbm,0.1666666666666666,equal_prior
2024-01-01,Общественное питание,9,chronos_seasonal,0.1666666666666666,equal_prior
2024-01-01,Общественное питание,10,seasonal_growth,0.1666666666666666,equal_prior
2024-01-01,Общественное питание,10,panel_shrink,0.1666666666666666,equal_prior
2024-01-01,Общественное питание,10,ridge_panel,0.1666666666666666,equal_prior
2024-01-01,Общественное питание,10,catboost,0.1666666666666666,equal_prior
2024-01-01,Общественное питание,10,lightgbm,0.1666666666666666,equal_prior
2024-01-01,Общественное питание,10,chronos_seasonal,0.1666666666666666,equal_prior
2024-01-01,Общественное питание,11,seasonal_growth,0.1666666666666666,equal_prior
2024-01-01,Общественное питание,11,panel_shrink,0.1666666666666666,equal_prior
2024-01-01,Общественное питание,11,ridge_panel,0.1666666666666666,equal_prior
2024-01-01,Общественное питание,11,catboost,0.1666666666666666,equal_prior
2024-01-01,Общественное питание,11,lightgbm,0.1666666666666666,equal_prior
2024-01-01,Общественное питание,11,chronos_seasonal,0.1666666666666666,equal_prior
2024-01-01,Общественное питание,12,seasonal_growth,0.1666666666666666,equal_prior
2024-01-01,Общественное питание,12,panel_shrink,0.1666666666666666,equal_prior
2024-01-01,Общественное питание,12,ridge_panel,0.1666666666666666,equal_prior
2024-01-01,Общественное питание,12,catboost,0.1666666666666666,equal_prior
2024-01-01,Общественное питание,12,lightgbm,0.1666666666666666,equal_prior
2024-01-01,Общественное питание,12,chronos_seasonal,0.1666666666666666,equal_prior
2024-01-01,Продовольствие,1,seasonal_growth,0.1666666666666666,equal_prior
2024-01-01,Продовольствие,1,panel_shrink,0.1666666666666666,equal_prior
2024-01-01,Продовольствие,1,ridge_panel,0.1666666666666666,equal_prior
2024-01-01,Продовольствие,1,catboost,0.1666666666666666,equal_prior
2024-01-01,Продовольствие,1,lightgbm,0.1666666666666666,equal_prior
2024-01-01,Продовольствие,1,chronos_seasonal,0.1666666666666666,equal_prior
2024-01-01,Продовольствие,2,seasonal_growth,0.1666666666666666,equal_prior
2024-01-01,Продовольствие,2,panel_shrink,0.1666666666666666,equal_prior
2024-01-01,Продовольствие,2,ridge_panel,0.1666666666666666,equal_prior
2024-01-01,Продовольствие,2,catboost,0.1666666666666666,equal_prior
2024-01-01,Продовольствие,2,lightgbm,0.1666666666666666,equal_prior
2024-01-01,Продовольствие,2,chronos_seasonal,0.1666666666666666,equal_prior
2024-01-01,Продовольствие,3,seasonal_growth,0.1666666666666666,equal_prior
2024-01-01,Продовольствие,3,panel_shrink,0.1666666666666666,equal_prior
2024-01-01,Продовольствие,3,ridge_panel,0.1666666666666666,equal_prior
2024-01-01,Продовольствие,3,catboost,0.1666666666666666,equal_prior
2024-01-01,Продовольствие,3,lightgbm,0.1666666666666666,equal_prior
2024-01-01,Продовольствие,3,chronos_seasonal,0.1666666666666666,equal_prior
2024-01-01,Продовольствие,4,seasonal_growth,0.1666666666666666,equal_prior
2024-01-01,Продовольствие,4,panel_shrink,0.1666666666666666,equal_prior
2024-01-01,Продовольствие,4,ridge_panel,0.1666666666666666,equal_prior
2024-01-01,Продовольствие,4,catboost,0.1666666666666666,equal_prior
2024-01-01,Продовольствие,4,lightgbm,0.1666666666666666,equal_prior
2024-01-01,Продовольствие,4,chronos_seasonal,0.1666666666666666,equal_prior
2024-01-01,Продовольствие,5,seasonal_growth,0.1666666666666666,equal_prior
2024-01-01,Продовольствие,5,panel_shrink,0.1666666666666666,equal_prior
2024-01-01,Продовольствие,5,ridge_panel,0.1666666666666666,equal_prior
2024-01-01,Продовольствие,5,catboost,0.1666666666666666,equal_prior
2024-01-01,Продовольствие,5,lightgbm,0.1666666666666666,equal_prior
2024-01-01,Продовольствие,5,chronos_seasonal,0.1666666666666666,equal_prior
2024-01-01,Продовольствие,6,seasonal_growth,0.1666666666666666,equal_prior
2024-01-01,Продовольствие,6,panel_shrink,0.1666666666666666,equal_prior
2024-01-01,Продовольствие,6,ridge_panel,0.1666666666666666,equal_prior
2024-01-01,Продовольствие,6,catboost,0.1666666666666666,equal_prior
2024-01-01,Продовольствие,6,lightgbm,0.1666666666666666,equal_prior
2024-01-01,Продовольствие,6,chronos_seasonal,0.1666666666666666,equal_prior
2024-01-01,Продовольствие,7,seasonal_growth,0.1666666666666666,equal_prior
2024-01-01,Продовольствие,7,panel_shrink,0.1666666666666666,equal_prior
2024-01-01,Продовольствие,7,ridge_panel,0.1666666666666666,equal_prior
2024-01-01,Продовольствие,7,catboost,0.1666666666666666,equal_prior
2024-01-01,Продовольствие,7,lightgbm,0.1666666666666666,equal_prior
2024-01-01,Продовольствие,7,chronos_seasonal,0.1666666666666666,equal_prior
2024-01-01,Продовольствие,8,seasonal_growth,0.1666666666666666,equal_prior
2024-01-01,Продовольствие,8,panel_shrink,0.1666666666666666,equal_prior
2024-01-01,Продовольствие,8,ridge_panel,0.1666666666666666,equal_prior
2024-01-01,Продовольствие,8,catboost,0.1666666666666666,equal_prior
2024-01-01,Продовольствие,8,lightgbm,0.1666666666666666,equal_prior
2024-01-01,Продовольствие,8,chronos_seasonal,0.1666666666666666,equal_prior
2024-01-01,Продовольствие,9,seasonal_growth,0.1666666666666666,equal_prior
2024-01-01,Продовольствие,9,panel_shrink,0.1666666666666666,equal_prior
2024-01-01,Продовольствие,9,ridge_panel,0.1666666666666666,equal_prior
2024-01-01,Продовольствие,9,catboost,0.1666666666666666,equal_prior
2024-01-01,Продовольствие,9,lightgbm,0.1666666666666666,equal_prior
2024-01-01,Продовольствие,9,chronos_seasonal,0.1666666666666666,equal_prior
2024-01-01,Продовольствие,10,seasonal_growth,0.1666666666666666,equal_prior
2024-01-01,Продовольствие,10,panel_shrink,0.1666666666666666,equal_prior
2024-01-01,Продовольствие,10,ridge_panel,0.1666666666666666,equal_prior
2024-01-01,Продовольствие,10,catboost,0.1666666666666666,equal_prior
2024-01-01,Продовольствие,10,lightgbm,0.1666666666666666,equal_prior
2024-01-01,Продовольствие,10,chronos_seasonal,0.1666666666666666,equal_prior
2024-01-01,Продовольствие,11,seasonal_growth,0.1666666666666666,equal_prior
2024-01-01,Продовольствие,11,panel_shrink,0.1666666666666666,equal_prior
2024-01-01,Продовольствие,11,ridge_panel,0.1666666666666666,equal_prior
2024-01-01,Продовольствие,11,catboost,0.1666666666666666,equal_prior
2024-01-01,Продовольствие,11,lightgbm,0.1666666666666666,equal_prior
2024-01-01,Продовольствие,11,chronos_seasonal,0.1666666666666666,equal_prior
2024-01-01,Продовольствие,12,seasonal_growth,0.1666666666666666,equal_prior
2024-01-01,Продовольствие,12,panel_shrink,0.1666666666666666,equal_prior
2024-01-01,Продовольствие,12,ridge_panel,0.1666666666666666,equal_prior
2024-01-01,Продовольствие,12,catboost,0.1666666666666666,equal_prior
2024-01-01,Продовольствие,12,lightgbm,0.1666666666666666,equal_prior
2024-01-01,Продовольствие,12,chronos_seasonal,0.1666666666666666,equal_prior
2024-01-01,Транспорт,1,seasonal_growth,0.1666666666666666,equal_prior
2024-01-01,Транспорт,1,panel_shrink,0.1666666666666666,equal_prior
2024-01-01,Транспорт,1,ridge_panel,0.1666666666666666,equal_prior
2024-01-01,Транспорт,1,catboost,0.1666666666666666,equal_prior
2024-01-01,Транспорт,1,lightgbm,0.1666666666666666,equal_prior
2024-01-01,Транспорт,1,chronos_seasonal,0.1666666666666666,equal_prior
2024-01-01,Транспорт,2,seasonal_growth,0.1666666666666666,equal_prior
2024-01-01,Транспорт,2,panel_shrink,0.1666666666666666,equal_prior
2024-01-01,Транспорт,2,ridge_panel,0.1666666666666666,equal_prior
2024-01-01,Транспорт,2,catboost,0.1666666666666666,equal_prior
2024-01-01,Транспорт,2,lightgbm,0.1666666666666666,equal_prior
2024-01-01,Транспорт,2,chronos_seasonal,0.1666666666666666,equal_prior
2024-01-01,Транспорт,3,seasonal_growth,0.1666666666666666,equal_prior
2024-01-01,Транспорт,3,panel_shrink,0.1666666666666666,equal_prior
2024-01-01,Транспорт,3,ridge_panel,0.1666666666666666,equal_prior
2024-01-01,Транспорт,3,catboost,0.1666666666666666,equal_prior
2024-01-01,Транспорт,3,lightgbm,0.1666666666666666,equal_prior
2024-01-01,Транспорт,3,chronos_seasonal,0.1666666666666666,equal_prior
2024-01-01,Транспорт,4,seasonal_growth,0.1666666666666666,equal_prior
2024-01-01,Транспорт,4,panel_shrink,0.1666666666666666,equal_prior
2024-01-01,Транспорт,4,ridge_panel,0.1666666666666666,equal_prior
2024-01-01,Транспорт,4,catboost,0.1666666666666666,equal_prior
2024-01-01,Транспорт,4,lightgbm,0.1666666666666666,equal_prior
2024-01-01,Транспорт,4,chronos_seasonal,0.1666666666666666,equal_prior
2024-01-01,Транспорт,5,seasonal_growth,0.1666666666666666,equal_prior
2024-01-01,Транспорт,5,panel_shrink,0.1666666666666666,equal_prior
2024-01-01,Транспорт,5,ridge_panel,0.1666666666666666,equal_prior
2024-01-01,Транспорт,5,catboost,0.1666666666666666,equal_prior
2024-01-01,Транспорт,5,lightgbm,0.1666666666666666,equal_prior
2024-01-01,Транспорт,5,chronos_seasonal,0.1666666666666666,equal_prior
2024-01-01,Транспорт,6,seasonal_growth,0.1666666666666666,equal_prior
2024-01-01,Транспорт,6,panel_shrink,0.1666666666666666,equal_prior
2024-01-01,Транспорт,6,ridge_panel,0.1666666666666666,equal_prior
2024-01-01,Транспорт,6,catboost,0.1666666666666666,equal_prior
2024-01-01,Транспорт,6,lightgbm,0.1666666666666666,equal_prior
2024-01-01,Транспорт,6,chronos_seasonal,0.1666666666666666,equal_prior
2024-01-01,Транспорт,7,seasonal_growth,0.1666666666666666,equal_prior
2024-01-01,Транспорт,7,panel_shrink,0.1666666666666666,equal_prior
2024-01-01,Транспорт,7,ridge_panel,0.1666666666666666,equal_prior
2024-01-01,Транспорт,7,catboost,0.1666666666666666,equal_prior
2024-01-01,Транспорт,7,lightgbm,0.1666666666666666,equal_prior
2024-01-01,Транспорт,7,chronos_seasonal,0.1666666666666666,equal_prior
2024-01-01,Транспорт,8,seasonal_growth,0.1666666666666666,equal_prior
2024-01-01,Транспорт,8,panel_shrink,0.1666666666666666,equal_prior
2024-01-01,Транспорт,8,ridge_panel,0.1666666666666666,equal_prior
2024-01-01,Транспорт,8,catboost,0.1666666666666666,equal_prior
2024-01-01,Транспорт,8,lightgbm,0.1666666666666666,equal_prior
2024-01-01,Транспорт,8,chronos_seasonal,0.1666666666666666,equal_prior
2024-01-01,Транспорт,9,seasonal_growth,0.1666666666666666,equal_prior
2024-01-01,Транспорт,9,panel_shrink,0.1666666666666666,equal_prior
2024-01-01,Транспорт,9,ridge_panel,0.1666666666666666,equal_prior
2024-01-01,Транспорт,9,catboost,0.1666666666666666,equal_prior
2024-01-01,Транспорт,9,lightgbm,0.1666666666666666,equal_prior
2024-01-01,Транспорт,9,chronos_seasonal,0.1666666666666666,equal_prior
2024-01-01,Транспорт,10,seasonal_growth,0.1666666666666666,equal_prior
2024-01-01,Транспорт,10,panel_shrink,0.1666666666666666,equal_prior
2024-01-01,Транспорт,10,ridge_panel,0.1666666666666666,equal_prior
2024-01-01,Транспорт,10,catboost,0.1666666666666666,equal_prior
2024-01-01,Транспорт,10,lightgbm,0.1666666666666666,equal_prior
2024-01-01,Транспорт,10,chronos_seasonal,0.1666666666666666,equal_prior
2024-01-01,Транспорт,11,seasonal_growth,0.1666666666666666,equal_prior
2024-01-01,Транспорт,11,panel_shrink,0.1666666666666666,equal_prior
2024-01-01,Транспорт,11,ridge_panel,0.1666666666666666,equal_prior
2024-01-01,Транспорт,11,catboost,0.1666666666666666,equal_prior
2024-01-01,Транспорт,11,lightgbm,0.1666666666666666,equal_prior
2024-01-01,Транспорт,11,chronos_seasonal,0.1666666666666666,equal_prior
2024-01-01,Транспорт,12,seasonal_growth,0.1666666666666666,equal_prior
2024-01-01,Транспорт,12,panel_shrink,0.1666666666666666,equal_prior
2024-01-01,Транспорт,12,ridge_panel,0.1666666666666666,equal_prior
2024-01-01,Транспорт,12,catboost,0.1666666666666666,equal_prior
2024-01-01,Транспорт,12,lightgbm,0.1666666666666666,equal_prior
2024-01-01,Транспорт,12,chronos_seasonal,0.1666666666666666,equal_prior
2024-02-01,Все категории,1,seasonal_growth,0.1666666666666666,equal_prior
2024-02-01,Все категории,1,panel_shrink,0.1666666666666666,equal_prior
2024-02-01,Все категории,1,ridge_panel,0.1666666666666666,equal_prior
2024-02-01,Все категории,1,catboost,0.1666666666666666,equal_prior
2024-02-01,Все категории,1,lightgbm,0.1666666666666666,equal_prior
2024-02-01,Все категории,1,chronos_seasonal,0.1666666666666666,equal_prior
2024-02-01,Все категории,2,seasonal_growth,0.1666666666666666,equal_prior
2024-02-01,Все категории,2,panel_shrink,0.1666666666666666,equal_prior
2024-02-01,Все категории,2,ridge_panel,0.1666666666666666,equal_prior
2024-02-01,Все категории,2,catboost,0.1666666666666666,equal_prior
2024-02-01,Все категории,2,lightgbm,0.1666666666666666,equal_prior
2024-02-01,Все категории,2,chronos_seasonal,0.1666666666666666,equal_prior
2024-02-01,Все категории,3,seasonal_growth,0.1666666666666666,equal_prior
2024-02-01,Все категории,3,panel_shrink,0.1666666666666666,equal_prior
2024-02-01,Все категории,3,ridge_panel,0.1666666666666666,equal_prior
2024-02-01,Все категории,3,catboost,0.1666666666666666,equal_prior
2024-02-01,Все категории,3,lightgbm,0.1666666666666666,equal_prior
2024-02-01,Все категории,3,chronos_seasonal,0.1666666666666666,equal_prior
2024-02-01,Все категории,4,seasonal_growth,0.1666666666666666,equal_prior
2024-02-01,Все категории,4,panel_shrink,0.1666666666666666,equal_prior
2024-02-01,Все категории,4,ridge_panel,0.1666666666666666,equal_prior
2024-02-01,Все категории,4,catboost,0.1666666666666666,equal_prior
2024-02-01,Все категории,4,lightgbm,0.1666666666666666,equal_prior
2024-02-01,Все категории,4,chronos_seasonal,0.1666666666666666,equal_prior
2024-02-01,Все категории,5,seasonal_growth,0.1666666666666666,equal_prior
2024-02-01,Все категории,5,panel_shrink,0.1666666666666666,equal_prior
2024-02-01,Все категории,5,ridge_panel,0.1666666666666666,equal_prior
2024-02-01,Все категории,5,catboost,0.1666666666666666,equal_prior
2024-02-01,Все категории,5,lightgbm,0.1666666666666666,equal_prior
2024-02-01,Все категории,5,chronos_seasonal,0.1666666666666666,equal_prior
2024-02-01,Все категории,6,seasonal_growth,0.1666666666666666,equal_prior
2024-02-01,Все категории,6,panel_shrink,0.1666666666666666,equal_prior
2024-02-01,Все категории,6,ridge_panel,0.1666666666666666,equal_prior
2024-02-01,Все категории,6,catboost,0.1666666666666666,equal_prior
2024-02-01,Все категории,6,lightgbm,0.1666666666666666,equal_prior
2024-02-01,Все категории,6,chronos_seasonal,0.1666666666666666,equal_prior
2024-02-01,Все категории,7,seasonal_growth,0.1666666666666666,equal_prior
2024-02-01,Все категории,7,panel_shrink,0.1666666666666666,equal_prior
2024-02-01,Все категории,7,ridge_panel,0.1666666666666666,equal_prior
2024-02-01,Все категории,7,catboost,0.1666666666666666,equal_prior
2024-02-01,Все категории,7,lightgbm,0.1666666666666666,equal_prior
2024-02-01,Все категории,7,chronos_seasonal,0.1666666666666666,equal_prior
2024-02-01,Все категории,8,seasonal_growth,0.1666666666666666,equal_prior
2024-02-01,Все категории,8,panel_shrink,0.1666666666666666,equal_prior
2024-02-01,Все категории,8,ridge_panel,0.1666666666666666,equal_prior
2024-02-01,Все категории,8,catboost,0.1666666666666666,equal_prior
2024-02-01,Все категории,8,lightgbm,0.1666666666666666,equal_prior
2024-02-01,Все категории,8,chronos_seasonal,0.1666666666666666,equal_prior
2024-02-01,Все категории,9,seasonal_growth,0.1666666666666666,equal_prior
2024-02-01,Все категории,9,panel_shrink,0.1666666666666666,equal_prior
2024-02-01,Все категории,9,ridge_panel,0.1666666666666666,equal_prior
2024-02-01,Все категории,9,catboost,0.1666666666666666,equal_prior
2024-02-01,Все категории,9,lightgbm,0.1666666666666666,equal_prior
2024-02-01,Все категории,9,chronos_seasonal,0.1666666666666666,equal_prior
2024-02-01,Все категории,10,seasonal_growth,0.1666666666666666,equal_prior
2024-02-01,Все категории,10,panel_shrink,0.1666666666666666,equal_prior
2024-02-01,Все категории,10,ridge_panel,0.1666666666666666,equal_prior
2024-02-01,Все категории,10,catboost,0.1666666666666666,equal_prior
2024-02-01,Все категории,10,lightgbm,0.1666666666666666,equal_prior
2024-02-01,Все категории,10,chronos_seasonal,0.1666666666666666,equal_prior
2024-02-01,Все категории,11,seasonal_growth,0.1666666666666666,equal_prior
2024-02-01,Все категории,11,panel_shrink,0.1666666666666666,equal_prior
2024-02-01,Все категории,11,ridge_panel,0.1666666666666666,equal_prior
2024-02-01,Все категории,11,catboost,0.1666666666666666,equal_prior
2024-02-01,Все категории,11,lightgbm,0.1666666666666666,equal_prior
2024-02-01,Все категории,11,chronos_seasonal,0.1666666666666666,equal_prior
2024-02-01,Все категории,12,seasonal_growth,0.1666666666666666,equal_prior
2024-02-01,Все категории,12,panel_shrink,0.1666666666666666,equal_prior
2024-02-01,Все категории,12,ridge_panel,0.1666666666666666,equal_prior
2024-02-01,Все категории,12,catboost,0.1666666666666666,equal_prior
2024-02-01,Все категории,12,lightgbm,0.1666666666666666,equal_prior
2024-02-01,Все категории,12,chronos_seasonal,0.1666666666666666,equal_prior
2024-02-01,Здоровье,1,seasonal_growth,0.1666666666666666,equal_prior
2024-02-01,Здоровье,1,panel_shrink,0.1666666666666666,equal_prior
2024-02-01,Здоровье,1,ridge_panel,0.1666666666666666,equal_prior
2024-02-01,Здоровье,1,catboost,0.1666666666666666,equal_prior
2024-02-01,Здоровье,1,lightgbm,0.1666666666666666,equal_prior
2024-02-01,Здоровье,1,chronos_seasonal,0.1666666666666666,equal_prior
2024-02-01,Здоровье,2,seasonal_growth,0.1666666666666666,equal_prior
2024-02-01,Здоровье,2,panel_shrink,0.1666666666666666,equal_prior
2024-02-01,Здоровье,2,ridge_panel,0.1666666666666666,equal_prior
2024-02-01,Здоровье,2,catboost,0.1666666666666666,equal_prior
2024-02-01,Здоровье,2,lightgbm,0.1666666666666666,equal_prior
2024-02-01,Здоровье,2,chronos_seasonal,0.1666666666666666,equal_prior
2024-02-01,Здоровье,3,seasonal_growth,0.1666666666666666,equal_prior
2024-02-01,Здоровье,3,panel_shrink,0.1666666666666666,equal_prior
2024-02-01,Здоровье,3,ridge_panel,0.1666666666666666,equal_prior
2024-02-01,Здоровье,3,catboost,0.1666666666666666,equal_prior
2024-02-01,Здоровье,3,lightgbm,0.1666666666666666,equal_prior
2024-02-01,Здоровье,3,chronos_seasonal,0.1666666666666666,equal_prior
2024-02-01,Здоровье,4,seasonal_growth,0.1666666666666666,equal_prior
2024-02-01,Здоровье,4,panel_shrink,0.1666666666666666,equal_prior
2024-02-01,Здоровье,4,ridge_panel,0.1666666666666666,equal_prior
2024-02-01,Здоровье,4,catboost,0.1666666666666666,equal_prior
2024-02-01,Здоровье,4,lightgbm,0.1666666666666666,equal_prior
2024-02-01,Здоровье,4,chronos_seasonal,0.1666666666666666,equal_prior
2024-02-01,Здоровье,5,seasonal_growth,0.1666666666666666,equal_prior
2024-02-01,Здоровье,5,panel_shrink,0.1666666666666666,equal_prior
2024-02-01,Здоровье,5,ridge_panel,0.1666666666666666,equal_prior
2024-02-01,Здоровье,5,catboost,0.1666666666666666,equal_prior
2024-02-01,Здоровье,5,lightgbm,0.1666666666666666,equal_prior
2024-02-01,Здоровье,5,chronos_seasonal,0.1666666666666666,equal_prior
2024-02-01,Здоровье,6,seasonal_growth,0.1666666666666666,equal_prior
2024-02-01,Здоровье,6,panel_shrink,0.1666666666666666,equal_prior
2024-02-01,Здоровье,6,ridge_panel,0.1666666666666666,equal_prior
2024-02-01,Здоровье,6,catboost,0.1666666666666666,equal_prior
2024-02-01,Здоровье,6,lightgbm,0.1666666666666666,equal_prior
2024-02-01,Здоровье,6,chronos_seasonal,0.1666666666666666,equal_prior
2024-02-01,Здоровье,7,seasonal_growth,0.1666666666666666,equal_prior
2024-02-01,Здоровье,7,panel_shrink,0.1666666666666666,equal_prior
2024-02-01,Здоровье,7,ridge_panel,0.1666666666666666,equal_prior
2024-02-01,Здоровье,7,catboost,0.1666666666666666,equal_prior
2024-02-01,Здоровье,7,lightgbm,0.1666666666666666,equal_prior
2024-02-01,Здоровье,7,chronos_seasonal,0.1666666666666666,equal_prior
2024-02-01,Здоровье,8,seasonal_growth,0.1666666666666666,equal_prior
2024-02-01,Здоровье,8,panel_shrink,0.1666666666666666,equal_prior
2024-02-01,Здоровье,8,ridge_panel,0.1666666666666666,equal_prior
2024-02-01,Здоровье,8,catboost,0.1666666666666666,equal_prior
2024-02-01,Здоровье,8,lightgbm,0.1666666666666666,equal_prior
2024-02-01,Здоровье,8,chronos_seasonal,0.1666666666666666,equal_prior
2024-02-01,Здоровье,9,seasonal_growth,0.1666666666666666,equal_prior
2024-02-01,Здоровье,9,panel_shrink,0.1666666666666666,equal_prior
2024-02-01,Здоровье,9,ridge_panel,0.1666666666666666,equal_prior
2024-02-01,Здоровье,9,catboost,0.1666666666666666,equal_prior
2024-02-01,Здоровье,9,lightgbm,0.1666666666666666,equal_prior
2024-02-01,Здоровье,9,chronos_seasonal,0.1666666666666666,equal_prior
2024-02-01,Здоровье,10,seasonal_growth,0.1666666666666666,equal_prior
2024-02-01,Здоровье,10,panel_shrink,0.1666666666666666,equal_prior
2024-02-01,Здоровье,10,ridge_panel,0.1666666666666666,equal_prior
2024-02-01,Здоровье,10,catboost,0.1666666666666666,equal_prior
2024-02-01,Здоровье,10,lightgbm,0.1666666666666666,equal_prior
2024-02-01,Здоровье,10,chronos_seasonal,0.1666666666666666,equal_prior
2024-02-01,Здоровье,11,seasonal_growth,0.1666666666666666,equal_prior
2024-02-01,Здоровье,11,panel_shrink,0.1666666666666666,equal_prior
2024-02-01,Здоровье,11,ridge_panel,0.1666666666666666,equal_prior
2024-02-01,Здоровье,11,catboost,0.1666666666666666,equal_prior
2024-02-01,Здоровье,11,lightgbm,0.1666666666666666,equal_prior
2024-02-01,Здоровье,11,chronos_seasonal,0.1666666666666666,equal_prior
2024-02-01,Здоровье,12,seasonal_growth,0.1666666666666666,equal_prior
2024-02-01,Здоровье,12,panel_shrink,0.1666666666666666,equal_prior
2024-02-01,Здоровье,12,ridge_panel,0.1666666666666666,equal_prior
2024-02-01,Здоровье,12,catboost,0.1666666666666666,equal_prior
2024-02-01,Здоровье,12,lightgbm,0.1666666666666666,equal_prior
2024-02-01,Здоровье,12,chronos_seasonal,0.1666666666666666,equal_prior
2024-02-01,Маркетплейсы,1,seasonal_growth,0.1666666666666666,equal_prior
2024-02-01,Маркетплейсы,1,panel_shrink,0.1666666666666666,equal_prior
2024-02-01,Маркетплейсы,1,ridge_panel,0.1666666666666666,equal_prior
2024-02-01,Маркетплейсы,1,catboost,0.1666666666666666,equal_prior
2024-02-01,Маркетплейсы,1,lightgbm,0.1666666666666666,equal_prior
2024-02-01,Маркетплейсы,1,chronos_seasonal,0.1666666666666666,equal_prior
2024-02-01,Маркетплейсы,2,seasonal_growth,0.1666666666666666,equal_prior
2024-02-01,Маркетплейсы,2,panel_shrink,0.1666666666666666,equal_prior
2024-02-01,Маркетплейсы,2,ridge_panel,0.1666666666666666,equal_prior
2024-02-01,Маркетплейсы,2,catboost,0.1666666666666666,equal_prior
2024-02-01,Маркетплейсы,2,lightgbm,0.1666666666666666,equal_prior
2024-02-01,Маркетплейсы,2,chronos_seasonal,0.1666666666666666,equal_prior
2024-02-01,Маркетплейсы,3,seasonal_growth,0.1666666666666666,equal_prior
2024-02-01,Маркетплейсы,3,panel_shrink,0.1666666666666666,equal_prior
2024-02-01,Маркетплейсы,3,ridge_panel,0.1666666666666666,equal_prior
2024-02-01,Маркетплейсы,3,catboost,0.1666666666666666,equal_prior
2024-02-01,Маркетплейсы,3,lightgbm,0.1666666666666666,equal_prior
2024-02-01,Маркетплейсы,3,chronos_seasonal,0.1666666666666666,equal_prior
2024-02-01,Маркетплейсы,4,seasonal_growth,0.1666666666666666,equal_prior
2024-02-01,Маркетплейсы,4,panel_shrink,0.1666666666666666,equal_prior
2024-02-01,Маркетплейсы,4,ridge_panel,0.1666666666666666,equal_prior
2024-02-01,Маркетплейсы,4,catboost,0.1666666666666666,equal_prior
2024-02-01,Маркетплейсы,4,lightgbm,0.1666666666666666,equal_prior
2024-02-01,Маркетплейсы,4,chronos_seasonal,0.1666666666666666,equal_prior
2024-02-01,Маркетплейсы,5,seasonal_growth,0.1666666666666666,equal_prior
2024-02-01,Маркетплейсы,5,panel_shrink,0.1666666666666666,equal_prior
2024-02-01,Маркетплейсы,5,ridge_panel,0.1666666666666666,equal_prior
2024-02-01,Маркетплейсы,5,catboost,0.1666666666666666,equal_prior
2024-02-01,Маркетплейсы,5,lightgbm,0.1666666666666666,equal_prior
2024-02-01,Маркетплейсы,5,chronos_seasonal,0.1666666666666666,equal_prior
2024-02-01,Маркетплейсы,6,seasonal_growth,0.1666666666666666,equal_prior
2024-02-01,Маркетплейсы,6,panel_shrink,0.1666666666666666,equal_prior
2024-02-01,Маркетплейсы,6,ridge_panel,0.1666666666666666,equal_prior
2024-02-01,Маркетплейсы,6,catboost,0.1666666666666666,equal_prior
2024-02-01,Маркетплейсы,6,lightgbm,0.1666666666666666,equal_prior
2024-02-01,Маркетплейсы,6,chronos_seasonal,0.1666666666666666,equal_prior
2024-02-01,Маркетплейсы,7,seasonal_growth,0.1666666666666666,equal_prior
2024-02-01,Маркетплейсы,7,panel_shrink,0.1666666666666666,equal_prior
2024-02-01,Маркетплейсы,7,ridge_panel,0.1666666666666666,equal_prior
2024-02-01,Маркетплейсы,7,catboost,0.1666666666666666,equal_prior
2024-02-01,Маркетплейсы,7,lightgbm,0.1666666666666666,equal_prior
2024-02-01,Маркетплейсы,7,chronos_seasonal,0.1666666666666666,equal_prior
2024-02-01,Маркетплейсы,8,seasonal_growth,0.1666666666666666,equal_prior
2024-02-01,Маркетплейсы,8,panel_shrink,0.1666666666666666,equal_prior
2024-02-01,Маркетплейсы,8,ridge_panel,0.1666666666666666,equal_prior
2024-02-01,Маркетплейсы,8,catboost,0.1666666666666666,equal_prior
2024-02-01,Маркетплейсы,8,lightgbm,0.1666666666666666,equal_prior
2024-02-01,Маркетплейсы,8,chronos_seasonal,0.1666666666666666,equal_prior
2024-02-01,Маркетплейсы,9,seasonal_growth,0.1666666666666666,equal_prior
2024-02-01,Маркетплейсы,9,panel_shrink,0.1666666666666666,equal_prior
2024-02-01,Маркетплейсы,9,ridge_panel,0.1666666666666666,equal_prior
2024-02-01,Маркетплейсы,9,catboost,0.1666666666666666,equal_prior
2024-02-01,Маркетплейсы,9,lightgbm,0.1666666666666666,equal_prior
2024-02-01,Маркетплейсы,9,chronos_seasonal,0.1666666666666666,equal_prior
2024-02-01,Маркетплейсы,10,seasonal_growth,0.1666666666666666,equal_prior
2024-02-01,Маркетплейсы,10,panel_shrink,0.1666666666666666,equal_prior
2024-02-01,Маркетплейсы,10,ridge_panel,0.1666666666666666,equal_prior
2024-02-01,Маркетплейсы,10,catboost,0.1666666666666666,equal_prior
2024-02-01,Маркетплейсы,10,lightgbm,0.1666666666666666,equal_prior
2024-02-01,Маркетплейсы,10,chronos_seasonal,0.1666666666666666,equal_prior
2024-02-01,Маркетплейсы,11,seasonal_growth,0.1666666666666666,equal_prior
2024-02-01,Маркетплейсы,11,panel_shrink,0.1666666666666666,equal_prior
2024-02-01,Маркетплейсы,11,ridge_panel,0.1666666666666666,equal_prior
2024-02-01,Маркетплейсы,11,catboost,0.1666666666666666,equal_prior
2024-02-01,Маркетплейсы,11,lightgbm,0.1666666666666666,equal_prior
2024-02-01,Маркетплейсы,11,chronos_seasonal,0.1666666666666666,equal_prior
2024-02-01,Маркетплейсы,12,seasonal_growth,0.1666666666666666,equal_prior
2024-02-01,Маркетплейсы,12,panel_shrink,0.1666666666666666,equal_prior
2024-02-01,Маркетплейсы,12,ridge_panel,0.1666666666666666,equal_prior
2024-02-01,Маркетплейсы,12,catboost,0.1666666666666666,equal_prior
2024-02-01,Маркетплейсы,12,lightgbm,0.1666666666666666,equal_prior
2024-02-01,Маркетплейсы,12,chronos_seasonal,0.1666666666666666,equal_prior
2024-02-01,Общественное питание,1,seasonal_growth,0.1666666666666666,equal_prior
2024-02-01,Общественное питание,1,panel_shrink,0.1666666666666666,equal_prior
2024-02-01,Общественное питание,1,ridge_panel,0.1666666666666666,equal_prior
2024-02-01,Общественное питание,1,catboost,0.1666666666666666,equal_prior
2024-02-01,Общественное питание,1,lightgbm,0.1666666666666666,equal_prior
2024-02-01,Общественное питание,1,chronos_seasonal,0.1666666666666666,equal_prior
2024-02-01,Общественное питание,2,seasonal_growth,0.1666666666666666,equal_prior
2024-02-01,Общественное питание,2,panel_shrink,0.1666666666666666,equal_prior
2024-02-01,Общественное питание,2,ridge_panel,0.1666666666666666,equal_prior
2024-02-01,Общественное питание,2,catboost,0.1666666666666666,equal_prior
2024-02-01,Общественное питание,2,lightgbm,0.1666666666666666,equal_prior
2024-02-01,Общественное питание,2,chronos_seasonal,0.1666666666666666,equal_prior
2024-02-01,Общественное питание,3,seasonal_growth,0.1666666666666666,equal_prior
2024-02-01,Общественное питание,3,panel_shrink,0.1666666666666666,equal_prior
2024-02-01,Общественное питание,3,ridge_panel,0.1666666666666666,equal_prior
2024-02-01,Общественное питание,3,catboost,0.1666666666666666,equal_prior
2024-02-01,Общественное питание,3,lightgbm,0.1666666666666666,equal_prior
2024-02-01,Общественное питание,3,chronos_seasonal,0.1666666666666666,equal_prior
2024-02-01,Общественное питание,4,seasonal_growth,0.1666666666666666,equal_prior
2024-02-01,Общественное питание,4,panel_shrink,0.1666666666666666,equal_prior
2024-02-01,Общественное питание,4,ridge_panel,0.1666666666666666,equal_prior
2024-02-01,Общественное питание,4,catboost,0.1666666666666666,equal_prior
2024-02-01,Общественное питание,4,lightgbm,0.1666666666666666,equal_prior
2024-02-01,Общественное питание,4,chronos_seasonal,0.1666666666666666,equal_prior
2024-02-01,Общественное питание,5,seasonal_growth,0.1666666666666666,equal_prior
2024-02-01,Общественное питание,5,panel_shrink,0.1666666666666666,equal_prior
2024-02-01,Общественное питание,5,ridge_panel,0.1666666666666666,equal_prior
2024-02-01,Общественное питание,5,catboost,0.1666666666666666,equal_prior
2024-02-01,Общественное питание,5,lightgbm,0.1666666666666666,equal_prior
2024-02-01,Общественное питание,5,chronos_seasonal,0.1666666666666666,equal_prior
2024-02-01,Общественное питание,6,seasonal_growth,0.1666666666666666,equal_prior
2024-02-01,Общественное питание,6,panel_shrink,0.1666666666666666,equal_prior
2024-02-01,Общественное питание,6,ridge_panel,0.1666666666666666,equal_prior
2024-02-01,Общественное питание,6,catboost,0.1666666666666666,equal_prior
2024-02-01,Общественное питание,6,lightgbm,0.1666666666666666,equal_prior
2024-02-01,Общественное питание,6,chronos_seasonal,0.1666666666666666,equal_prior
2024-02-01,Общественное питание,7,seasonal_growth,0.1666666666666666,equal_prior
2024-02-01,Общественное питание,7,panel_shrink,0.1666666666666666,equal_prior
2024-02-01,Общественное питание,7,ridge_panel,0.1666666666666666,equal_prior
2024-02-01,Общественное питание,7,catboost,0.1666666666666666,equal_prior
2024-02-01,Общественное питание,7,lightgbm,0.1666666666666666,equal_prior
2024-02-01,Общественное питание,7,chronos_seasonal,0.1666666666666666,equal_prior
2024-02-01,Общественное питание,8,seasonal_growth,0.1666666666666666,equal_prior
2024-02-01,Общественное питание,8,panel_shrink,0.1666666666666666,equal_prior
2024-02-01,Общественное питание,8,ridge_panel,0.1666666666666666,equal_prior
2024-02-01,Общественное питание,8,catboost,0.1666666666666666,equal_prior
2024-02-01,Общественное питание,8,lightgbm,0.1666666666666666,equal_prior
2024-02-01,Общественное питание,8,chronos_seasonal,0.1666666666666666,equal_prior
2024-02-01,Общественное питание,9,seasonal_growth,0.1666666666666666,equal_prior
2024-02-01,Общественное питание,9,panel_shrink,0.1666666666666666,equal_prior
2024-02-01,Общественное питание,9,ridge_panel,0.1666666666666666,equal_prior
2024-02-01,Общественное питание,9,catboost,0.1666666666666666,equal_prior
2024-02-01,Общественное питание,9,lightgbm,0.1666666666666666,equal_prior
2024-02-01,Общественное питание,9,chronos_seasonal,0.1666666666666666,equal_prior
2024-02-01,Общественное питание,10,seasonal_growth,0.1666666666666666,equal_prior
2024-02-01,Общественное питание,10,panel_shrink,0.1666666666666666,equal_prior
2024-02-01,Общественное питание,10,ridge_panel,0.1666666666666666,equal_prior
2024-02-01,Общественное питание,10,catboost,0.1666666666666666,equal_prior
2024-02-01,Общественное питание,10,lightgbm,0.1666666666666666,equal_prior
2024-02-01,Общественное питание,10,chronos_seasonal,0.1666666666666666,equal_prior
2024-02-01,Общественное питание,11,seasonal_growth,0.1666666666666666,equal_prior
2024-02-01,Общественное питание,11,panel_shrink,0.1666666666666666,equal_prior
2024-02-01,Общественное питание,11,ridge_panel,0.1666666666666666,equal_prior
2024-02-01,Общественное питание,11,catboost,0.1666666666666666,equal_prior
2024-02-01,Общественное питание,11,lightgbm,0.1666666666666666,equal_prior
2024-02-01,Общественное питание,11,chronos_seasonal,0.1666666666666666,equal_prior
2024-02-01,Общественное питание,12,seasonal_growth,0.1666666666666666,equal_prior
2024-02-01,Общественное питание,12,panel_shrink,0.1666666666666666,equal_prior
2024-02-01,Общественное питание,12,ridge_panel,0.1666666666666666,equal_prior
2024-02-01,Общественное питание,12,catboost,0.1666666666666666,equal_prior
2024-02-01,Общественное питание,12,lightgbm,0.1666666666666666,equal_prior
2024-02-01,Общественное питание,12,chronos_seasonal,0.1666666666666666,equal_prior
2024-02-01,Продовольствие,1,seasonal_growth,0.1666666666666666,equal_prior
2024-02-01,Продовольствие,1,panel_shrink,0.1666666666666666,equal_prior
2024-02-01,Продовольствие,1,ridge_panel,0.1666666666666666,equal_prior
2024-02-01,Продовольствие,1,catboost,0.1666666666666666,equal_prior
2024-02-01,Продовольствие,1,lightgbm,0.1666666666666666,equal_prior
2024-02-01,Продовольствие,1,chronos_seasonal,0.1666666666666666,equal_prior
2024-02-01,Продовольствие,2,seasonal_growth,0.1666666666666666,equal_prior
2024-02-01,Продовольствие,2,panel_shrink,0.1666666666666666,equal_prior
2024-02-01,Продовольствие,2,ridge_panel,0.1666666666666666,equal_prior
2024-02-01,Продовольствие,2,catboost,0.1666666666666666,equal_prior
2024-02-01,Продовольствие,2,lightgbm,0.1666666666666666,equal_prior
2024-02-01,Продовольствие,2,chronos_seasonal,0.1666666666666666,equal_prior
2024-02-01,Продовольствие,3,seasonal_growth,0.1666666666666666,equal_prior
2024-02-01,Продовольствие,3,panel_shrink,0.1666666666666666,equal_prior
2024-02-01,Продовольствие,3,ridge_panel,0.1666666666666666,equal_prior
2024-02-01,Продовольствие,3,catboost,0.1666666666666666,equal_prior
2024-02-01,Продовольствие,3,lightgbm,0.1666666666666666,equal_prior
2024-02-01,Продовольствие,3,chronos_seasonal,0.1666666666666666,equal_prior
2024-02-01,Продовольствие,4,seasonal_growth,0.1666666666666666,equal_prior
2024-02-01,Продовольствие,4,panel_shrink,0.1666666666666666,equal_prior
2024-02-01,Продовольствие,4,ridge_panel,0.1666666666666666,equal_prior
2024-02-01,Продовольствие,4,catboost,0.1666666666666666,equal_prior
2024-02-01,Продовольствие,4,lightgbm,0.1666666666666666,equal_prior
2024-02-01,Продовольствие,4,chronos_seasonal,0.1666666666666666,equal_prior
2024-02-01,Продовольствие,5,seasonal_growth,0.1666666666666666,equal_prior
2024-02-01,Продовольствие,5,panel_shrink,0.1666666666666666,equal_prior
2024-02-01,Продовольствие,5,ridge_panel,0.1666666666666666,equal_prior
2024-02-01,Продовольствие,5,catboost,0.1666666666666666,equal_prior
2024-02-01,Продовольствие,5,lightgbm,0.1666666666666666,equal_prior
2024-02-01,Продовольствие,5,chronos_seasonal,0.1666666666666666,equal_prior
2024-02-01,Продовольствие,6,seasonal_growth,0.1666666666666666,equal_prior
2024-02-01,Продовольствие,6,panel_shrink,0.1666666666666666,equal_prior
2024-02-01,Продовольствие,6,ridge_panel,0.1666666666666666,equal_prior
2024-02-01,Продовольствие,6,catboost,0.1666666666666666,equal_prior
2024-02-01,Продовольствие,6,lightgbm,0.1666666666666666,equal_prior
2024-02-01,Продовольствие,6,chronos_seasonal,0.1666666666666666,equal_prior
2024-02-01,Продовольствие,7,seasonal_growth,0.1666666666666666,equal_prior
2024-02-01,Продовольствие,7,panel_shrink,0.1666666666666666,equal_prior
2024-02-01,Продовольствие,7,ridge_panel,0.1666666666666666,equal_prior
2024-02-01,Продовольствие,7,catboost,0.1666666666666666,equal_prior
2024-02-01,Продовольствие,7,lightgbm,0.1666666666666666,equal_prior
2024-02-01,Продовольствие,7,chronos_seasonal,0.1666666666666666,equal_prior
2024-02-01,Продовольствие,8,seasonal_growth,0.1666666666666666,equal_prior
2024-02-01,Продовольствие,8,panel_shrink,0.1666666666666666,equal_prior
2024-02-01,Продовольствие,8,ridge_panel,0.1666666666666666,equal_prior
2024-02-01,Продовольствие,8,catboost,0.1666666666666666,equal_prior
2024-02-01,Продовольствие,8,lightgbm,0.1666666666666666,equal_prior
2024-02-01,Продовольствие,8,chronos_seasonal,0.1666666666666666,equal_prior
2024-02-01,Продовольствие,9,seasonal_growth,0.1666666666666666,equal_prior
2024-02-01,Продовольствие,9,panel_shrink,0.1666666666666666,equal_prior
2024-02-01,Продовольствие,9,ridge_panel,0.1666666666666666,equal_prior
2024-02-01,Продовольствие,9,catboost,0.1666666666666666,equal_prior
2024-02-01,Продовольствие,9,lightgbm,0.1666666666666666,equal_prior
2024-02-01,Продовольствие,9,chronos_seasonal,0.1666666666666666,equal_prior
2024-02-01,Продовольствие,10,seasonal_growth,0.1666666666666666,equal_prior
2024-02-01,Продовольствие,10,panel_shrink,0.1666666666666666,equal_prior
2024-02-01,Продовольствие,10,ridge_panel,0.1666666666666666,equal_prior
2024-02-01,Продовольствие,10,catboost,0.1666666666666666,equal_prior
2024-02-01,Продовольствие,10,lightgbm,0.1666666666666666,equal_prior
2024-02-01,Продовольствие,10,chronos_seasonal,0.1666666666666666,equal_prior
2024-02-01,Продовольствие,11,seasonal_growth,0.1666666666666666,equal_prior
2024-02-01,Продовольствие,11,panel_shrink,0.1666666666666666,equal_prior
2024-02-01,Продовольствие,11,ridge_panel,0.1666666666666666,equal_prior
2024-02-01,Продовольствие,11,catboost,0.1666666666666666,equal_prior
2024-02-01,Продовольствие,11,lightgbm,0.1666666666666666,equal_prior
2024-02-01,Продовольствие,11,chronos_seasonal,0.1666666666666666,equal_prior
2024-02-01,Продовольствие,12,seasonal_growth,0.1666666666666666,equal_prior
2024-02-01,Продовольствие,12,panel_shrink,0.1666666666666666,equal_prior
2024-02-01,Продовольствие,12,ridge_panel,0.1666666666666666,equal_prior
2024-02-01,Продовольствие,12,catboost,0.1666666666666666,equal_prior
2024-02-01,Продовольствие,12,lightgbm,0.1666666666666666,equal_prior
2024-02-01,Продовольствие,12,chronos_seasonal,0.1666666666666666,equal_prior
2024-02-01,Транспорт,1,seasonal_growth,0.1666666666666666,equal_prior
2024-02-01,Транспорт,1,panel_shrink,0.1666666666666666,equal_prior
2024-02-01,Транспорт,1,ridge_panel,0.1666666666666666,equal_prior
2024-02-01,Транспорт,1,catboost,0.1666666666666666,equal_prior
2024-02-01,Транспорт,1,lightgbm,0.1666666666666666,equal_prior
2024-02-01,Транспорт,1,chronos_seasonal,0.1666666666666666,equal_prior
2024-02-01,Транспорт,2,seasonal_growth,0.1666666666666666,equal_prior
2024-02-01,Транспорт,2,panel_shrink,0.1666666666666666,equal_prior
2024-02-01,Транспорт,2,ridge_panel,0.1666666666666666,equal_prior
2024-02-01,Транспорт,2,catboost,0.1666666666666666,equal_prior
2024-02-01,Транспорт,2,lightgbm,0.1666666666666666,equal_prior
2024-02-01,Транспорт,2,chronos_seasonal,0.1666666666666666,equal_prior
2024-02-01,Транспорт,3,seasonal_growth,0.1666666666666666,equal_prior
2024-02-01,Транспорт,3,panel_shrink,0.1666666666666666,equal_prior
2024-02-01,Транспорт,3,ridge_panel,0.1666666666666666,equal_prior
2024-02-01,Транспорт,3,catboost,0.1666666666666666,equal_prior
2024-02-01,Транспорт,3,lightgbm,0.1666666666666666,equal_prior
2024-02-01,Транспорт,3,chronos_seasonal,0.1666666666666666,equal_prior
2024-02-01,Транспорт,4,seasonal_growth,0.1666666666666666,equal_prior
2024-02-01,Транспорт,4,panel_shrink,0.1666666666666666,equal_prior
2024-02-01,Транспорт,4,ridge_panel,0.1666666666666666,equal_prior
2024-02-01,Транспорт,4,catboost,0.1666666666666666,equal_prior
2024-02-01,Транспорт,4,lightgbm,0.1666666666666666,equal_prior
2024-02-01,Транспорт,4,chronos_seasonal,0.1666666666666666,equal_prior
2024-02-01,Транспорт,5,seasonal_growth,0.1666666666666666,equal_prior
2024-02-01,Транспорт,5,panel_shrink,0.1666666666666666,equal_prior
2024-02-01,Транспорт,5,ridge_panel,0.1666666666666666,equal_prior
2024-02-01,Транспорт,5,catboost,0.1666666666666666,equal_prior
2024-02-01,Транспорт,5,lightgbm,0.1666666666666666,equal_prior
2024-02-01,Транспорт,5,chronos_seasonal,0.1666666666666666,equal_prior
2024-02-01,Транспорт,6,seasonal_growth,0.1666666666666666,equal_prior
2024-02-01,Транспорт,6,panel_shrink,0.1666666666666666,equal_prior
2024-02-01,Транспорт,6,ridge_panel,0.1666666666666666,equal_prior
2024-02-01,Транспорт,6,catboost,0.1666666666666666,equal_prior
2024-02-01,Транспорт,6,lightgbm,0.1666666666666666,equal_prior
2024-02-01,Транспорт,6,chronos_seasonal,0.1666666666666666,equal_prior
2024-02-01,Транспорт,7,seasonal_growth,0.1666666666666666,equal_prior
2024-02-01,Транспорт,7,panel_shrink,0.1666666666666666,equal_prior
2024-02-01,Транспорт,7,ridge_panel,0.1666666666666666,equal_prior
2024-02-01,Транспорт,7,catboost,0.1666666666666666,equal_prior
2024-02-01,Транспорт,7,lightgbm,0.1666666666666666,equal_prior
2024-02-01,Транспорт,7,chronos_seasonal,0.1666666666666666,equal_prior
2024-02-01,Транспорт,8,seasonal_growth,0.1666666666666666,equal_prior
2024-02-01,Транспорт,8,panel_shrink,0.1666666666666666,equal_prior
2024-02-01,Транспорт,8,ridge_panel,0.1666666666666666,equal_prior
2024-02-01,Транспорт,8,catboost,0.1666666666666666,equal_prior
2024-02-01,Транспорт,8,lightgbm,0.1666666666666666,equal_prior
2024-02-01,Транспорт,8,chronos_seasonal,0.1666666666666666,equal_prior
2024-02-01,Транспорт,9,seasonal_growth,0.1666666666666666,equal_prior
2024-02-01,Транспорт,9,panel_shrink,0.1666666666666666,equal_prior
2024-02-01,Транспорт,9,ridge_panel,0.1666666666666666,equal_prior
2024-02-01,Транспорт,9,catboost,0.1666666666666666,equal_prior
2024-02-01,Транспорт,9,lightgbm,0.1666666666666666,equal_prior
2024-02-01,Транспорт,9,chronos_seasonal,0.1666666666666666,equal_prior
2024-02-01,Транспорт,10,seasonal_growth,0.1666666666666666,equal_prior
2024-02-01,Транспорт,10,panel_shrink,0.1666666666666666,equal_prior
2024-02-01,Транспорт,10,ridge_panel,0.1666666666666666,equal_prior
2024-02-01,Транспорт,10,catboost,0.1666666666666666,equal_prior
2024-02-01,Транспорт,10,lightgbm,0.1666666666666666,equal_prior
2024-02-01,Транспорт,10,chronos_seasonal,0.1666666666666666,equal_prior
2024-02-01,Транспорт,11,seasonal_growth,0.1666666666666666,equal_prior
2024-02-01,Транспорт,11,panel_shrink,0.1666666666666666,equal_prior
2024-02-01,Транспорт,11,ridge_panel,0.1666666666666666,equal_prior
2024-02-01,Транспорт,11,catboost,0.1666666666666666,equal_prior
2024-02-01,Транспорт,11,lightgbm,0.1666666666666666,equal_prior
2024-02-01,Транспорт,11,chronos_seasonal,0.1666666666666666,equal_prior
2024-02-01,Транспорт,12,seasonal_growth,0.1666666666666666,equal_prior
2024-02-01,Транспорт,12,panel_shrink,0.1666666666666666,equal_prior
2024-02-01,Транспорт,12,ridge_panel,0.1666666666666666,equal_prior
2024-02-01,Транспорт,12,catboost,0.1666666666666666,equal_prior
2024-02-01,Транспорт,12,lightgbm,0.1666666666666666,equal_prior
2024-02-01,Транспорт,12,chronos_seasonal,0.1666666666666666,equal_prior
2024-03-01,Все категории,1,seasonal_growth,0.2310978010633967,matured_paired_errors
2024-03-01,Все категории,1,panel_shrink,0.2167171243341262,matured_paired_errors
2024-03-01,Все категории,1,ridge_panel,0.2190278261968918,matured_paired_errors
2024-03-01,Все категории,1,catboost,0.0667322647366116,matured_paired_errors
2024-03-01,Все категории,1,lightgbm,0.0700230471030514,matured_paired_errors
2024-03-01,Все категории,1,chronos_seasonal,0.196401936565922,matured_paired_errors
2024-03-01,Все категории,2,seasonal_growth,0.1666666666666666,equal_prior
2024-03-01,Все категории,2,panel_shrink,0.1666666666666666,equal_prior
2024-03-01,Все категории,2,ridge_panel,0.1666666666666666,equal_prior
2024-03-01,Все категории,2,catboost,0.1666666666666666,equal_prior
2024-03-01,Все категории,2,lightgbm,0.1666666666666666,equal_prior
2024-03-01,Все категории,2,chronos_seasonal,0.1666666666666666,equal_prior
2024-03-01,Все категории,3,seasonal_growth,0.1666666666666666,equal_prior
2024-03-01,Все категории,3,panel_shrink,0.1666666666666666,equal_prior
2024-03-01,Все категории,3,ridge_panel,0.1666666666666666,equal_prior
2024-03-01,Все категории,3,catboost,0.1666666666666666,equal_prior
2024-03-01,Все категории,3,lightgbm,0.1666666666666666,equal_prior
2024-03-01,Все категории,3,chronos_seasonal,0.1666666666666666,equal_prior
2024-03-01,Все категории,4,seasonal_growth,0.1666666666666666,equal_prior
2024-03-01,Все категории,4,panel_shrink,0.1666666666666666,equal_prior
2024-03-01,Все категории,4,ridge_panel,0.1666666666666666,equal_prior
2024-03-01,Все категории,4,catboost,0.1666666666666666,equal_prior
2024-03-01,Все категории,4,lightgbm,0.1666666666666666,equal_prior
2024-03-01,Все категории,4,chronos_seasonal,0.1666666666666666,equal_prior
2024-03-01,Все категории,5,seasonal_growth,0.1666666666666666,equal_prior
2024-03-01,Все категории,5,panel_shrink,0.1666666666666666,equal_prior
2024-03-01,Все категории,5,ridge_panel,0.1666666666666666,equal_prior
2024-03-01,Все категории,5,catboost,0.1666666666666666,equal_prior
2024-03-01,Все категории,5,lightgbm,0.1666666666666666,equal_prior
2024-03-01,Все категории,5,chronos_seasonal,0.1666666666666666,equal_prior
2024-03-01,Все категории,6,seasonal_growth,0.1666666666666666,equal_prior
2024-03-01,Все категории,6,panel_shrink,0.1666666666666666,equal_prior
2024-03-01,Все категории,6,ridge_panel,0.1666666666666666,equal_prior
2024-03-01,Все категории,6,catboost,0.1666666666666666,equal_prior
2024-03-01,Все категории,6,lightgbm,0.1666666666666666,equal_prior
2024-03-01,Все категории,6,chronos_seasonal,0.1666666666666666,equal_prior
2024-03-01,Все категории,7,seasonal_growth,0.1666666666666666,equal_prior
2024-03-01,Все категории,7,panel_shrink,0.1666666666666666,equal_prior
2024-03-01,Все категории,7,ridge_panel,0.1666666666666666,equal_prior
2024-03-01,Все категории,7,catboost,0.1666666666666666,equal_prior
2024-03-01,Все категории,7,lightgbm,0.1666666666666666,equal_prior
2024-03-01,Все категории,7,chronos_seasonal,0.1666666666666666,equal_prior
2024-03-01,Все категории,8,seasonal_growth,0.1666666666666666,equal_prior
2024-03-01,Все категории,8,panel_shrink,0.1666666666666666,equal_prior
2024-03-01,Все категории,8,ridge_panel,0.1666666666666666,equal_prior
2024-03-01,Все категории,8,catboost,0.1666666666666666,equal_prior
2024-03-01,Все категории,8,lightgbm,0.1666666666666666,equal_prior
2024-03-01,Все категории,8,chronos_seasonal,0.1666666666666666,equal_prior
2024-03-01,Все категории,9,seasonal_growth,0.1666666666666666,equal_prior
2024-03-01,Все категории,9,panel_shrink,0.1666666666666666,equal_prior
2024-03-01,Все категории,9,ridge_panel,0.1666666666666666,equal_prior
2024-03-01,Все категории,9,catboost,0.1666666666666666,equal_prior
2024-03-01,Все категории,9,lightgbm,0.1666666666666666,equal_prior
2024-03-01,Все категории,9,chronos_seasonal,0.1666666666666666,equal_prior
2024-03-01,Все категории,10,seasonal_growth,0.1666666666666666,equal_prior
2024-03-01,Все категории,10,panel_shrink,0.1666666666666666,equal_prior
2024-03-01,Все категории,10,ridge_panel,0.1666666666666666,equal_prior
2024-03-01,Все категории,10,catboost,0.1666666666666666,equal_prior
2024-03-01,Все категории,10,lightgbm,0.1666666666666666,equal_prior
2024-03-01,Все категории,10,chronos_seasonal,0.1666666666666666,equal_prior
2024-03-01,Все категории,11,seasonal_growth,0.1666666666666666,equal_prior
2024-03-01,Все категории,11,panel_shrink,0.1666666666666666,equal_prior
2024-03-01,Все категории,11,ridge_panel,0.1666666666666666,equal_prior
2024-03-01,Все категории,11,catboost,0.1666666666666666,equal_prior
2024-03-01,Все категории,11,lightgbm,0.1666666666666666,equal_prior
2024-03-01,Все категории,11,chronos_seasonal,0.1666666666666666,equal_prior
2024-03-01,Все категории,12,seasonal_growth,0.1666666666666666,equal_prior
2024-03-01,Все категории,12,panel_shrink,0.1666666666666666,equal_prior
2024-03-01,Все категории,12,ridge_panel,0.1666666666666666,equal_prior
2024-03-01,Все категории,12,catboost,0.1666666666666666,equal_prior
2024-03-01,Все категории,12,lightgbm,0.1666666666666666,equal_prior
2024-03-01,Все категории,12,chronos_seasonal,0.1666666666666666,equal_prior
2024-03-01,Здоровье,1,seasonal_growth,0.1552659115629033,matured_paired_errors
2024-03-01,Здоровье,1,panel_shrink,0.1649286679282483,matured_paired_errors
2024-03-01,Здоровье,1,ridge_panel,0.1989801706546816,matured_paired_errors
2024-03-01,Здоровье,1,catboost,0.1617036759820939,matured_paired_errors
2024-03-01,Здоровье,1,lightgbm,0.1355669835784967,matured_paired_errors
2024-03-01,Здоровье,1,chronos_seasonal,0.183554590293576,matured_paired_errors
2024-03-01,Здоровье,2,seasonal_growth,0.1666666666666666,equal_prior
2024-03-01,Здоровье,2,panel_shrink,0.1666666666666666,equal_prior
2024-03-01,Здоровье,2,ridge_panel,0.1666666666666666,equal_prior
2024-03-01,Здоровье,2,catboost,0.1666666666666666,equal_prior
2024-03-01,Здоровье,2,lightgbm,0.1666666666666666,equal_prior
2024-03-01,Здоровье,2,chronos_seasonal,0.1666666666666666,equal_prior
2024-03-01,Здоровье,3,seasonal_growth,0.1666666666666666,equal_prior
2024-03-01,Здоровье,3,panel_shrink,0.1666666666666666,equal_prior
2024-03-01,Здоровье,3,ridge_panel,0.1666666666666666,equal_prior
2024-03-01,Здоровье,3,catboost,0.1666666666666666,equal_prior
2024-03-01,Здоровье,3,lightgbm,0.1666666666666666,equal_prior
2024-03-01,Здоровье,3,chronos_seasonal,0.1666666666666666,equal_prior
2024-03-01,Здоровье,4,seasonal_growth,0.1666666666666666,equal_prior
2024-03-01,Здоровье,4,panel_shrink,0.1666666666666666,equal_prior
2024-03-01,Здоровье,4,ridge_panel,0.1666666666666666,equal_prior
2024-03-01,Здоровье,4,catboost,0.1666666666666666,equal_prior
2024-03-01,Здоровье,4,lightgbm,0.1666666666666666,equal_prior
2024-03-01,Здоровье,4,chronos_seasonal,0.1666666666666666,equal_prior
2024-03-01,Здоровье,5,seasonal_growth,0.1666666666666666,equal_prior
2024-03-01,Здоровье,5,panel_shrink,0.1666666666666666,equal_prior
2024-03-01,Здоровье,5,ridge_panel,0.1666666666666666,equal_prior
2024-03-01,Здоровье,5,catboost,0.1666666666666666,equal_prior
2024-03-01,Здоровье,5,lightgbm,0.1666666666666666,equal_prior
2024-03-01,Здоровье,5,chronos_seasonal,0.1666666666666666,equal_prior
2024-03-01,Здоровье,6,seasonal_growth,0.1666666666666666,equal_prior
2024-03-01,Здоровье,6,panel_shrink,0.1666666666666666,equal_prior
2024-03-01,Здоровье,6,ridge_panel,0.1666666666666666,equal_prior
2024-03-01,Здоровье,6,catboost,0.1666666666666666,equal_prior
2024-03-01,Здоровье,6,lightgbm,0.1666666666666666,equal_prior
2024-03-01,Здоровье,6,chronos_seasonal,0.1666666666666666,equal_prior
2024-03-01,Здоровье,7,seasonal_growth,0.1666666666666666,equal_prior
2024-03-01,Здоровье,7,panel_shrink,0.1666666666666666,equal_prior
2024-03-01,Здоровье,7,ridge_panel,0.1666666666666666,equal_prior
2024-03-01,Здоровье,7,catboost,0.1666666666666666,equal_prior
2024-03-01,Здоровье,7,lightgbm,0.1666666666666666,equal_prior
2024-03-01,Здоровье,7,chronos_seasonal,0.1666666666666666,equal_prior
2024-03-01,Здоровье,8,seasonal_growth,0.1666666666666666,equal_prior
2024-03-01,Здоровье,8,panel_shrink,0.1666666666666666,equal_prior
2024-03-01,Здоровье,8,ridge_panel,0.1666666666666666,equal_prior
2024-03-01,Здоровье,8,catboost,0.1666666666666666,equal_prior
2024-03-01,Здоровье,8,lightgbm,0.1666666666666666,equal_prior
2024-03-01,Здоровье,8,chronos_seasonal,0.1666666666666666,equal_prior
2024-03-01,Здоровье,9,seasonal_growth,0.1666666666666666,equal_prior
2024-03-01,Здоровье,9,panel_shrink,0.1666666666666666,equal_prior
2024-03-01,Здоровье,9,ridge_panel,0.1666666666666666,equal_prior
2024-03-01,Здоровье,9,catboost,0.1666666666666666,equal_prior
2024-03-01,Здоровье,9,lightgbm,0.1666666666666666,equal_prior
2024-03-01,Здоровье,9,chronos_seasonal,0.1666666666666666,equal_prior
2024-03-01,Здоровье,10,seasonal_growth,0.1666666666666666,equal_prior
2024-03-01,Здоровье,10,panel_shrink,0.1666666666666666,equal_prior
2024-03-01,Здоровье,10,ridge_panel,0.1666666666666666,equal_prior
2024-03-01,Здоровье,10,catboost,0.1666666666666666,equal_prior
2024-03-01,Здоровье,10,lightgbm,0.1666666666666666,equal_prior
2024-03-01,Здоровье,10,chronos_seasonal,0.1666666666666666,equal_prior
2024-03-01,Здоровье,11,seasonal_growth,0.1666666666666666,equal_prior
2024-03-01,Здоровье,11,panel_shrink,0.1666666666666666,equal_prior
2024-03-01,Здоровье,11,ridge_panel,0.1666666666666666,equal_prior
2024-03-01,Здоровье,11,catboost,0.1666666666666666,equal_prior
2024-03-01,Здоровье,11,lightgbm,0.1666666666666666,equal_prior
2024-03-01,Здоровье,11,chronos_seasonal,0.1666666666666666,equal_prior
2024-03-01,Здоровье,12,seasonal_growth,0.1666666666666666,equal_prior
2024-03-01,Здоровье,12,panel_shrink,0.1666666666666666,equal_prior
2024-03-01,Здоровье,12,ridge_panel,0.1666666666666666,equal_prior
2024-03-01,Здоровье,12,catboost,0.1666666666666666,equal_prior
2024-03-01,Здоровье,12,lightgbm,0.1666666666666666,equal_prior
2024-03-01,Здоровье,12,chronos_seasonal,0.1666666666666666,equal_prior
2024-03-01,Маркетплейсы,1,seasonal_growth,0.1939739827771627,matured_paired_errors
2024-03-01,Маркетплейсы,1,panel_shrink,0.1676656804469374,matured_paired_errors
2024-03-01,Маркетплейсы,1,ridge_panel,0.2560753629169272,matured_paired_errors
2024-03-01,Маркетплейсы,1,catboost,0.1057280079020781,matured_paired_errors
2024-03-01,Маркетплейсы,1,lightgbm,0.0765985929967914,matured_paired_errors
2024-03-01,Маркетплейсы,1,chronos_seasonal,0.199958372960103,matured_paired_errors
2024-03-01,Маркетплейсы,2,seasonal_growth,0.1666666666666666,equal_prior
2024-03-01,Маркетплейсы,2,panel_shrink,0.1666666666666666,equal_prior
2024-03-01,Маркетплейсы,2,ridge_panel,0.1666666666666666,equal_prior
2024-03-01,Маркетплейсы,2,catboost,0.1666666666666666,equal_prior
2024-03-01,Маркетплейсы,2,lightgbm,0.1666666666666666,equal_prior
2024-03-01,Маркетплейсы,2,chronos_seasonal,0.1666666666666666,equal_prior
2024-03-01,Маркетплейсы,3,seasonal_growth,0.1666666666666666,equal_prior
2024-03-01,Маркетплейсы,3,panel_shrink,0.1666666666666666,equal_prior
2024-03-01,Маркетплейсы,3,ridge_panel,0.1666666666666666,equal_prior
2024-03-01,Маркетплейсы,3,catboost,0.1666666666666666,equal_prior
2024-03-01,Маркетплейсы,3,lightgbm,0.1666666666666666,equal_prior
2024-03-01,Маркетплейсы,3,chronos_seasonal,0.1666666666666666,equal_prior
2024-03-01,Маркетплейсы,4,seasonal_growth,0.1666666666666666,equal_prior
2024-03-01,Маркетплейсы,4,panel_shrink,0.1666666666666666,equal_prior
2024-03-01,Маркетплейсы,4,ridge_panel,0.1666666666666666,equal_prior
2024-03-01,Маркетплейсы,4,catboost,0.1666666666666666,equal_prior
2024-03-01,Маркетплейсы,4,lightgbm,0.1666666666666666,equal_prior
2024-03-01,Маркетплейсы,4,chronos_seasonal,0.1666666666666666,equal_prior
2024-03-01,Маркетплейсы,5,seasonal_growth,0.1666666666666666,equal_prior
2024-03-01,Маркетплейсы,5,panel_shrink,0.1666666666666666,equal_prior
2024-03-01,Маркетплейсы,5,ridge_panel,0.1666666666666666,equal_prior
2024-03-01,Маркетплейсы,5,catboost,0.1666666666666666,equal_prior
2024-03-01,Маркетплейсы,5,lightgbm,0.1666666666666666,equal_prior
2024-03-01,Маркетплейсы,5,chronos_seasonal,0.1666666666666666,equal_prior
2024-03-01,Маркетплейсы,6,seasonal_growth,0.1666666666666666,equal_prior
2024-03-01,Маркетплейсы,6,panel_shrink,0.1666666666666666,equal_prior
2024-03-01,Маркетплейсы,6,ridge_panel,0.1666666666666666,equal_prior
2024-03-01,Маркетплейсы,6,catboost,0.1666666666666666,equal_prior
2024-03-01,Маркетплейсы,6,lightgbm,0.1666666666666666,equal_prior
2024-03-01,Маркетплейсы,6,chronos_seasonal,0.1666666666666666,equal_prior
2024-03-01,Маркетплейсы,7,seasonal_growth,0.1666666666666666,equal_prior
2024-03-01,Маркетплейсы,7,panel_shrink,0.1666666666666666,equal_prior
2024-03-01,Маркетплейсы,7,ridge_panel,0.1666666666666666,equal_prior
2024-03-01,Маркетплейсы,7,catboost,0.1666666666666666,equal_prior
2024-03-01,Маркетплейсы,7,lightgbm,0.1666666666666666,equal_prior
2024-03-01,Маркетплейсы,7,chronos_seasonal,0.1666666666666666,equal_prior
2024-03-01,Маркетплейсы,8,seasonal_growth,0.1666666666666666,equal_prior
2024-03-01,Маркетплейсы,8,panel_shrink,0.1666666666666666,equal_prior
2024-03-01,Маркетплейсы,8,ridge_panel,0.1666666666666666,equal_prior
2024-03-01,Маркетплейсы,8,catboost,0.1666666666666666,equal_prior
2024-03-01,Маркетплейсы,8,lightgbm,0.1666666666666666,equal_prior
2024-03-01,Маркетплейсы,8,chronos_seasonal,0.1666666666666666,equal_prior
2024-03-01,Маркетплейсы,9,seasonal_growth,0.1666666666666666,equal_prior
2024-03-01,Маркетплейсы,9,panel_shrink,0.1666666666666666,equal_prior
2024-03-01,Маркетплейсы,9,ridge_panel,0.1666666666666666,equal_prior
2024-03-01,Маркетплейсы,9,catboost,0.1666666666666666,equal_prior
2024-03-01,Маркетплейсы,9,lightgbm,0.1666666666666666,equal_prior
2024-03-01,Маркетплейсы,9,chronos_seasonal,0.1666666666666666,equal_prior
2024-03-01,Маркетплейсы,10,seasonal_growth,0.1666666666666666,equal_prior
2024-03-01,Маркетплейсы,10,panel_shrink,0.1666666666666666,equal_prior
2024-03-01,Маркетплейсы,10,ridge_panel,0.1666666666666666,equal_prior
2024-03-01,Маркетплейсы,10,catboost,0.1666666666666666,equal_prior
2024-03-01,Маркетплейсы,10,lightgbm,0.1666666666666666,equal_prior
2024-03-01,Маркетплейсы,10,chronos_seasonal,0.1666666666666666,equal_prior
2024-03-01,Маркетплейсы,11,seasonal_growth,0.1666666666666666,equal_prior
2024-03-01,Маркетплейсы,11,panel_shrink,0.1666666666666666,equal_prior
2024-03-01,Маркетплейсы,11,ridge_panel,0.1666666666666666,equal_prior
2024-03-01,Маркетплейсы,11,catboost,0.1666666666666666,equal_prior
2024-03-01,Маркетплейсы,11,lightgbm,0.1666666666666666,equal_prior
2024-03-01,Маркетплейсы,11,chronos_seasonal,0.1666666666666666,equal_prior
2024-03-01,Маркетплейсы,12,seasonal_growth,0.1666666666666666,equal_prior
2024-03-01,Маркетплейсы,12,panel_shrink,0.1666666666666666,equal_prior
2024-03-01,Маркетплейсы,12,ridge_panel,0.1666666666666666,equal_prior
2024-03-01,Маркетплейсы,12,catboost,0.1666666666666666,equal_prior
2024-03-01,Маркетплейсы,12,lightgbm,0.1666666666666666,equal_prior
2024-03-01,Маркетплейсы,12,chronos_seasonal,0.1666666666666666,equal_prior
2024-03-01,Общественное питание,1,seasonal_growth,0.1854894321650151,matured_paired_errors
2024-03-01,Общественное питание,1,panel_shrink,0.1502012125555696,matured_paired_errors
2024-03-01,Общественное питание,1,ridge_panel,0.2183302249691219,matured_paired_errors
2024-03-01,Общественное питание,1,catboost,0.1368683323104489,matured_paired_errors
2024-03-01,Общественное питание,1,lightgbm,0.1883491894289392,matured_paired_errors
2024-03-01,Общественное питание,1,chronos_seasonal,0.120761608570905,matured_paired_errors
2024-03-01,Общественное питание,2,seasonal_growth,0.1666666666666666,equal_prior
2024-03-01,Общественное питание,2,panel_shrink,0.1666666666666666,equal_prior
2024-03-01,Общественное питание,2,ridge_panel,0.1666666666666666,equal_prior
2024-03-01,Общественное питание,2,catboost,0.1666666666666666,equal_prior
2024-03-01,Общественное питание,2,lightgbm,0.1666666666666666,equal_prior
2024-03-01,Общественное питание,2,chronos_seasonal,0.1666666666666666,equal_prior
2024-03-01,Общественное питание,3,seasonal_growth,0.1666666666666666,equal_prior
2024-03-01,Общественное питание,3,panel_shrink,0.1666666666666666,equal_prior
2024-03-01,Общественное питание,3,ridge_panel,0.1666666666666666,equal_prior
2024-03-01,Общественное питание,3,catboost,0.1666666666666666,equal_prior
2024-03-01,Общественное питание,3,lightgbm,0.1666666666666666,equal_prior
2024-03-01,Общественное питание,3,chronos_seasonal,0.1666666666666666,equal_prior
2024-03-01,Общественное питание,4,seasonal_growth,0.1666666666666666,equal_prior
2024-03-01,Общественное питание,4,panel_shrink,0.1666666666666666,equal_prior
2024-03-01,Общественное питание,4,ridge_panel,0.1666666666666666,equal_prior
2024-03-01,Общественное питание,4,catboost,0.1666666666666666,equal_prior
2024-03-01,Общественное питание,4,lightgbm,0.1666666666666666,equal_prior
2024-03-01,Общественное питание,4,chronos_seasonal,0.1666666666666666,equal_prior
2024-03-01,Общественное питание,5,seasonal_growth,0.1666666666666666,equal_prior
2024-03-01,Общественное питание,5,panel_shrink,0.1666666666666666,equal_prior
2024-03-01,Общественное питание,5,ridge_panel,0.1666666666666666,equal_prior
2024-03-01,Общественное питание,5,catboost,0.1666666666666666,equal_prior
2024-03-01,Общественное питание,5,lightgbm,0.1666666666666666,equal_prior
2024-03-01,Общественное питание,5,chronos_seasonal,0.1666666666666666,equal_prior
2024-03-01,Общественное питание,6,seasonal_growth,0.1666666666666666,equal_prior
2024-03-01,Общественное питание,6,panel_shrink,0.1666666666666666,equal_prior
2024-03-01,Общественное питание,6,ridge_panel,0.1666666666666666,equal_prior
2024-03-01,Общественное питание,6,catboost,0.1666666666666666,equal_prior
2024-03-01,Общественное питание,6,lightgbm,0.1666666666666666,equal_prior
2024-03-01,Общественное питание,6,chronos_seasonal,0.1666666666666666,equal_prior
2024-03-01,Общественное питание,7,seasonal_growth,0.1666666666666666,equal_prior
2024-03-01,Общественное питание,7,panel_shrink,0.1666666666666666,equal_prior
2024-03-01,Общественное питание,7,ridge_panel,0.1666666666666666,equal_prior
2024-03-01,Общественное питание,7,catboost,0.1666666666666666,equal_prior
2024-03-01,Общественное питание,7,lightgbm,0.1666666666666666,equal_prior
2024-03-01,Общественное питание,7,chronos_seasonal,0.1666666666666666,equal_prior
2024-03-01,Общественное питание,8,seasonal_growth,0.1666666666666666,equal_prior
2024-03-01,Общественное питание,8,panel_shrink,0.1666666666666666,equal_prior
2024-03-01,Общественное питание,8,ridge_panel,0.1666666666666666,equal_prior
2024-03-01,Общественное питание,8,catboost,0.1666666666666666,equal_prior
2024-03-01,Общественное питание,8,lightgbm,0.1666666666666666,equal_prior
2024-03-01,Общественное питание,8,chronos_seasonal,0.1666666666666666,equal_prior
2024-03-01,Общественное питание,9,seasonal_growth,0.1666666666666666,equal_prior
2024-03-01,Общественное питание,9,panel_shrink,0.1666666666666666,equal_prior
2024-03-01,Общественное питание,9,ridge_panel,0.1666666666666666,equal_prior
2024-03-01,Общественное питание,9,catboost,0.1666666666666666,equal_prior
2024-03-01,Общественное питание,9,lightgbm,0.1666666666666666,equal_prior
2024-03-01,Общественное питание,9,chronos_seasonal,0.1666666666666666,equal_prior
2024-03-01,Общественное питание,10,seasonal_growth,0.1666666666666666,equal_prior
2024-03-01,Общественное питание,10,panel_shrink,0.1666666666666666,equal_prior
2024-03-01,Общественное питание,10,ridge_panel,0.1666666666666666,equal_prior
2024-03-01,Общественное питание,10,catboost,0.1666666666666666,equal_prior
2024-03-01,Общественное питание,10,lightgbm,0.1666666666666666,equal_prior
2024-03-01,Общественное питание,10,chronos_seasonal,0.1666666666666666,equal_prior
2024-03-01,Общественное питание,11,seasonal_growth,0.1666666666666666,equal_prior
2024-03-01,Общественное питание,11,panel_shrink,0.1666666666666666,equal_prior
2024-03-01,Общественное питание,11,ridge_panel,0.1666666666666666,equal_prior
2024-03-01,Общественное питание,11,catboost,0.1666666666666666,equal_prior
2024-03-01,Общественное питание,11,lightgbm,0.1666666666666666,equal_prior
2024-03-01,Общественное питание,11,chronos_seasonal,0.1666666666666666,equal_prior
2024-03-01,Общественное питание,12,seasonal_growth,0.1666666666666666,equal_prior
2024-03-01,Общественное питание,12,panel_shrink,0.1666666666666666,equal_prior
2024-03-01,Общественное питание,12,ridge_panel,0.1666666666666666,equal_prior
2024-03-01,Общественное питание,12,catboost,0.1666666666666666,equal_prior
2024-03-01,Общественное питание,12,lightgbm,0.1666666666666666,equal_prior
2024-03-01,Общественное питание,12,chronos_seasonal,0.1666666666666666,equal_prior
2024-03-01,Продовольствие,1,seasonal_growth,0.2180943083827996,matured_paired_errors
2024-03-01,Продовольствие,1,panel_shrink,0.2322595105873361,matured_paired_errors
2024-03-01,Продовольствие,1,ridge_panel,0.2324478865558429,matured_paired_errors
2024-03-01,Продовольствие,1,catboost,0.0583212951269241,matured_paired_errors
2024-03-01,Продовольствие,1,lightgbm,0.072472197205894,matured_paired_errors
2024-03-01,Продовольствие,1,chronos_seasonal,0.186404802141203,matured_paired_errors
2024-03-01,Продовольствие,2,seasonal_growth,0.1666666666666666,equal_prior
2024-03-01,Продовольствие,2,panel_shrink,0.1666666666666666,equal_prior
2024-03-01,Продовольствие,2,ridge_panel,0.1666666666666666,equal_prior
2024-03-01,Продовольствие,2,catboost,0.1666666666666666,equal_prior
2024-03-01,Продовольствие,2,lightgbm,0.1666666666666666,equal_prior
2024-03-01,Продовольствие,2,chronos_seasonal,0.1666666666666666,equal_prior
2024-03-01,Продовольствие,3,seasonal_growth,0.1666666666666666,equal_prior
2024-03-01,Продовольствие,3,panel_shrink,0.1666666666666666,equal_prior
2024-03-01,Продовольствие,3,ridge_panel,0.1666666666666666,equal_prior
2024-03-01,Продовольствие,3,catboost,0.1666666666666666,equal_prior
2024-03-01,Продовольствие,3,lightgbm,0.1666666666666666,equal_prior
2024-03-01,Продовольствие,3,chronos_seasonal,0.1666666666666666,equal_prior
2024-03-01,Продовольствие,4,seasonal_growth,0.1666666666666666,equal_prior
2024-03-01,Продовольствие,4,panel_shrink,0.1666666666666666,equal_prior
2024-03-01,Продовольствие,4,ridge_panel,0.1666666666666666,equal_prior
2024-03-01,Продовольствие,4,catboost,0.1666666666666666,equal_prior
2024-03-01,Продовольствие,4,lightgbm,0.1666666666666666,equal_prior
2024-03-01,Продовольствие,4,chronos_seasonal,0.1666666666666666,equal_prior
2024-03-01,Продовольствие,5,seasonal_growth,0.1666666666666666,equal_prior
2024-03-01,Продовольствие,5,panel_shrink,0.1666666666666666,equal_prior
2024-03-01,Продовольствие,5,ridge_panel,0.1666666666666666,equal_prior
2024-03-01,Продовольствие,5,catboost,0.1666666666666666,equal_prior
2024-03-01,Продовольствие,5,lightgbm,0.1666666666666666,equal_prior
2024-03-01,Продовольствие,5,chronos_seasonal,0.1666666666666666,equal_prior
2024-03-01,Продовольствие,6,seasonal_growth,0.1666666666666666,equal_prior
2024-03-01,Продовольствие,6,panel_shrink,0.1666666666666666,equal_prior
2024-03-01,Продовольствие,6,ridge_panel,0.1666666666666666,equal_prior
2024-03-01,Продовольствие,6,catboost,0.1666666666666666,equal_prior
2024-03-01,Продовольствие,6,lightgbm,0.1666666666666666,equal_prior
2024-03-01,Продовольствие,6,chronos_seasonal,0.1666666666666666,equal_prior
2024-03-01,Продовольствие,7,seasonal_growth,0.1666666666666666,equal_prior
2024-03-01,Продовольствие,7,panel_shrink,0.1666666666666666,equal_prior
2024-03-01,Продовольствие,7,ridge_panel,0.1666666666666666,equal_prior
2024-03-01,Продовольствие,7,catboost,0.1666666666666666,equal_prior
2024-03-01,Продовольствие,7,lightgbm,0.1666666666666666,equal_prior
2024-03-01,Продовольствие,7,chronos_seasonal,0.1666666666666666,equal_prior
2024-03-01,Продовольствие,8,seasonal_growth,0.1666666666666666,equal_prior
2024-03-01,Продовольствие,8,panel_shrink,0.1666666666666666,equal_prior
2024-03-01,Продовольствие,8,ridge_panel,0.1666666666666666,equal_prior
2024-03-01,Продовольствие,8,catboost,0.1666666666666666,equal_prior
2024-03-01,Продовольствие,8,lightgbm,0.1666666666666666,equal_prior
2024-03-01,Продовольствие,8,chronos_seasonal,0.1666666666666666,equal_prior
2024-03-01,Продовольствие,9,seasonal_growth,0.1666666666666666,equal_prior
2024-03-01,Продовольствие,9,panel_shrink,0.1666666666666666,equal_prior
2024-03-01,Продовольствие,9,ridge_panel,0.1666666666666666,equal_prior
2024-03-01,Продовольствие,9,catboost,0.1666666666666666,equal_prior
2024-03-01,Продовольствие,9,lightgbm,0.1666666666666666,equal_prior
2024-03-01,Продовольствие,9,chronos_seasonal,0.1666666666666666,equal_prior
2024-03-01,Продовольствие,10,seasonal_growth,0.1666666666666666,equal_prior
2024-03-01,Продовольствие,10,panel_shrink,0.1666666666666666,equal_prior
2024-03-01,Продовольствие,10,ridge_panel,0.1666666666666666,equal_prior
2024-03-01,Продовольствие,10,catboost,0.1666666666666666,equal_prior
2024-03-01,Продовольствие,10,lightgbm,0.1666666666666666,equal_prior
2024-03-01,Продовольствие,10,chronos_seasonal,0.1666666666666666,equal_prior
2024-03-01,Продовольствие,11,seasonal_growth,0.1666666666666666,equal_prior
2024-03-01,Продовольствие,11,panel_shrink,0.1666666666666666,equal_prior
2024-03-01,Продовольствие,11,ridge_panel,0.1666666666666666,equal_prior
2024-03-01,Продовольствие,11,catboost,0.1666666666666666,equal_prior
2024-03-01,Продовольствие,11,lightgbm,0.1666666666666666,equal_prior
2024-03-01,Продовольствие,11,chronos_seasonal,0.1666666666666666,equal_prior
2024-03-01,Продовольствие,12,seasonal_growth,0.1666666666666666,equal_prior
2024-03-01,Продовольствие,12,panel_shrink,0.1666666666666666,equal_prior
2024-03-01,Продовольствие,12,ridge_panel,0.1666666666666666,equal_prior
2024-03-01,Продовольствие,12,catboost,0.1666666666666666,equal_prior
2024-03-01,Продовольствие,12,lightgbm,0.1666666666666666,equal_prior
2024-03-01,Продовольствие,12,chronos_seasonal,0.1666666666666666,equal_prior
2024-03-01,Транспорт,1,seasonal_growth,0.1658174188328294,matured_paired_errors
2024-03-01,Транспорт,1,panel_shrink,0.1656332419208459,matured_paired_errors
2024-03-01,Транспорт,1,ridge_panel,0.180333314755034,matured_paired_errors
2024-03-01,Транспорт,1,catboost,0.1711793183897982,matured_paired_errors
2024-03-01,Транспорт,1,lightgbm,0.1996989390605438,matured_paired_errors
2024-03-01,Транспорт,1,chronos_seasonal,0.1173377670409483,matured_paired_errors
2024-03-01,Транспорт,2,seasonal_growth,0.1666666666666666,equal_prior
2024-03-01,Транспорт,2,panel_shrink,0.1666666666666666,equal_prior
2024-03-01,Транспорт,2,ridge_panel,0.1666666666666666,equal_prior
2024-03-01,Транспорт,2,catboost,0.1666666666666666,equal_prior
2024-03-01,Транспорт,2,lightgbm,0.1666666666666666,equal_prior
2024-03-01,Транспорт,2,chronos_seasonal,0.1666666666666666,equal_prior
2024-03-01,Транспорт,3,seasonal_growth,0.1666666666666666,equal_prior
2024-03-01,Транспорт,3,panel_shrink,0.1666666666666666,equal_prior
2024-03-01,Транспорт,3,ridge_panel,0.1666666666666666,equal_prior
2024-03-01,Транспорт,3,catboost,0.1666666666666666,equal_prior
2024-03-01,Транспорт,3,lightgbm,0.1666666666666666,equal_prior
2024-03-01,Транспорт,3,chronos_seasonal,0.1666666666666666,equal_prior
2024-03-01,Транспорт,4,seasonal_growth,0.1666666666666666,equal_prior
2024-03-01,Транспорт,4,panel_shrink,0.1666666666666666,equal_prior
2024-03-01,Транспорт,4,ridge_panel,0.1666666666666666,equal_prior
2024-03-01,Транспорт,4,catboost,0.1666666666666666,equal_prior
2024-03-01,Транспорт,4,lightgbm,0.1666666666666666,equal_prior
2024-03-01,Транспорт,4,chronos_seasonal,0.1666666666666666,equal_prior
2024-03-01,Транспорт,5,seasonal_growth,0.1666666666666666,equal_prior
2024-03-01,Транспорт,5,panel_shrink,0.1666666666666666,equal_prior
2024-03-01,Транспорт,5,ridge_panel,0.1666666666666666,equal_prior
2024-03-01,Транспорт,5,catboost,0.1666666666666666,equal_prior
2024-03-01,Транспорт,5,lightgbm,0.1666666666666666,equal_prior
2024-03-01,Транспорт,5,chronos_seasonal,0.1666666666666666,equal_prior
2024-03-01,Транспорт,6,seasonal_growth,0.1666666666666666,equal_prior
2024-03-01,Транспорт,6,panel_shrink,0.1666666666666666,equal_prior
2024-03-01,Транспорт,6,ridge_panel,0.1666666666666666,equal_prior
2024-03-01,Транспорт,6,catboost,0.1666666666666666,equal_prior
2024-03-01,Транспорт,6,lightgbm,0.1666666666666666,equal_prior
2024-03-01,Транспорт,6,chronos_seasonal,0.1666666666666666,equal_prior
2024-03-01,Транспорт,7,seasonal_growth,0.1666666666666666,equal_prior
2024-03-01,Транспорт,7,panel_shrink,0.1666666666666666,equal_prior
2024-03-01,Транспорт,7,ridge_panel,0.1666666666666666,equal_prior
2024-03-01,Транспорт,7,catboost,0.1666666666666666,equal_prior
2024-03-01,Транспорт,7,lightgbm,0.1666666666666666,equal_prior
2024-03-01,Транспорт,7,chronos_seasonal,0.1666666666666666,equal_prior
2024-03-01,Транспорт,8,seasonal_growth,0.1666666666666666,equal_prior
2024-03-01,Транспорт,8,panel_shrink,0.1666666666666666,equal_prior
2024-03-01,Транспорт,8,ridge_panel,0.1666666666666666,equal_prior
2024-03-01,Транспорт,8,catboost,0.1666666666666666,equal_prior
2024-03-01,Транспорт,8,lightgbm,0.1666666666666666,equal_prior
2024-03-01,Транспорт,8,chronos_seasonal,0.1666666666666666,equal_prior
2024-03-01,Транспорт,9,seasonal_growth,0.1666666666666666,equal_prior
2024-03-01,Транспорт,9,panel_shrink,0.1666666666666666,equal_prior
2024-03-01,Транспорт,9,ridge_panel,0.1666666666666666,equal_prior
2024-03-01,Транспорт,9,catboost,0.1666666666666666,equal_prior
2024-03-01,Транспорт,9,lightgbm,0.1666666666666666,equal_prior
2024-03-01,Транспорт,9,chronos_seasonal,0.1666666666666666,equal_prior
2024-03-01,Транспорт,10,seasonal_growth,0.1666666666666666,equal_prior
2024-03-01,Транспорт,10,panel_shrink,0.1666666666666666,equal_prior
2024-03-01,Транспорт,10,ridge_panel,0.1666666666666666,equal_prior
2024-03-01,Транспорт,10,catboost,0.1666666666666666,equal_prior
2024-03-01,Транспорт,10,lightgbm,0.1666666666666666,equal_prior
2024-03-01,Транспорт,10,chronos_seasonal,0.1666666666666666,equal_prior
2024-03-01,Транспорт,11,seasonal_growth,0.1666666666666666,equal_prior
2024-03-01,Транспорт,11,panel_shrink,0.1666666666666666,equal_prior
2024-03-01,Транспорт,11,ridge_panel,0.1666666666666666,equal_prior
2024-03-01,Транспорт,11,catboost,0.1666666666666666,equal_prior
2024-03-01,Транспорт,11,lightgbm,0.1666666666666666,equal_prior
2024-03-01,Транспорт,11,chronos_seasonal,0.1666666666666666,equal_prior
2024-03-01,Транспорт,12,seasonal_growth,0.1666666666666666,equal_prior
2024-03-01,Транспорт,12,panel_shrink,0.1666666666666666,equal_prior
2024-03-01,Транспорт,12,ridge_panel,0.1666666666666666,equal_prior
2024-03-01,Транспорт,12,catboost,0.1666666666666666,equal_prior
2024-03-01,Транспорт,12,lightgbm,0.1666666666666666,equal_prior
2024-03-01,Транспорт,12,chronos_seasonal,0.1666666666666666,equal_prior
2024-04-01,Все категории,1,seasonal_growth,0.2131529425933228,matured_paired_errors
2024-04-01,Все категории,1,panel_shrink,0.207053243390973,matured_paired_errors
2024-04-01,Все категории,1,ridge_panel,0.1933550609528207,matured_paired_errors
2024-04-01,Все категории,1,catboost,0.0966047612285381,matured_paired_errors
2024-04-01,Все категории,1,lightgbm,0.098747679538609,matured_paired_errors
2024-04-01,Все категории,1,chronos_seasonal,0.1910863122957362,matured_paired_errors
2024-04-01,Все категории,2,seasonal_growth,0.2209990954288707,matured_paired_errors
2024-04-01,Все категории,2,panel_shrink,0.2181350827793038,matured_paired_errors
2024-04-01,Все категории,2,ridge_panel,0.2435036359049008,matured_paired_errors
2024-04-01,Все категории,2,catboost,0.0708745758184362,matured_paired_errors
2024-04-01,Все категории,2,lightgbm,0.0832116207037889,matured_paired_errors
2024-04-01,Все категории,2,chronos_seasonal,0.1632759893646994,matured_paired_errors
2024-04-01,Все категории,3,seasonal_growth,0.1666666666666666,equal_prior
2024-04-01,Все категории,3,panel_shrink,0.1666666666666666,equal_prior
2024-04-01,Все категории,3,ridge_panel,0.1666666666666666,equal_prior
2024-04-01,Все категории,3,catboost,0.1666666666666666,equal_prior
2024-04-01,Все категории,3,lightgbm,0.1666666666666666,equal_prior
2024-04-01,Все категории,3,chronos_seasonal,0.1666666666666666,equal_prior
2024-04-01,Все категории,4,seasonal_growth,0.1666666666666666,equal_prior
2024-04-01,Все категории,4,panel_shrink,0.1666666666666666,equal_prior
2024-04-01,Все категории,4,ridge_panel,0.1666666666666666,equal_prior
2024-04-01,Все категории,4,catboost,0.1666666666666666,equal_prior
2024-04-01,Все категории,4,lightgbm,0.1666666666666666,equal_prior
2024-04-01,Все категории,4,chronos_seasonal,0.1666666666666666,equal_prior
2024-04-01,Все категории,5,seasonal_growth,0.1666666666666666,equal_prior
2024-04-01,Все категории,5,panel_shrink,0.1666666666666666,equal_prior
2024-04-01,Все категории,5,ridge_panel,0.1666666666666666,equal_prior
2024-04-01,Все категории,5,catboost,0.1666666666666666,equal_prior
2024-04-01,Все категории,5,lightgbm,0.1666666666666666,equal_prior
2024-04-01,Все категории,5,chronos_seasonal,0.1666666666666666,equal_prior
2024-04-01,Все категории,6,seasonal_growth,0.1666666666666666,equal_prior
2024-04-01,Все категории,6,panel_shrink,0.1666666666666666,equal_prior
2024-04-01,Все категории,6,ridge_panel,0.1666666666666666,equal_prior
2024-04-01,Все категории,6,catboost,0.1666666666666666,equal_prior
2024-04-01,Все категории,6,lightgbm,0.1666666666666666,equal_prior
2024-04-01,Все категории,6,chronos_seasonal,0.1666666666666666,equal_prior
2024-04-01,Все категории,7,seasonal_growth,0.1666666666666666,equal_prior
2024-04-01,Все категории,7,panel_shrink,0.1666666666666666,equal_prior
2024-04-01,Все категории,7,ridge_panel,0.1666666666666666,equal_prior
2024-04-01,Все категории,7,catboost,0.1666666666666666,equal_prior
2024-04-01,Все категории,7,lightgbm,0.1666666666666666,equal_prior
2024-04-01,Все категории,7,chronos_seasonal,0.1666666666666666,equal_prior
2024-04-01,Все категории,8,seasonal_growth,0.1666666666666666,equal_prior
2024-04-01,Все категории,8,panel_shrink,0.1666666666666666,equal_prior
2024-04-01,Все категории,8,ridge_panel,0.1666666666666666,equal_prior
2024-04-01,Все категории,8,catboost,0.1666666666666666,equal_prior
2024-04-01,Все категории,8,lightgbm,0.1666666666666666,equal_prior
2024-04-01,Все категории,8,chronos_seasonal,0.1666666666666666,equal_prior
2024-04-01,Все категории,9,seasonal_growth,0.1666666666666666,equal_prior
2024-04-01,Все категории,9,panel_shrink,0.1666666666666666,equal_prior
2024-04-01,Все категории,9,ridge_panel,0.1666666666666666,equal_prior
2024-04-01,Все категории,9,catboost,0.1666666666666666,equal_prior
2024-04-01,Все категории,9,lightgbm,0.1666666666666666,equal_prior
2024-04-01,Все категории,9,chronos_seasonal,0.1666666666666666,equal_prior
2024-04-01,Все категории,10,seasonal_growth,0.1666666666666666,equal_prior
2024-04-01,Все категории,10,panel_shrink,0.1666666666666666,equal_prior
2024-04-01,Все категории,10,ridge_panel,0.1666666666666666,equal_prior
2024-04-01,Все категории,10,catboost,0.1666666666666666,equal_prior
2024-04-01,Все категории,10,lightgbm,0.1666666666666666,equal_prior
2024-04-01,Все категории,10,chronos_seasonal,0.1666666666666666,equal_prior
2024-04-01,Все категории,11,seasonal_growth,0.1666666666666666,equal_prior
2024-04-01,Все категории,11,panel_shrink,0.1666666666666666,equal_prior
2024-04-01,Все категории,11,ridge_panel,0.1666666666666666,equal_prior
2024-04-01,Все категории,11,catboost,0.1666666666666666,equal_prior
2024-04-01,Все категории,11,lightgbm,0.1666666666666666,equal_prior
2024-04-01,Все категории,11,chronos_seasonal,0.1666666666666666,equal_prior
2024-04-01,Все категории,12,seasonal_growth,0.1666666666666666,equal_prior
2024-04-01,Все категории,12,panel_shrink,0.1666666666666666,equal_prior
2024-04-01,Все категории,12,ridge_panel,0.1666666666666666,equal_prior
2024-04-01,Все категории,12,catboost,0.1666666666666666,equal_prior
2024-04-01,Все категории,12,lightgbm,0.1666666666666666,equal_prior
2024-04-01,Все категории,12,chronos_seasonal,0.1666666666666666,equal_prior
2024-04-01,Здоровье,1,seasonal_growth,0.153587149343603,matured_paired_errors
2024-04-01,Здоровье,1,panel_shrink,0.1619975557625548,matured_paired_errors
2024-04-01,Здоровье,1,ridge_panel,0.1745618286046276,matured_paired_errors
2024-04-01,Здоровье,1,catboost,0.192025657623355,matured_paired_errors
2024-04-01,Здоровье,1,lightgbm,0.1647198386846279,matured_paired_errors
2024-04-01,Здоровье,1,chronos_seasonal,0.1531079699812314,matured_paired_errors
2024-04-01,Здоровье,2,seasonal_growth,0.1590404642598051,matured_paired_errors
2024-04-01,Здоровье,2,panel_shrink,0.1638083786657566,matured_paired_errors
2024-04-01,Здоровье,2,ridge_panel,0.1864891299271583,matured_paired_errors
2024-04-01,Здоровье,2,catboost,0.1740618639686571,matured_paired_errors
2024-04-01,Здоровье,2,lightgbm,0.1522484271010214,matured_paired_errors
2024-04-01,Здоровье,2,chronos_seasonal,0.1643517360776012,matured_paired_errors
2024-04-01,Здоровье,3,seasonal_growth,0.1666666666666666,equal_prior
2024-04-01,Здоровье,3,panel_shrink,0.1666666666666666,equal_prior
2024-04-01,Здоровье,3,ridge_panel,0.1666666666666666,equal_prior
2024-04-01,Здоровье,3,catboost,0.1666666666666666,equal_prior
2024-04-01,Здоровье,3,lightgbm,0.1666666666666666,equal_prior
2024-04-01,Здоровье,3,chronos_seasonal,0.1666666666666666,equal_prior
2024-04-01,Здоровье,4,seasonal_growth,0.1666666666666666,equal_prior
2024-04-01,Здоровье,4,panel_shrink,0.1666666666666666,equal_prior
2024-04-01,Здоровье,4,ridge_panel,0.1666666666666666,equal_prior
2024-04-01,Здоровье,4,catboost,0.1666666666666666,equal_prior
2024-04-01,Здоровье,4,lightgbm,0.1666666666666666,equal_prior
2024-04-01,Здоровье,4,chronos_seasonal,0.1666666666666666,equal_prior
2024-04-01,Здоровье,5,seasonal_growth,0.1666666666666666,equal_prior
2024-04-01,Здоровье,5,panel_shrink,0.1666666666666666,equal_prior
2024-04-01,Здоровье,5,ridge_panel,0.1666666666666666,equal_prior
2024-04-01,Здоровье,5,catboost,0.1666666666666666,equal_prior
2024-04-01,Здоровье,5,lightgbm,0.1666666666666666,equal_prior
2024-04-01,Здоровье,5,chronos_seasonal,0.1666666666666666,equal_prior
2024-04-01,Здоровье,6,seasonal_growth,0.1666666666666666,equal_prior
2024-04-01,Здоровье,6,panel_shrink,0.1666666666666666,equal_prior
2024-04-01,Здоровье,6,ridge_panel,0.1666666666666666,equal_prior
2024-04-01,Здоровье,6,catboost,0.1666666666666666,equal_prior
2024-04-01,Здоровье,6,lightgbm,0.1666666666666666,equal_prior
2024-04-01,Здоровье,6,chronos_seasonal,0.1666666666666666,equal_prior
2024-04-01,Здоровье,7,seasonal_growth,0.1666666666666666,equal_prior
2024-04-01,Здоровье,7,panel_shrink,0.1666666666666666,equal_prior
2024-04-01,Здоровье,7,ridge_panel,0.1666666666666666,equal_prior
2024-04-01,Здоровье,7,catboost,0.1666666666666666,equal_prior
2024-04-01,Здоровье,7,lightgbm,0.1666666666666666,equal_prior
2024-04-01,Здоровье,7,chronos_seasonal,0.1666666666666666,equal_prior
2024-04-01,Здоровье,8,seasonal_growth,0.1666666666666666,equal_prior
2024-04-01,Здоровье,8,panel_shrink,0.1666666666666666,equal_prior
2024-04-01,Здоровье,8,ridge_panel,0.1666666666666666,equal_prior
2024-04-01,Здоровье,8,catboost,0.1666666666666666,equal_prior
2024-04-01,Здоровье,8,lightgbm,0.1666666666666666,equal_prior
2024-04-01,Здоровье,8,chronos_seasonal,0.1666666666666666,equal_prior
2024-04-01,Здоровье,9,seasonal_growth,0.1666666666666666,equal_prior
2024-04-01,Здоровье,9,panel_shrink,0.1666666666666666,equal_prior
2024-04-01,Здоровье,9,ridge_panel,0.1666666666666666,equal_prior
2024-04-01,Здоровье,9,catboost,0.1666666666666666,equal_prior
2024-04-01,Здоровье,9,lightgbm,0.1666666666666666,equal_prior
2024-04-01,Здоровье,9,chronos_seasonal,0.1666666666666666,equal_prior
2024-04-01,Здоровье,10,seasonal_growth,0.1666666666666666,equal_prior
2024-04-01,Здоровье,10,panel_shrink,0.1666666666666666,equal_prior
2024-04-01,Здоровье,10,ridge_panel,0.1666666666666666,equal_prior
2024-04-01,Здоровье,10,catboost,0.1666666666666666,equal_prior
2024-04-01,Здоровье,10,lightgbm,0.1666666666666666,equal_prior
2024-04-01,Здоровье,10,chronos_seasonal,0.1666666666666666,equal_prior
2024-04-01,Здоровье,11,seasonal_growth,0.1666666666666666,equal_prior
2024-04-01,Здоровье,11,panel_shrink,0.1666666666666666,equal_prior
2024-04-01,Здоровье,11,ridge_panel,0.1666666666666666,equal_prior
2024-04-01,Здоровье,11,catboost,0.1666666666666666,equal_prior
2024-04-01,Здоровье,11,lightgbm,0.1666666666666666,equal_prior
2024-04-01,Здоровье,11,chronos_seasonal,0.1666666666666666,equal_prior
2024-04-01,Здоровье,12,seasonal_growth,0.1666666666666666,equal_prior
2024-04-01,Здоровье,12,panel_shrink,0.1666666666666666,equal_prior
2024-04-01,Здоровье,12,ridge_panel,0.1666666666666666,equal_prior
2024-04-01,Здоровье,12,catboost,0.1666666666666666,equal_prior
2024-04-01,Здоровье,12,lightgbm,0.1666666666666666,equal_prior
2024-04-01,Здоровье,12,chronos_seasonal,0.1666666666666666,equal_prior
2024-04-01,Маркетплейсы,1,seasonal_growth,0.1902164540361723,matured_paired_errors
2024-04-01,Маркетплейсы,1,panel_shrink,0.1756467901443365,matured_paired_errors
2024-04-01,Маркетплейсы,1,ridge_panel,0.2395051241396755,matured_paired_errors
2024-04-01,Маркетплейсы,1,catboost,0.1281821062541465,matured_paired_errors
2024-04-01,Маркетплейсы,1,lightgbm,0.0962040708814663,matured_paired_errors
2024-04-01,Маркетплейсы,1,chronos_seasonal,0.1702454545442026,matured_paired_errors
2024-04-01,Маркетплейсы,2,seasonal_growth,0.2032746443781542,matured_paired_errors
2024-04-01,Маркетплейсы,2,panel_shrink,0.1746823125551573,matured_paired_errors
2024-04-01,Маркетплейсы,2,ridge_panel,0.2602124144593384,matured_paired_errors
2024-04-01,Маркетплейсы,2,catboost,0.1113497343349666,matured_paired_errors
2024-04-01,Маркетплейсы,2,lightgbm,0.0923965572672469,matured_paired_errors
2024-04-01,Маркетплейсы,2,chronos_seasonal,0.1580843370051364,matured_paired_errors
2024-04-01,Маркетплейсы,3,seasonal_growth,0.1666666666666666,equal_prior
2024-04-01,Маркетплейсы,3,panel_shrink,0.1666666666666666,equal_prior
2024-04-01,Маркетплейсы,3,ridge_panel,0.1666666666666666,equal_prior
2024-04-01,Маркетплейсы,3,catboost,0.1666666666666666,equal_prior
2024-04-01,Маркетплейсы,3,lightgbm,0.1666666666666666,equal_prior
2024-04-01,Маркетплейсы,3,chronos_seasonal,0.1666666666666666,equal_prior
2024-04-01,Маркетплейсы,4,seasonal_growth,0.1666666666666666,equal_prior
2024-04-01,Маркетплейсы,4,panel_shrink,0.1666666666666666,equal_prior
2024-04-01,Маркетплейсы,4,ridge_panel,0.1666666666666666,equal_prior
2024-04-01,Маркетплейсы,4,catboost,0.1666666666666666,equal_prior
2024-04-01,Маркетплейсы,4,lightgbm,0.1666666666666666,equal_prior
2024-04-01,Маркетплейсы,4,chronos_seasonal,0.1666666666666666,equal_prior
2024-04-01,Маркетплейсы,5,seasonal_growth,0.1666666666666666,equal_prior
2024-04-01,Маркетплейсы,5,panel_shrink,0.1666666666666666,equal_prior
2024-04-01,Маркетплейсы,5,ridge_panel,0.1666666666666666,equal_prior
2024-04-01,Маркетплейсы,5,catboost,0.1666666666666666,equal_prior
2024-04-01,Маркетплейсы,5,lightgbm,0.1666666666666666,equal_prior
2024-04-01,Маркетплейсы,5,chronos_seasonal,0.1666666666666666,equal_prior
2024-04-01,Маркетплейсы,6,seasonal_growth,0.1666666666666666,equal_prior
2024-04-01,Маркетплейсы,6,panel_shrink,0.1666666666666666,equal_prior
2024-04-01,Маркетплейсы,6,ridge_panel,0.1666666666666666,equal_prior
2024-04-01,Маркетплейсы,6,catboost,0.1666666666666666,equal_prior
2024-04-01,Маркетплейсы,6,lightgbm,0.1666666666666666,equal_prior
2024-04-01,Маркетплейсы,6,chronos_seasonal,0.1666666666666666,equal_prior
2024-04-01,Маркетплейсы,7,seasonal_growth,0.1666666666666666,equal_prior
2024-04-01,Маркетплейсы,7,panel_shrink,0.1666666666666666,equal_prior
2024-04-01,Маркетплейсы,7,ridge_panel,0.1666666666666666,equal_prior
2024-04-01,Маркетплейсы,7,catboost,0.1666666666666666,equal_prior
2024-04-01,Маркетплейсы,7,lightgbm,0.1666666666666666,equal_prior
2024-04-01,Маркетплейсы,7,chronos_seasonal,0.1666666666666666,equal_prior
2024-04-01,Маркетплейсы,8,seasonal_growth,0.1666666666666666,equal_prior
2024-04-01,Маркетплейсы,8,panel_shrink,0.1666666666666666,equal_prior
2024-04-01,Маркетплейсы,8,ridge_panel,0.1666666666666666,equal_prior
2024-04-01,Маркетплейсы,8,catboost,0.1666666666666666,equal_prior
2024-04-01,Маркетплейсы,8,lightgbm,0.1666666666666666,equal_prior
2024-04-01,Маркетплейсы,8,chronos_seasonal,0.1666666666666666,equal_prior
2024-04-01,Маркетплейсы,9,seasonal_growth,0.1666666666666666,equal_prior
2024-04-01,Маркетплейсы,9,panel_shrink,0.1666666666666666,equal_prior
2024-04-01,Маркетплейсы,9,ridge_panel,0.1666666666666666,equal_prior
2024-04-01,Маркетплейсы,9,catboost,0.1666666666666666,equal_prior
2024-04-01,Маркетплейсы,9,lightgbm,0.1666666666666666,equal_prior
2024-04-01,Маркетплейсы,9,chronos_seasonal,0.1666666666666666,equal_prior
2024-04-01,Маркетплейсы,10,seasonal_growth,0.1666666666666666,equal_prior
2024-04-01,Маркетплейсы,10,panel_shrink,0.1666666666666666,equal_prior
2024-04-01,Маркетплейсы,10,ridge_panel,0.1666666666666666,equal_prior
2024-04-01,Маркетплейсы,10,catboost,0.1666666666666666,equal_prior
2024-04-01,Маркетплейсы,10,lightgbm,0.1666666666666666,equal_prior
2024-04-01,Маркетплейсы,10,chronos_seasonal,0.1666666666666666,equal_prior
2024-04-01,Маркетплейсы,11,seasonal_growth,0.1666666666666666,equal_prior
2024-04-01,Маркетплейсы,11,panel_shrink,0.1666666666666666,equal_prior
2024-04-01,Маркетплейсы,11,ridge_panel,0.1666666666666666,equal_prior
2024-04-01,Маркетплейсы,11,catboost,0.1666666666666666,equal_prior
2024-04-01,Маркетплейсы,11,lightgbm,0.1666666666666666,equal_prior
2024-04-01,Маркетплейсы,11,chronos_seasonal,0.1666666666666666,equal_prior
2024-04-01,Маркетплейсы,12,seasonal_growth,0.1666666666666666,equal_prior
2024-04-01,Маркетплейсы,12,panel_shrink,0.1666666666666666,equal_prior
2024-04-01,Маркетплейсы,12,ridge_panel,0.1666666666666666,equal_prior
2024-04-01,Маркетплейсы,12,catboost,0.1666666666666666,equal_prior
2024-04-01,Маркетплейсы,12,lightgbm,0.1666666666666666,equal_prior
2024-04-01,Маркетплейсы,12,chronos_seasonal,0.1666666666666666,equal_prior
2024-04-01,Общественное питание,1,seasonal_growth,0.1832712161050387,matured_paired_errors
2024-04-01,Общественное питание,1,panel_shrink,0.1552785625187857,matured_paired_errors
2024-04-01,Общественное питание,1,ridge_panel,0.1738438376520211,matured_paired_errors
2024-04-01,Общественное питание,1,catboost,0.1670280537973431,matured_paired_errors
2024-04-01,Общественное питание,1,lightgbm,0.1993746801988788,matured_paired_errors
2024-04-01,Общественное питание,1,chronos_seasonal,0.1212036497279323,matured_paired_errors
2024-04-01,Общественное питание,2,seasonal_growth,0.2063304011203552,matured_paired_errors
2024-04-01,Общественное питание,2,panel_shrink,0.1579859979088587,matured_paired_errors
2024-04-01,Общественное питание,2,ridge_panel,0.1779345961991092,matured_paired_errors
2024-04-01,Общественное питание,2,catboost,0.1326092694965726,matured_paired_errors
2024-04-01,Общественное питание,2,lightgbm,0.1907218021242287,matured_paired_errors
2024-04-01,Общественное питание,2,chronos_seasonal,0.1344179331508753,matured_paired_errors
2024-04-01,Общественное питание,3,seasonal_growth,0.1666666666666666,equal_prior
2024-04-01,Общественное питание,3,panel_shrink,0.1666666666666666,equal_prior
2024-04-01,Общественное питание,3,ridge_panel,0.1666666666666666,equal_prior
2024-04-01,Общественное питание,3,catboost,0.1666666666666666,equal_prior
2024-04-01,Общественное питание,3,lightgbm,0.1666666666666666,equal_prior
2024-04-01,Общественное питание,3,chronos_seasonal,0.1666666666666666,equal_prior
2024-04-01,Общественное питание,4,seasonal_growth,0.1666666666666666,equal_prior
2024-04-01,Общественное питание,4,panel_shrink,0.1666666666666666,equal_prior
2024-04-01,Общественное питание,4,ridge_panel,0.1666666666666666,equal_prior
2024-04-01,Общественное питание,4,catboost,0.1666666666666666,equal_prior
2024-04-01,Общественное питание,4,lightgbm,0.1666666666666666,equal_prior
2024-04-01,Общественное питание,4,chronos_seasonal,0.1666666666666666,equal_prior
2024-04-01,Общественное питание,5,seasonal_growth,0.1666666666666666,equal_prior
2024-04-01,Общественное питание,5,panel_shrink,0.1666666666666666,equal_prior
2024-04-01,Общественное питание,5,ridge_panel,0.1666666666666666,equal_prior
2024-04-01,Общественное питание,5,catboost,0.1666666666666666,equal_prior
2024-04-01,Общественное питание,5,lightgbm,0.1666666666666666,equal_prior
2024-04-01,Общественное питание,5,chronos_seasonal,0.1666666666666666,equal_prior
2024-04-01,Общественное питание,6,seasonal_growth,0.1666666666666666,equal_prior
2024-04-01,Общественное питание,6,panel_shrink,0.1666666666666666,equal_prior
2024-04-01,Общественное питание,6,ridge_panel,0.1666666666666666,equal_prior
2024-04-01,Общественное питание,6,catboost,0.1666666666666666,equal_prior
2024-04-01,Общественное питание,6,lightgbm,0.1666666666666666,equal_prior
2024-04-01,Общественное питание,6,chronos_seasonal,0.1666666666666666,equal_prior
2024-04-01,Общественное питание,7,seasonal_growth,0.1666666666666666,equal_prior
2024-04-01,Общественное питание,7,panel_shrink,0.1666666666666666,equal_prior
2024-04-01,Общественное питание,7,ridge_panel,0.1666666666666666,equal_prior
2024-04-01,Общественное питание,7,catboost,0.1666666666666666,equal_prior
2024-04-01,Общественное питание,7,lightgbm,0.1666666666666666,equal_prior
2024-04-01,Общественное питание,7,chronos_seasonal,0.1666666666666666,equal_prior
2024-04-01,Общественное питание,8,seasonal_growth,0.1666666666666666,equal_prior
2024-04-01,Общественное питание,8,panel_shrink,0.1666666666666666,equal_prior
2024-04-01,Общественное питание,8,ridge_panel,0.1666666666666666,equal_prior
2024-04-01,Общественное питание,8,catboost,0.1666666666666666,equal_prior
2024-04-01,Общественное питание,8,lightgbm,0.1666666666666666,equal_prior
2024-04-01,Общественное питание,8,chronos_seasonal,0.1666666666666666,equal_prior
2024-04-01,Общественное питание,9,seasonal_growth,0.1666666666666666,equal_prior
2024-04-01,Общественное питание,9,panel_shrink,0.1666666666666666,equal_prior
2024-04-01,Общественное питание,9,ridge_panel,0.1666666666666666,equal_prior
2024-04-01,Общественное питание,9,catboost,0.1666666666666666,equal_prior
2024-04-01,Общественное питание,9,lightgbm,0.1666666666666666,equal_prior
2024-04-01,Общественное питание,9,chronos_seasonal,0.1666666666666666,equal_prior
2024-04-01,Общественное питание,10,seasonal_growth,0.1666666666666666,equal_prior
2024-04-01,Общественное питание,10,panel_shrink,0.1666666666666666,equal_prior
2024-04-01,Общественное питание,10,ridge_panel,0.1666666666666666,equal_prior
2024-04-01,Общественное питание,10,catboost,0.1666666666666666,equal_prior
2024-04-01,Общественное питание,10,lightgbm,0.1666666666666666,equal_prior
2024-04-01,Общественное питание,10,chronos_seasonal,0.1666666666666666,equal_prior
2024-04-01,Общественное питание,11,seasonal_growth,0.1666666666666666,equal_prior
2024-04-01,Общественное питание,11,panel_shrink,0.1666666666666666,equal_prior
2024-04-01,Общественное питание,11,ridge_panel,0.1666666666666666,equal_prior
2024-04-01,Общественное питание,11,catboost,0.1666666666666666,equal_prior
2024-04-01,Общественное питание,11,lightgbm,0.1666666666666666,equal_prior
2024-04-01,Общественное питание,11,chronos_seasonal,0.1666666666666666,equal_prior
2024-04-01,Общественное питание,12,seasonal_growth,0.1666666666666666,equal_prior
2024-04-01,Общественное питание,12,panel_shrink,0.1666666666666666,equal_prior
2024-04-01,Общественное питание,12,ridge_panel,0.1666666666666666,equal_prior
2024-04-01,Общественное питание,12,catboost,0.1666666666666666,equal_prior
2024-04-01,Общественное питание,12,lightgbm,0.1666666666666666,equal_prior
2024-04-01,Общественное питание,12,chronos_seasonal,0.1666666666666666,equal_prior
2024-04-01,Продовольствие,1,seasonal_growth,0.2095100114048968,matured_paired_errors
2024-04-01,Продовольствие,1,panel_shrink,0.231465410137409,matured_paired_errors
2024-04-01,Продовольствие,1,ridge_panel,0.2157841351534646,matured_paired_errors
2024-04-01,Продовольствие,1,catboost,0.0652972919022283,matured_paired_errors
2024-04-01,Продовольствие,1,lightgbm,0.080394527528494,matured_paired_errors
2024-04-01,Продовольствие,1,chronos_seasonal,0.1975486238735071,matured_paired_errors
2024-04-01,Продовольствие,2,seasonal_growth,0.220345504771481,matured_paired_errors
2024-04-01,Продовольствие,2,panel_shrink,0.2444903685208487,matured_paired_errors
2024-04-01,Продовольствие,2,ridge_panel,0.2419859051204614,matured_paired_errors
2024-04-01,Продовольствие,2,catboost,0.0580860389186482,matured_paired_errors
2024-04-01,Продовольствие,2,lightgbm,0.0681455287377496,matured_paired_errors
2024-04-01,Продовольствие,2,chronos_seasonal,0.1669466539308108,matured_paired_errors
2024-04-01,Продовольствие,3,seasonal_growth,0.1666666666666666,equal_prior
2024-04-01,Продовольствие,3,panel_shrink,0.1666666666666666,equal_prior
2024-04-01,Продовольствие,3,ridge_panel,0.1666666666666666,equal_prior
2024-04-01,Продовольствие,3,catboost,0.1666666666666666,equal_prior
2024-04-01,Продовольствие,3,lightgbm,0.1666666666666666,equal_prior
2024-04-01,Продовольствие,3,chronos_seasonal,0.1666666666666666,equal_prior
2024-04-01,Продовольствие,4,seasonal_growth,0.1666666666666666,equal_prior
2024-04-01,Продовольствие,4,panel_shrink,0.1666666666666666,equal_prior
2024-04-01,Продовольствие,4,ridge_panel,0.1666666666666666,equal_prior
2024-04-01,Продовольствие,4,catboost,0.1666666666666666,equal_prior
2024-04-01,Продовольствие,4,lightgbm,0.1666666666666666,equal_prior
2024-04-01,Продовольствие,4,chronos_seasonal,0.1666666666666666,equal_prior
2024-04-01,Продовольствие,5,seasonal_growth,0.1666666666666666,equal_prior
2024-04-01,Продовольствие,5,panel_shrink,0.1666666666666666,equal_prior
2024-04-01,Продовольствие,5,ridge_panel,0.1666666666666666,equal_prior
2024-04-01,Продовольствие,5,catboost,0.1666666666666666,equal_prior
2024-04-01,Продовольствие,5,lightgbm,0.1666666666666666,equal_prior
2024-04-01,Продовольствие,5,chronos_seasonal,0.1666666666666666,equal_prior
2024-04-01,Продовольствие,6,seasonal_growth,0.1666666666666666,equal_prior
2024-04-01,Продовольствие,6,panel_shrink,0.1666666666666666,equal_prior
2024-04-01,Продовольствие,6,ridge_panel,0.1666666666666666,equal_prior
2024-04-01,Продовольствие,6,catboost,0.1666666666666666,equal_prior
2024-04-01,Продовольствие,6,lightgbm,0.1666666666666666,equal_prior
2024-04-01,Продовольствие,6,chronos_seasonal,0.1666666666666666,equal_prior
2024-04-01,Продовольствие,7,seasonal_growth,0.1666666666666666,equal_prior
2024-04-01,Продовольствие,7,panel_shrink,0.1666666666666666,equal_prior
2024-04-01,Продовольствие,7,ridge_panel,0.1666666666666666,equal_prior
2024-04-01,Продовольствие,7,catboost,0.1666666666666666,equal_prior
2024-04-01,Продовольствие,7,lightgbm,0.1666666666666666,equal_prior
2024-04-01,Продовольствие,7,chronos_seasonal,0.1666666666666666,equal_prior
2024-04-01,Продовольствие,8,seasonal_growth,0.1666666666666666,equal_prior
2024-04-01,Продовольствие,8,panel_shrink,0.1666666666666666,equal_prior
2024-04-01,Продовольствие,8,ridge_panel,0.1666666666666666,equal_prior
2024-04-01,Продовольствие,8,catboost,0.1666666666666666,equal_prior
2024-04-01,Продовольствие,8,lightgbm,0.1666666666666666,equal_prior
2024-04-01,Продовольствие,8,chronos_seasonal,0.1666666666666666,equal_prior
2024-04-01,Продовольствие,9,seasonal_growth,0.1666666666666666,equal_prior
2024-04-01,Продовольствие,9,panel_shrink,0.1666666666666666,equal_prior
2024-04-01,Продовольствие,9,ridge_panel,0.1666666666666666,equal_prior
2024-04-01,Продовольствие,9,catboost,0.1666666666666666,equal_prior
2024-04-01,Продовольствие,9,lightgbm,0.1666666666666666,equal_prior
2024-04-01,Продовольствие,9,chronos_seasonal,0.1666666666666666,equal_prior
2024-04-01,Продовольствие,10,seasonal_growth,0.1666666666666666,equal_prior
2024-04-01,Продовольствие,10,panel_shrink,0.1666666666666666,equal_prior
2024-04-01,Продовольствие,10,ridge_panel,0.1666666666666666,equal_prior
2024-04-01,Продовольствие,10,catboost,0.1666666666666666,equal_prior
2024-04-01,Продовольствие,10,lightgbm,0.1666666666666666,equal_prior
2024-04-01,Продовольствие,10,chronos_seasonal,0.1666666666666666,equal_prior
2024-04-01,Продовольствие,11,seasonal_growth,0.1666666666666666,equal_prior
2024-04-01,Продовольствие,11,panel_shrink,0.1666666666666666,equal_prior
2024-04-01,Продовольствие,11,ridge_panel,0.1666666666666666,equal_prior
2024-04-01,Продовольствие,11,catboost,0.1666666666666666,equal_prior
2024-04-01,Продовольствие,11,lightgbm,0.1666666666666666,equal_prior
2024-04-01,Продовольствие,11,chronos_seasonal,0.1666666666666666,equal_prior
2024-04-01,Продовольствие,12,seasonal_growth,0.1666666666666666,equal_prior
2024-04-01,Продовольствие,12,panel_shrink,0.1666666666666666,equal_prior
2024-04-01,Продовольствие,12,ridge_panel,0.1666666666666666,equal_prior
2024-04-01,Продовольствие,12,catboost,0.1666666666666666,equal_prior
2024-04-01,Продовольствие,12,lightgbm,0.1666666666666666,equal_prior
2024-04-01,Продовольствие,12,chronos_seasonal,0.1666666666666666,equal_prior
2024-04-01,Транспорт,1,seasonal_growth,0.1570545241275817,matured_paired_errors
2024-04-01,Транспорт,1,panel_shrink,0.1590614872305886,matured_paired_errors
2024-04-01,Транспорт,1,ridge_panel,0.1542211153284954,matured_paired_errors
2024-04-01,Транспорт,1,catboost,0.1911482505347888,matured_paired_errors
2024-04-01,Транспорт,1,lightgbm,0.2160649302661,matured_paired_errors
2024-04-01,Транспорт,1,chronos_seasonal,0.1224496925124453,matured_paired_errors
2024-04-01,Транспорт,2,seasonal_growth,0.170663979110552,matured_paired_errors
2024-04-01,Транспорт,2,panel_shrink,0.1679175418859252,matured_paired_errors
2024-04-01,Транспорт,2,ridge_panel,0.1760249570183854,matured_paired_errors
2024-04-01,Транспорт,2,catboost,0.1554508270638769,matured_paired_errors
2024-04-01,Транспорт,2,lightgbm,0.2157122491500495,matured_paired_errors
2024-04-01,Транспорт,2,chronos_seasonal,0.1142304457712108,matured_paired_errors
2024-04-01,Транспорт,3,seasonal_growth,0.1666666666666666,equal_prior
2024-04-01,Транспорт,3,panel_shrink,0.1666666666666666,equal_prior
2024-04-01,Транспорт,3,ridge_panel,0.1666666666666666,equal_prior
2024-04-01,Транспорт,3,catboost,0.1666666666666666,equal_prior
2024-04-01,Транспорт,3,lightgbm,0.1666666666666666,equal_prior
2024-04-01,Транспорт,3,chronos_seasonal,0.1666666666666666,equal_prior
2024-04-01,Транспорт,4,seasonal_growth,0.1666666666666666,equal_prior
2024-04-01,Транспорт,4,panel_shrink,0.1666666666666666,equal_prior
2024-04-01,Транспорт,4,ridge_panel,0.1666666666666666,equal_prior
2024-04-01,Транспорт,4,catboost,0.1666666666666666,equal_prior
2024-04-01,Транспорт,4,lightgbm,0.1666666666666666,equal_prior
2024-04-01,Транспорт,4,chronos_seasonal,0.1666666666666666,equal_prior
2024-04-01,Транспорт,5,seasonal_growth,0.1666666666666666,equal_prior
2024-04-01,Транспорт,5,panel_shrink,0.1666666666666666,equal_prior
2024-04-01,Транспорт,5,ridge_panel,0.1666666666666666,equal_prior
2024-04-01,Транспорт,5,catboost,0.1666666666666666,equal_prior
2024-04-01,Транспорт,5,lightgbm,0.1666666666666666,equal_prior
2024-04-01,Транспорт,5,chronos_seasonal,0.1666666666666666,equal_prior
2024-04-01,Транспорт,6,seasonal_growth,0.1666666666666666,equal_prior
2024-04-01,Транспорт,6,panel_shrink,0.1666666666666666,equal_prior
2024-04-01,Транспорт,6,ridge_panel,0.1666666666666666,equal_prior
2024-04-01,Транспорт,6,catboost,0.1666666666666666,equal_prior
2024-04-01,Транспорт,6,lightgbm,0.1666666666666666,equal_prior
2024-04-01,Транспорт,6,chronos_seasonal,0.1666666666666666,equal_prior
2024-04-01,Транспорт,7,seasonal_growth,0.1666666666666666,equal_prior
2024-04-01,Транспорт,7,panel_shrink,0.1666666666666666,equal_prior
2024-04-01,Транспорт,7,ridge_panel,0.1666666666666666,equal_prior
2024-04-01,Транспорт,7,catboost,0.1666666666666666,equal_prior
2024-04-01,Транспорт,7,lightgbm,0.1666666666666666,equal_prior
2024-04-01,Транспорт,7,chronos_seasonal,0.1666666666666666,equal_prior
2024-04-01,Транспорт,8,seasonal_growth,0.1666666666666666,equal_prior
2024-04-01,Транспорт,8,panel_shrink,0.1666666666666666,equal_prior
2024-04-01,Транспорт,8,ridge_panel,0.1666666666666666,equal_prior
2024-04-01,Транспорт,8,catboost,0.1666666666666666,equal_prior
2024-04-01,Транспорт,8,lightgbm,0.1666666666666666,equal_prior
2024-04-01,Транспорт,8,chronos_seasonal,0.1666666666666666,equal_prior
2024-04-01,Транспорт,9,seasonal_growth,0.1666666666666666,equal_prior
2024-04-01,Транспорт,9,panel_shrink,0.1666666666666666,equal_prior
2024-04-01,Транспорт,9,ridge_panel,0.1666666666666666,equal_prior
2024-04-01,Транспорт,9,catboost,0.1666666666666666,equal_prior
2024-04-01,Транспорт,9,lightgbm,0.1666666666666666,equal_prior
2024-04-01,Транспорт,9,chronos_seasonal,0.1666666666666666,equal_prior
2024-04-01,Транспорт,10,seasonal_growth,0.1666666666666666,equal_prior
2024-04-01,Транспорт,10,panel_shrink,0.1666666666666666,equal_prior
2024-04-01,Транспорт,10,ridge_panel,0.1666666666666666,equal_prior
2024-04-01,Транспорт,10,catboost,0.1666666666666666,equal_prior
2024-04-01,Транспорт,10,lightgbm,0.1666666666666666,equal_prior
2024-04-01,Транспорт,10,chronos_seasonal,0.1666666666666666,equal_prior
2024-04-01,Транспорт,11,seasonal_growth,0.1666666666666666,equal_prior
2024-04-01,Транспорт,11,panel_shrink,0.1666666666666666,equal_prior
2024-04-01,Транспорт,11,ridge_panel,0.1666666666666666,equal_prior
2024-04-01,Транспорт,11,catboost,0.1666666666666666,equal_prior
2024-04-01,Транспорт,11,lightgbm,0.1666666666666666,equal_prior
2024-04-01,Транспорт,11,chronos_seasonal,0.1666666666666666,equal_prior
2024-04-01,Транспорт,12,seasonal_growth,0.1666666666666666,equal_prior
2024-04-01,Транспорт,12,panel_shrink,0.1666666666666666,equal_prior
2024-04-01,Транспорт,12,ridge_panel,0.1666666666666666,equal_prior
2024-04-01,Транспорт,12,catboost,0.1666666666666666,equal_prior
2024-04-01,Транспорт,12,lightgbm,0.1666666666666666,equal_prior
2024-04-01,Транспорт,12,chronos_seasonal,0.1666666666666666,equal_prior
2024-05-01,Все категории,1,seasonal_growth,0.1952012684275638,matured_paired_errors
2024-05-01,Все категории,1,panel_shrink,0.2078754006037405,matured_paired_errors
2024-05-01,Все категории,1,ridge_panel,0.1866519202527245,matured_paired_errors
2024-05-01,Все категории,1,catboost,0.1073907807179481,matured_paired_errors
2024-05-01,Все категории,1,lightgbm,0.1081087673972553,matured_paired_errors
2024-05-01,Все категории,1,chronos_seasonal,0.1947718626007675,matured_paired_errors
2024-05-01,Все категории,2,seasonal_growth,0.2146932533435017,matured_paired_errors
2024-05-01,Все категории,2,panel_shrink,0.2200431259847129,matured_paired_errors
2024-05-01,Все категории,2,ridge_panel,0.2180293404875939,matured_paired_errors
2024-05-01,Все категории,2,catboost,0.0832122954564661,matured_paired_errors
2024-05-01,Все категории,2,lightgbm,0.0981404988963967,matured_paired_errors
2024-05-01,Все категории,2,chronos_seasonal,0.1658814858313284,matured_paired_errors
2024-05-01,Все категории,3,seasonal_growth,0.2122820636611209,matured_paired_errors
2024-05-01,Все категории,3,panel_shrink,0.2100042440480891,matured_paired_errors
2024-05-01,Все категории,3,ridge_panel,0.2286555150901779,matured_paired_errors
2024-05-01,Все категории,3,catboost,0.0877139133420062,matured_paired_errors
2024-05-01,Все категории,3,lightgbm,0.1194734886301746,matured_paired_errors
2024-05-01,Все категории,3,chronos_seasonal,0.1418707752284311,matured_paired_errors
2024-05-01,Все категории,4,seasonal_growth,0.1666666666666666,equal_prior
2024-05-01,Все категории,4,panel_shrink,0.1666666666666666,equal_prior
2024-05-01,Все категории,4,ridge_panel,0.1666666666666666,equal_prior
2024-05-01,Все категории,4,catboost,0.1666666666666666,equal_prior
2024-05-01,Все категории,4,lightgbm,0.1666666666666666,equal_prior
2024-05-01,Все категории,4,chronos_seasonal,0.1666666666666666,equal_prior
2024-05-01,Все категории,5,seasonal_growth,0.1666666666666666,equal_prior
2024-05-01,Все категории,5,panel_shrink,0.1666666666666666,equal_prior
2024-05-01,Все категории,5,ridge_panel,0.1666666666666666,equal_prior
2024-05-01,Все категории,5,catboost,0.1666666666666666,equal_prior
2024-05-01,Все категории,5,lightgbm,0.1666666666666666,equal_prior
2024-05-01,Все категории,5,chronos_seasonal,0.1666666666666666,equal_prior
2024-05-01,Все категории,6,seasonal_growth,0.1666666666666666,equal_prior
2024-05-01,Все категории,6,panel_shrink,0.1666666666666666,equal_prior
2024-05-01,Все категории,6,ridge_panel,0.1666666666666666,equal_prior
2024-05-01,Все категории,6,catboost,0.1666666666666666,equal_prior
2024-05-01,Все категории,6,lightgbm,0.1666666666666666,equal_prior
2024-05-01,Все категории,6,chronos_seasonal,0.1666666666666666,equal_prior
2024-05-01,Все категории,7,seasonal_growth,0.1666666666666666,equal_prior
2024-05-01,Все категории,7,panel_shrink,0.1666666666666666,equal_prior
2024-05-01,Все категории,7,ridge_panel,0.1666666666666666,equal_prior
2024-05-01,Все категории,7,catboost,0.1666666666666666,equal_prior
2024-05-01,Все категории,7,lightgbm,0.1666666666666666,equal_prior
2024-05-01,Все категории,7,chronos_seasonal,0.1666666666666666,equal_prior
2024-05-01,Все категории,8,seasonal_growth,0.1666666666666666,equal_prior
2024-05-01,Все категории,8,panel_shrink,0.1666666666666666,equal_prior
2024-05-01,Все категории,8,ridge_panel,0.1666666666666666,equal_prior
2024-05-01,Все категории,8,catboost,0.1666666666666666,equal_prior
2024-05-01,Все категории,8,lightgbm,0.1666666666666666,equal_prior
2024-05-01,Все категории,8,chronos_seasonal,0.1666666666666666,equal_prior
2024-05-01,Все категории,9,seasonal_growth,0.1666666666666666,equal_prior
2024-05-01,Все категории,9,panel_shrink,0.1666666666666666,equal_prior
2024-05-01,Все категории,9,ridge_panel,0.1666666666666666,equal_prior
2024-05-01,Все категории,9,catboost,0.1666666666666666,equal_prior
2024-05-01,Все категории,9,lightgbm,0.1666666666666666,equal_prior
2024-05-01,Все категории,9,chronos_seasonal,0.1666666666666666,equal_prior
2024-05-01,Все категории,10,seasonal_growth,0.1666666666666666,equal_prior
2024-05-01,Все категории,10,panel_shrink,0.1666666666666666,equal_prior
2024-05-01,Все категории,10,ridge_panel,0.1666666666666666,equal_prior
2024-05-01,Все категории,10,catboost,0.1666666666666666,equal_prior
2024-05-01,Все категории,10,lightgbm,0.1666666666666666,equal_prior
2024-05-01,Все категории,10,chronos_seasonal,0.1666666666666666,equal_prior
2024-05-01,Все категории,11,seasonal_growth,0.1666666666666666,equal_prior
2024-05-01,Все категории,11,panel_shrink,0.1666666666666666,equal_prior
2024-05-01,Все категории,11,ridge_panel,0.1666666666666666,equal_prior
2024-05-01,Все категории,11,catboost,0.1666666666666666,equal_prior
2024-05-01,Все категории,11,lightgbm,0.1666666666666666,equal_prior
2024-05-01,Все категории,11,chronos_seasonal,0.1666666666666666,equal_prior
2024-05-01,Все категории,12,seasonal_growth,0.1666666666666666,equal_prior
2024-05-01,Все категории,12,panel_shrink,0.1666666666666666,equal_prior
2024-05-01,Все категории,12,ridge_panel,0.1666666666666666,equal_prior
2024-05-01,Все категории,12,catboost,0.1666666666666666,equal_prior
2024-05-01,Все категории,12,lightgbm,0.1666666666666666,equal_prior
2024-05-01,Все категории,12,chronos_seasonal,0.1666666666666666,equal_prior
2024-05-01,Здоровье,1,seasonal_growth,0.1538250667029934,matured_paired_errors
2024-05-01,Здоровье,1,panel_shrink,0.171201477054115,matured_paired_errors
2024-05-01,Здоровье,1,ridge_panel,0.1825432378504993,matured_paired_errors
2024-05-01,Здоровье,1,catboost,0.1726173682631849,matured_paired_errors
2024-05-01,Здоровье,1,lightgbm,0.1515038651618337,matured_paired_errors
2024-05-01,Здоровье,1,chronos_seasonal,0.1683089849673733,matured_paired_errors
2024-05-01,Здоровье,2,seasonal_growth,0.161680629989529,matured_paired_errors
2024-05-01,Здоровье,2,panel_shrink,0.1709367699678826,matured_paired_errors
2024-05-01,Здоровье,2,ridge_panel,0.1870486879617821,matured_paired_errors
2024-05-01,Здоровье,2,catboost,0.1691661247171134,matured_paired_errors
2024-05-01,Здоровье,2,lightgbm,0.1522392301928204,matured_paired_errors
2024-05-01,Здоровье,2,chronos_seasonal,0.1589285571708724,matured_paired_errors
2024-05-01,Здоровье,3,seasonal_growth,0.1670089669166277,matured_paired_errors
2024-05-01,Здоровье,3,panel_shrink,0.1694142989779957,matured_paired_errors
2024-05-01,Здоровье,3,ridge_panel,0.1727082936033752,matured_paired_errors
2024-05-01,Здоровье,3,catboost,0.178396491628143,matured_paired_errors
2024-05-01,Здоровье,3,lightgbm,0.1645330011032187,matured_paired_errors
2024-05-01,Здоровье,3,chronos_seasonal,0.1479389477706396,matured_paired_errors
2024-05-01,Здоровье,4,seasonal_growth,0.1666666666666666,equal_prior
2024-05-01,Здоровье,4,panel_shrink,0.1666666666666666,equal_prior
2024-05-01,Здоровье,4,ridge_panel,0.1666666666666666,equal_prior
2024-05-01,Здоровье,4,catboost,0.1666666666666666,equal_prior
2024-05-01,Здоровье,4,lightgbm,0.1666666666666666,equal_prior
2024-05-01,Здоровье,4,chronos_seasonal,0.1666666666666666,equal_prior
2024-05-01,Здоровье,5,seasonal_growth,0.1666666666666666,equal_prior
2024-05-01,Здоровье,5,panel_shrink,0.1666666666666666,equal_prior
2024-05-01,Здоровье,5,ridge_panel,0.1666666666666666,equal_prior
2024-05-01,Здоровье,5,catboost,0.1666666666666666,equal_prior
2024-05-01,Здоровье,5,lightgbm,0.1666666666666666,equal_prior
2024-05-01,Здоровье,5,chronos_seasonal,0.1666666666666666,equal_prior
2024-05-01,Здоровье,6,seasonal_growth,0.1666666666666666,equal_prior
2024-05-01,Здоровье,6,panel_shrink,0.1666666666666666,equal_prior
2024-05-01,Здоровье,6,ridge_panel,0.1666666666666666,equal_prior
2024-05-01,Здоровье,6,catboost,0.1666666666666666,equal_prior
2024-05-01,Здоровье,6,lightgbm,0.1666666666666666,equal_prior
2024-05-01,Здоровье,6,chronos_seasonal,0.1666666666666666,equal_prior
2024-05-01,Здоровье,7,seasonal_growth,0.1666666666666666,equal_prior
2024-05-01,Здоровье,7,panel_shrink,0.1666666666666666,equal_prior
2024-05-01,Здоровье,7,ridge_panel,0.1666666666666666,equal_prior
2024-05-01,Здоровье,7,catboost,0.1666666666666666,equal_prior
2024-05-01,Здоровье,7,lightgbm,0.1666666666666666,equal_prior
2024-05-01,Здоровье,7,chronos_seasonal,0.1666666666666666,equal_prior
2024-05-01,Здоровье,8,seasonal_growth,0.1666666666666666,equal_prior
2024-05-01,Здоровье,8,panel_shrink,0.1666666666666666,equal_prior
2024-05-01,Здоровье,8,ridge_panel,0.1666666666666666,equal_prior
2024-05-01,Здоровье,8,catboost,0.1666666666666666,equal_prior
2024-05-01,Здоровье,8,lightgbm,0.1666666666666666,equal_prior
2024-05-01,Здоровье,8,chronos_seasonal,0.1666666666666666,equal_prior
2024-05-01,Здоровье,9,seasonal_growth,0.1666666666666666,equal_prior
2024-05-01,Здоровье,9,panel_shrink,0.1666666666666666,equal_prior
2024-05-01,Здоровье,9,ridge_panel,0.1666666666666666,equal_prior
2024-05-01,Здоровье,9,catboost,0.1666666666666666,equal_prior
2024-05-01,Здоровье,9,lightgbm,0.1666666666666666,equal_prior
2024-05-01,Здоровье,9,chronos_seasonal,0.1666666666666666,equal_prior
2024-05-01,Здоровье,10,seasonal_growth,0.1666666666666666,equal_prior
2024-05-01,Здоровье,10,panel_shrink,0.1666666666666666,equal_prior
2024-05-01,Здоровье,10,ridge_panel,0.1666666666666666,equal_prior
2024-05-01,Здоровье,10,catboost,0.1666666666666666,equal_prior
2024-05-01,Здоровье,10,lightgbm,0.1666666666666666,equal_prior
2024-05-01,Здоровье,10,chronos_seasonal,0.1666666666666666,equal_prior
2024-05-01,Здоровье,11,seasonal_growth,0.1666666666666666,equal_prior
2024-05-01,Здоровье,11,panel_shrink,0.1666666666666666,equal_prior
2024-05-01,Здоровье,11,ridge_panel,0.1666666666666666,equal_prior
2024-05-01,Здоровье,11,catboost,0.1666666666666666,equal_prior
2024-05-01,Здоровье,11,lightgbm,0.1666666666666666,equal_prior
2024-05-01,Здоровье,11,chronos_seasonal,0.1666666666666666,equal_prior
2024-05-01,Здоровье,12,seasonal_growth,0.1666666666666666,equal_prior
2024-05-01,Здоровье,12,panel_shrink,0.1666666666666666,equal_prior
2024-05-01,Здоровье,12,ridge_panel,0.1666666666666666,equal_prior
2024-05-01,Здоровье,12,catboost,0.1666666666666666,equal_prior
2024-05-01,Здоровье,12,lightgbm,0.1666666666666666,equal_prior
2024-05-01,Здоровье,12,chronos_seasonal,0.1666666666666666,equal_prior
2024-05-01,Маркетплейсы,1,seasonal_growth,0.1832391247573911,matured_paired_errors
2024-05-01,Маркетплейсы,1,panel_shrink,0.1748307823816196,matured_paired_errors
2024-05-01,Маркетплейсы,1,ridge_panel,0.2422963591501655,matured_paired_errors
2024-05-01,Маркетплейсы,1,catboost,0.1263815499558991,matured_paired_errors
2024-05-01,Маркетплейсы,1,lightgbm,0.1017413921387797,matured_paired_errors
2024-05-01,Маркетплейсы,1,chronos_seasonal,0.1715107916161448,matured_paired_errors
2024-05-01,Маркетплейсы,2,seasonal_growth,0.2011591706715974,matured_paired_errors
2024-05-01,Маркетплейсы,2,panel_shrink,0.1824177996121128,matured_paired_errors
2024-05-01,Маркетплейсы,2,ridge_panel,0.2614794700247742,matured_paired_errors
2024-05-01,Маркетплейсы,2,catboost,0.1103002000955513,matured_paired_errors
2024-05-01,Маркетплейсы,2,lightgbm,0.096078825714177,matured_paired_errors
2024-05-01,Маркетплейсы,2,chronos_seasonal,0.1485645338817871,matured_paired_errors
2024-05-01,Маркетплейсы,3,seasonal_growth,0.199721387036753,matured_paired_errors
2024-05-01,Маркетплейсы,3,panel_shrink,0.1733037183182834,matured_paired_errors
2024-05-01,Маркетплейсы,3,ridge_panel,0.2704070829499379,matured_paired_errors
2024-05-01,Маркетплейсы,3,catboost,0.1182431820033595,matured_paired_errors
2024-05-01,Маркетплейсы,3,lightgbm,0.1096919567449701,matured_paired_errors
2024-05-01,Маркетплейсы,3,chronos_seasonal,0.1286326729466958,matured_paired_errors
2024-05-01,Маркетплейсы,4,seasonal_growth,0.1666666666666666,equal_prior
2024-05-01,Маркетплейсы,4,panel_shrink,0.1666666666666666,equal_prior
2024-05-01,Маркетплейсы,4,ridge_panel,0.1666666666666666,equal_prior
2024-05-01,Маркетплейсы,4,catboost,0.1666666666666666,equal_prior
2024-05-01,Маркетплейсы,4,lightgbm,0.1666666666666666,equal_prior
2024-05-01,Маркетплейсы,4,chronos_seasonal,0.1666666666666666,equal_prior
2024-05-01,Маркетплейсы,5,seasonal_growth,0.1666666666666666,equal_prior
2024-05-01,Маркетплейсы,5,panel_shrink,0.1666666666666666,equal_prior
2024-05-01,Маркетплейсы,5,ridge_panel,0.1666666666666666,equal_prior
2024-05-01,Маркетплейсы,5,catboost,0.1666666666666666,equal_prior
2024-05-01,Маркетплейсы,5,lightgbm,0.1666666666666666,equal_prior
2024-05-01,Маркетплейсы,5,chronos_seasonal,0.1666666666666666,equal_prior
2024-05-01,Маркетплейсы,6,seasonal_growth,0.1666666666666666,equal_prior
2024-05-01,Маркетплейсы,6,panel_shrink,0.1666666666666666,equal_prior
2024-05-01,Маркетплейсы,6,ridge_panel,0.1666666666666666,equal_prior
2024-05-01,Маркетплейсы,6,catboost,0.1666666666666666,equal_prior
2024-05-01,Маркетплейсы,6,lightgbm,0.1666666666666666,equal_prior
2024-05-01,Маркетплейсы,6,chronos_seasonal,0.1666666666666666,equal_prior
2024-05-01,Маркетплейсы,7,seasonal_growth,0.1666666666666666,equal_prior
2024-05-01,Маркетплейсы,7,panel_shrink,0.1666666666666666,equal_prior
2024-05-01,Маркетплейсы,7,ridge_panel,0.1666666666666666,equal_prior
2024-05-01,Маркетплейсы,7,catboost,0.1666666666666666,equal_prior
2024-05-01,Маркетплейсы,7,lightgbm,0.1666666666666666,equal_prior
2024-05-01,Маркетплейсы,7,chronos_seasonal,0.1666666666666666,equal_prior
2024-05-01,Маркетплейсы,8,seasonal_growth,0.1666666666666666,equal_prior
2024-05-01,Маркетплейсы,8,panel_shrink,0.1666666666666666,equal_prior
2024-05-01,Маркетплейсы,8,ridge_panel,0.1666666666666666,equal_prior
2024-05-01,Маркетплейсы,8,catboost,0.1666666666666666,equal_prior
2024-05-01,Маркетплейсы,8,lightgbm,0.1666666666666666,equal_prior
2024-05-01,Маркетплейсы,8,chronos_seasonal,0.1666666666666666,equal_prior
2024-05-01,Маркетплейсы,9,seasonal_growth,0.1666666666666666,equal_prior
2024-05-01,Маркетплейсы,9,panel_shrink,0.1666666666666666,equal_prior
2024-05-01,Маркетплейсы,9,ridge_panel,0.1666666666666666,equal_prior
2024-05-01,Маркетплейсы,9,catboost,0.1666666666666666,equal_prior
2024-05-01,Маркетплейсы,9,lightgbm,0.1666666666666666,equal_prior
2024-05-01,Маркетплейсы,9,chronos_seasonal,0.1666666666666666,equal_prior
2024-05-01,Маркетплейсы,10,seasonal_growth,0.1666666666666666,equal_prior
2024-05-01,Маркетплейсы,10,panel_shrink,0.1666666666666666,equal_prior
2024-05-01,Маркетплейсы,10,ridge_panel,0.1666666666666666,equal_prior
2024-05-01,Маркетплейсы,10,catboost,0.1666666666666666,equal_prior
2024-05-01,Маркетплейсы,10,lightgbm,0.1666666666666666,equal_prior
2024-05-01,Маркетплейсы,10,chronos_seasonal,0.1666666666666666,equal_prior
2024-05-01,Маркетплейсы,11,seasonal_growth,0.1666666666666666,equal_prior
2024-05-01,Маркетплейсы,11,panel_shrink,0.1666666666666666,equal_prior
2024-05-01,Маркетплейсы,11,ridge_panel,0.1666666666666666,equal_prior
2024-05-01,Маркетплейсы,11,catboost,0.1666666666666666,equal_prior
2024-05-01,Маркетплейсы,11,lightgbm,0.1666666666666666,equal_prior
2024-05-01,Маркетплейсы,11,chronos_seasonal,0.1666666666666666,equal_prior
2024-05-01,Маркетплейсы,12,seasonal_growth,0.1666666666666666,equal_prior
2024-05-01,Маркетплейсы,12,panel_shrink,0.1666666666666666,equal_prior
2024-05-01,Маркетплейсы,12,ridge_panel,0.1666666666666666,equal_prior
2024-05-01,Маркетплейсы,12,catboost,0.1666666666666666,equal_prior
2024-05-01,Маркетплейсы,12,lightgbm,0.1666666666666666,equal_prior
2024-05-01,Маркетплейсы,12,chronos_seasonal,0.1666666666666666,equal_prior
2024-05-01,Общественное питание,1,seasonal_growth,0.1734313374111954,matured_paired_errors
2024-05-01,Общественное питание,1,panel_shrink,0.1574797510773769,matured_paired_errors
2024-05-01,Общественное питание,1,ridge_panel,0.1504123589128039,matured_paired_errors
2024-05-01,Общественное питание,1,catboost,0.1768846731950099,matured_paired_errors
2024-05-01,Общественное питание,1,lightgbm,0.2057064201509937,matured_paired_errors
2024-05-01,Общественное питание,1,chronos_seasonal,0.1360854592526199,matured_paired_errors
2024-05-01,Общественное питание,2,seasonal_growth,0.1972365186520925,matured_paired_errors
2024-05-01,Общественное питание,2,panel_shrink,0.1627045211006093,matured_paired_errors
2024-05-01,Общественное питание,2,ridge_panel,0.1529272478709153,matured_paired_errors
2024-05-01,Общественное питание,2,catboost,0.1549906850855835,matured_paired_errors
2024-05-01,Общественное питание,2,lightgbm,0.2029593139109696,matured_paired_errors
2024-05-01,Общественное питание,2,chronos_seasonal,0.1291817133798297,matured_paired_errors
2024-05-01,Общественное питание,3,seasonal_growth,0.2129140245929559,matured_paired_errors
2024-05-01,Общественное питание,3,panel_shrink,0.162142619823639,matured_paired_errors
2024-05-01,Общественное питание,3,ridge_panel,0.1487101476919116,matured_paired_errors
2024-05-01,Общественное питание,3,catboost,0.1466735649888179,matured_paired_errors
2024-05-01,Общественное питание,3,lightgbm,0.1917161879843016,matured_paired_errors
2024-05-01,Общественное питание,3,chronos_seasonal,0.1378434549183738,matured_paired_errors
2024-05-01,Общественное питание,4,seasonal_growth,0.1666666666666666,equal_prior
2024-05-01,Общественное питание,4,panel_shrink,0.1666666666666666,equal_prior
2024-05-01,Общественное питание,4,ridge_panel,0.1666666666666666,equal_prior
2024-05-01,Общественное питание,4,catboost,0.1666666666666666,equal_prior
2024-05-01,Общественное питание,4,lightgbm,0.1666666666666666,equal_prior
2024-05-01,Общественное питание,4,chronos_seasonal,0.1666666666666666,equal_prior
2024-05-01,Общественное питание,5,seasonal_growth,0.1666666666666666,equal_prior
2024-05-01,Общественное питание,5,panel_shrink,0.1666666666666666,equal_prior
2024-05-01,Общественное питание,5,ridge_panel,0.1666666666666666,equal_prior
2024-05-01,Общественное питание,5,catboost,0.1666666666666666,equal_prior
2024-05-01,Общественное питание,5,lightgbm,0.1666666666666666,equal_prior
2024-05-01,Общественное питание,5,chronos_seasonal,0.1666666666666666,equal_prior
2024-05-01,Общественное питание,6,seasonal_growth,0.1666666666666666,equal_prior
2024-05-01,Общественное питание,6,panel_shrink,0.1666666666666666,equal_prior
2024-05-01,Общественное питание,6,ridge_panel,0.1666666666666666,equal_prior
2024-05-01,Общественное питание,6,catboost,0.1666666666666666,equal_prior
2024-05-01,Общественное питание,6,lightgbm,0.1666666666666666,equal_prior
2024-05-01,Общественное питание,6,chronos_seasonal,0.1666666666666666,equal_prior
2024-05-01,Общественное питание,7,seasonal_growth,0.1666666666666666,equal_prior
2024-05-01,Общественное питание,7,panel_shrink,0.1666666666666666,equal_prior
2024-05-01,Общественное питание,7,ridge_panel,0.1666666666666666,equal_prior
2024-05-01,Общественное питание,7,catboost,0.1666666666666666,equal_prior
2024-05-01,Общественное питание,7,lightgbm,0.1666666666666666,equal_prior
2024-05-01,Общественное питание,7,chronos_seasonal,0.1666666666666666,equal_prior
2024-05-01,Общественное питание,8,seasonal_growth,0.1666666666666666,equal_prior
2024-05-01,Общественное питание,8,panel_shrink,0.1666666666666666,equal_prior
2024-05-01,Общественное питание,8,ridge_panel,0.1666666666666666,equal_prior
2024-05-01,Общественное питание,8,catboost,0.1666666666666666,equal_prior
2024-05-01,Общественное питание,8,lightgbm,0.1666666666666666,equal_prior
2024-05-01,Общественное питание,8,chronos_seasonal,0.1666666666666666,equal_prior
2024-05-01,Общественное питание,9,seasonal_growth,0.1666666666666666,equal_prior
2024-05-01,Общественное питание,9,panel_shrink,0.1666666666666666,equal_prior
2024-05-01,Общественное питание,9,ridge_panel,0.1666666666666666,equal_prior
2024-05-01,Общественное питание,9,catboost,0.1666666666666666,equal_prior
2024-05-01,Общественное питание,9,lightgbm,0.1666666666666666,equal_prior
2024-05-01,Общественное питание,9,chronos_seasonal,0.1666666666666666,equal_prior
2024-05-01,Общественное питание,10,seasonal_growth,0.1666666666666666,equal_prior
2024-05-01,Общественное питание,10,panel_shrink,0.1666666666666666,equal_prior
2024-05-01,Общественное питание,10,ridge_panel,0.1666666666666666,equal_prior
2024-05-01,Общественное питание,10,catboost,0.1666666666666666,equal_prior
2024-05-01,Общественное питание,10,lightgbm,0.1666666666666666,equal_prior
2024-05-01,Общественное питание,10,chronos_seasonal,0.1666666666666666,equal_prior
2024-05-01,Общественное питание,11,seasonal_growth,0.1666666666666666,equal_prior
2024-05-01,Общественное питание,11,panel_shrink,0.1666666666666666,equal_prior
2024-05-01,Общественное питание,11,ridge_panel,0.1666666666666666,equal_prior
2024-05-01,Общественное питание,11,catboost,0.1666666666666666,equal_prior
2024-05-01,Общественное питание,11,lightgbm,0.1666666666666666,equal_prior
2024-05-01,Общественное питание,11,chronos_seasonal,0.1666666666666666,equal_prior
2024-05-01,Общественное питание,12,seasonal_growth,0.1666666666666666,equal_prior
2024-05-01,Общественное питание,12,panel_shrink,0.1666666666666666,equal_prior
2024-05-01,Общественное питание,12,ridge_panel,0.1666666666666666,equal_prior
2024-05-01,Общественное питание,12,catboost,0.1666666666666666,equal_prior
2024-05-01,Общественное питание,12,lightgbm,0.1666666666666666,equal_prior
2024-05-01,Общественное питание,12,chronos_seasonal,0.1666666666666666,equal_prior
2024-05-01,Продовольствие,1,seasonal_growth,0.2000495901052049,matured_paired_errors
2024-05-01,Продовольствие,1,panel_shrink,0.226816812041716,matured_paired_errors
2024-05-01,Продовольствие,1,ridge_panel,0.1999908530450377,matured_paired_errors
2024-05-01,Продовольствие,1,catboost,0.0756321156434491,matured_paired_errors
2024-05-01,Продовольствие,1,lightgbm,0.0941808054166822,matured_paired_errors
2024-05-01,Продовольствие,1,chronos_seasonal,0.2033298237479099,matured_paired_errors
2024-05-01,Продовольствие,2,seasonal_growth,0.2180817349440797,matured_paired_errors
2024-05-01,Продовольствие,2,panel_shrink,0.2425794778152924,matured_paired_errors
2024-05-01,Продовольствие,2,ridge_panel,0.2167786901771348,matured_paired_errors
2024-05-01,Продовольствие,2,catboost,0.0677369165748938,matured_paired_errors
2024-05-01,Продовольствие,2,lightgbm,0.0836041365389111,matured_paired_errors
2024-05-01,Продовольствие,2,chronos_seasonal,0.1712190439496879,matured_paired_errors
2024-05-01,Продовольствие,3,seasonal_growth,0.2317376560213928,matured_paired_errors
2024-05-01,Продовольствие,3,panel_shrink,0.247290227732055,matured_paired_errors
2024-05-01,Продовольствие,3,ridge_panel,0.2226141926545574,matured_paired_errors
2024-05-01,Продовольствие,3,catboost,0.0620217963176686,matured_paired_errors
2024-05-01,Продовольствие,3,lightgbm,0.0793369190347106,matured_paired_errors
2024-05-01,Продовольствие,3,chronos_seasonal,0.1569992082396153,matured_paired_errors
2024-05-01,Продовольствие,4,seasonal_growth,0.1666666666666666,equal_prior
2024-05-01,Продовольствие,4,panel_shrink,0.1666666666666666,equal_prior
2024-05-01,Продовольствие,4,ridge_panel,0.1666666666666666,equal_prior
2024-05-01,Продовольствие,4,catboost,0.1666666666666666,equal_prior
2024-05-01,Продовольствие,4,lightgbm,0.1666666666666666,equal_prior
2024-05-01,Продовольствие,4,chronos_seasonal,0.1666666666666666,equal_prior
2024-05-01,Продовольствие,5,seasonal_growth,0.1666666666666666,equal_prior
2024-05-01,Продовольствие,5,panel_shrink,0.1666666666666666,equal_prior
2024-05-01,Продовольствие,5,ridge_panel,0.1666666666666666,equal_prior
2024-05-01,Продовольствие,5,catboost,0.1666666666666666,equal_prior
2024-05-01,Продовольствие,5,lightgbm,0.1666666666666666,equal_prior
2024-05-01,Продовольствие,5,chronos_seasonal,0.1666666666666666,equal_prior
2024-05-01,Продовольствие,6,seasonal_growth,0.1666666666666666,equal_prior
2024-05-01,Продовольствие,6,panel_shrink,0.1666666666666666,equal_prior
2024-05-01,Продовольствие,6,ridge_panel,0.1666666666666666,equal_prior
2024-05-01,Продовольствие,6,catboost,0.1666666666666666,equal_prior
2024-05-01,Продовольствие,6,lightgbm,0.1666666666666666,equal_prior
2024-05-01,Продовольствие,6,chronos_seasonal,0.1666666666666666,equal_prior
2024-05-01,Продовольствие,7,seasonal_growth,0.1666666666666666,equal_prior
2024-05-01,Продовольствие,7,panel_shrink,0.1666666666666666,equal_prior
2024-05-01,Продовольствие,7,ridge_panel,0.1666666666666666,equal_prior
2024-05-01,Продовольствие,7,catboost,0.1666666666666666,equal_prior
2024-05-01,Продовольствие,7,lightgbm,0.1666666666666666,equal_prior
2024-05-01,Продовольствие,7,chronos_seasonal,0.1666666666666666,equal_prior
2024-05-01,Продовольствие,8,seasonal_growth,0.1666666666666666,equal_prior
2024-05-01,Продовольствие,8,panel_shrink,0.1666666666666666,equal_prior
2024-05-01,Продовольствие,8,ridge_panel,0.1666666666666666,equal_prior
2024-05-01,Продовольствие,8,catboost,0.1666666666666666,equal_prior
2024-05-01,Продовольствие,8,lightgbm,0.1666666666666666,equal_prior
2024-05-01,Продовольствие,8,chronos_seasonal,0.1666666666666666,equal_prior
2024-05-01,Продовольствие,9,seasonal_growth,0.1666666666666666,equal_prior
2024-05-01,Продовольствие,9,panel_shrink,0.1666666666666666,equal_prior
2024-05-01,Продовольствие,9,ridge_panel,0.1666666666666666,equal_prior
2024-05-01,Продовольствие,9,catboost,0.1666666666666666,equal_prior
2024-05-01,Продовольствие,9,lightgbm,0.1666666666666666,equal_prior
2024-05-01,Продовольствие,9,chronos_seasonal,0.1666666666666666,equal_prior
2024-05-01,Продовольствие,10,seasonal_growth,0.1666666666666666,equal_prior
2024-05-01,Продовольствие,10,panel_shrink,0.1666666666666666,equal_prior
2024-05-01,Продовольствие,10,ridge_panel,0.1666666666666666,equal_prior
2024-05-01,Продовольствие,10,catboost,0.1666666666666666,equal_prior
2024-05-01,Продовольствие,10,lightgbm,0.1666666666666666,equal_prior
2024-05-01,Продовольствие,10,chronos_seasonal,0.1666666666666666,equal_prior
2024-05-01,Продовольствие,11,seasonal_growth,0.1666666666666666,equal_prior
2024-05-01,Продовольствие,11,panel_shrink,0.1666666666666666,equal_prior
2024-05-01,Продовольствие,11,ridge_panel,0.1666666666666666,equal_prior
2024-05-01,Продовольствие,11,catboost,0.1666666666666666,equal_prior
2024-05-01,Продовольствие,11,lightgbm,0.1666666666666666,equal_prior
2024-05-01,Продовольствие,11,chronos_seasonal,0.1666666666666666,equal_prior
2024-05-01,Продовольствие,12,seasonal_growth,0.1666666666666666,equal_prior
2024-05-01,Продовольствие,12,panel_shrink,0.1666666666666666,equal_prior
2024-05-01,Продовольствие,12,ridge_panel,0.1666666666666666,equal_prior
2024-05-01,Продовольствие,12,catboost,0.1666666666666666,equal_prior
2024-05-01,Продовольствие,12,lightgbm,0.1666666666666666,equal_prior
2024-05-01,Продовольствие,12,chronos_seasonal,0.1666666666666666,equal_prior
2024-05-01,Транспорт,1,seasonal_growth,0.1493775973503503,matured_paired_errors
2024-05-01,Транспорт,1,panel_shrink,0.1587932239020801,matured_paired_errors
2024-05-01,Транспорт,1,ridge_panel,0.142376388361454,matured_paired_errors
2024-05-01,Транспорт,1,catboost,0.1944184325372123,matured_paired_errors
2024-05-01,Транспорт,1,lightgbm,0.2167072253381856,matured_paired_errors
2024-05-01,Транспорт,1,chronos_seasonal,0.1383271325107175,matured_paired_errors
2024-05-01,Транспорт,2,seasonal_growth,0.1639854855645243,matured_paired_errors
2024-05-01,Транспорт,2,panel_shrink,0.165472240573194,matured_paired_errors
2024-05-01,Транспорт,2,ridge_panel,0.1542837640173495,matured_paired_errors
2024-05-01,Транспорт,2,catboost,0.1712354822591033,matured_paired_errors
2024-05-01,Транспорт,2,lightgbm,0.2262312643567736,matured_paired_errors
2024-05-01,Транспорт,2,chronos_seasonal,0.1187917632290552,matured_paired_errors
2024-05-01,Транспорт,3,seasonal_growth,0.1728963165915178,matured_paired_errors
2024-05-01,Транспорт,3,panel_shrink,0.1665581930580024,matured_paired_errors
2024-05-01,Транспорт,3,ridge_panel,0.181781204406673,matured_paired_errors
2024-05-01,Транспорт,3,catboost,0.1510763251906766,matured_paired_errors
2024-05-01,Транспорт,3,lightgbm,0.2103751977981506,matured_paired_errors
2024-05-01,Транспорт,3,chronos_seasonal,0.1173127629549794,matured_paired_errors
2024-05-01,Транспорт,4,seasonal_growth,0.1666666666666666,equal_prior
2024-05-01,Транспорт,4,panel_shrink,0.1666666666666666,equal_prior
2024-05-01,Транспорт,4,ridge_panel,0.1666666666666666,equal_prior
2024-05-01,Транспорт,4,catboost,0.1666666666666666,equal_prior
2024-05-01,Транспорт,4,lightgbm,0.1666666666666666,equal_prior
2024-05-01,Транспорт,4,chronos_seasonal,0.1666666666666666,equal_prior
2024-05-01,Транспорт,5,seasonal_growth,0.1666666666666666,equal_prior
2024-05-01,Транспорт,5,panel_shrink,0.1666666666666666,equal_prior
2024-05-01,Транспорт,5,ridge_panel,0.1666666666666666,equal_prior
2024-05-01,Транспорт,5,catboost,0.1666666666666666,equal_prior
2024-05-01,Транспорт,5,lightgbm,0.1666666666666666,equal_prior
2024-05-01,Транспорт,5,chronos_seasonal,0.1666666666666666,equal_prior
2024-05-01,Транспорт,6,seasonal_growth,0.1666666666666666,equal_prior
2024-05-01,Транспорт,6,panel_shrink,0.1666666666666666,equal_prior
2024-05-01,Транспорт,6,ridge_panel,0.1666666666666666,equal_prior
2024-05-01,Транспорт,6,catboost,0.1666666666666666,equal_prior
2024-05-01,Транспорт,6,lightgbm,0.1666666666666666,equal_prior
2024-05-01,Транспорт,6,chronos_seasonal,0.1666666666666666,equal_prior
2024-05-01,Транспорт,7,seasonal_growth,0.1666666666666666,equal_prior
2024-05-01,Транспорт,7,panel_shrink,0.1666666666666666,equal_prior
2024-05-01,Транспорт,7,ridge_panel,0.1666666666666666,equal_prior
2024-05-01,Транспорт,7,catboost,0.1666666666666666,equal_prior
2024-05-01,Транспорт,7,lightgbm,0.1666666666666666,equal_prior
2024-05-01,Транспорт,7,chronos_seasonal,0.1666666666666666,equal_prior
2024-05-01,Транспорт,8,seasonal_growth,0.1666666666666666,equal_prior
2024-05-01,Транспорт,8,panel_shrink,0.1666666666666666,equal_prior
2024-05-01,Транспорт,8,ridge_panel,0.1666666666666666,equal_prior
2024-05-01,Транспорт,8,catboost,0.1666666666666666,equal_prior
2024-05-01,Транспорт,8,lightgbm,0.1666666666666666,equal_prior
2024-05-01,Транспорт,8,chronos_seasonal,0.1666666666666666,equal_prior
2024-05-01,Транспорт,9,seasonal_growth,0.1666666666666666,equal_prior
2024-05-01,Транспорт,9,panel_shrink,0.1666666666666666,equal_prior
2024-05-01,Транспорт,9,ridge_panel,0.1666666666666666,equal_prior
2024-05-01,Транспорт,9,catboost,0.1666666666666666,equal_prior
2024-05-01,Транспорт,9,lightgbm,0.1666666666666666,equal_prior
2024-05-01,Транспорт,9,chronos_seasonal,0.1666666666666666,equal_prior
2024-05-01,Транспорт,10,seasonal_growth,0.1666666666666666,equal_prior
2024-05-01,Транспорт,10,panel_shrink,0.1666666666666666,equal_prior
2024-05-01,Транспорт,10,ridge_panel,0.1666666666666666,equal_prior
2024-05-01,Транспорт,10,catboost,0.1666666666666666,equal_prior
2024-05-01,Транспорт,10,lightgbm,0.1666666666666666,equal_prior
2024-05-01,Транспорт,10,chronos_seasonal,0.1666666666666666,equal_prior
2024-05-01,Транспорт,11,seasonal_growth,0.1666666666666666,equal_prior
2024-05-01,Транспорт,11,panel_shrink,0.1666666666666666,equal_prior
2024-05-01,Транспорт,11,ridge_panel,0.1666666666666666,equal_prior
2024-05-01,Транспорт,11,catboost,0.1666666666666666,equal_prior
2024-05-01,Транспорт,11,lightgbm,0.1666666666666666,equal_prior
2024-05-01,Транспорт,11,chronos_seasonal,0.1666666666666666,equal_prior
2024-05-01,Транспорт,12,seasonal_growth,0.1666666666666666,equal_prior
2024-05-01,Транспорт,12,panel_shrink,0.1666666666666666,equal_prior
2024-05-01,Транспорт,12,ridge_panel,0.1666666666666666,equal_prior
2024-05-01,Транспорт,12,catboost,0.1666666666666666,equal_prior
2024-05-01,Транспорт,12,lightgbm,0.1666666666666666,equal_prior
2024-05-01,Транспорт,12,chronos_seasonal,0.1666666666666666,equal_prior
2024-06-01,Все категории,1,seasonal_growth,0.1947275374791244,matured_paired_errors
2024-06-01,Все категории,1,panel_shrink,0.2092132102536167,matured_paired_errors
2024-06-01,Все категории,1,ridge_panel,0.1785317946802722,matured_paired_errors
2024-06-01,Все категории,1,catboost,0.1176482639035859,matured_paired_errors
2024-06-01,Все категории,1,lightgbm,0.1149730017353644,matured_paired_errors
2024-06-01,Все категории,1,chronos_seasonal,0.1849061919480362,matured_paired_errors
2024-06-01,Все категории,2,seasonal_growth,0.2025294881513935,matured_paired_errors
2024-06-01,Все категории,2,panel_shrink,0.2197383024522965,matured_paired_errors
2024-06-01,Все категории,2,ridge_panel,0.2022339734862677,matured_paired_errors
2024-06-01,Все категории,2,catboost,0.0919599176349541,matured_paired_errors
2024-06-01,Все категории,2,lightgbm,0.109941278810484,matured_paired_errors
2024-06-01,Все категории,2,chronos_seasonal,0.1735970394646037,matured_paired_errors
2024-06-01,Все категории,3,seasonal_growth,0.2074464699202259,matured_paired_errors
2024-06-01,Все категории,3,panel_shrink,0.2081582681193637,matured_paired_errors
2024-06-01,Все категории,3,ridge_panel,0.2006551521230086,matured_paired_errors
2024-06-01,Все категории,3,catboost,0.104900497960746,matured_paired_errors
2024-06-01,Все категории,3,lightgbm,0.1407801404614055,matured_paired_errors
2024-06-01,Все категории,3,chronos_seasonal,0.13805947141525,matured_paired_errors
2024-06-01,Все категории,4,seasonal_growth,0.212289505138239,matured_paired_errors
2024-06-01,Все категории,4,panel_shrink,0.209757054587067,matured_paired_errors
2024-06-01,Все категории,4,ridge_panel,0.2224316665636824,matured_paired_errors
2024-06-01,Все категории,4,catboost,0.1015070673348741,matured_paired_errors
2024-06-01,Все категории,4,lightgbm,0.1316009003665182,matured_paired_errors
2024-06-01,Все категории,4,chronos_seasonal,0.1224138060096189,matured_paired_errors
2024-06-01,Все категории,5,seasonal_growth,0.1666666666666666,equal_prior
2024-06-01,Все категории,5,panel_shrink,0.1666666666666666,equal_prior
2024-06-01,Все категории,5,ridge_panel,0.1666666666666666,equal_prior
2024-06-01,Все категории,5,catboost,0.1666666666666666,equal_prior
2024-06-01,Все категории,5,lightgbm,0.1666666666666666,equal_prior
2024-06-01,Все категории,5,chronos_seasonal,0.1666666666666666,equal_prior
2024-06-01,Все категории,6,seasonal_growth,0.1666666666666666,equal_prior
2024-06-01,Все категории,6,panel_shrink,0.1666666666666666,equal_prior
2024-06-01,Все категории,6,ridge_panel,0.1666666666666666,equal_prior
2024-06-01,Все категории,6,catboost,0.1666666666666666,equal_prior
2024-06-01,Все категории,6,lightgbm,0.1666666666666666,equal_prior
2024-06-01,Все категории,6,chronos_seasonal,0.1666666666666666,equal_prior
2024-06-01,Все категории,7,seasonal_growth,0.1666666666666666,equal_prior
2024-06-01,Все категории,7,panel_shrink,0.1666666666666666,equal_prior
2024-06-01,Все категории,7,ridge_panel,0.1666666666666666,equal_prior
2024-06-01,Все категории,7,catboost,0.1666666666666666,equal_prior
2024-06-01,Все категории,7,lightgbm,0.1666666666666666,equal_prior
2024-06-01,Все категории,7,chronos_seasonal,0.1666666666666666,equal_prior
2024-06-01,Все категории,8,seasonal_growth,0.1666666666666666,equal_prior
2024-06-01,Все категории,8,panel_shrink,0.1666666666666666,equal_prior
2024-06-01,Все категории,8,ridge_panel,0.1666666666666666,equal_prior
2024-06-01,Все категории,8,catboost,0.1666666666666666,equal_prior
2024-06-01,Все категории,8,lightgbm,0.1666666666666666,equal_prior
2024-06-01,Все категории,8,chronos_seasonal,0.1666666666666666,equal_prior
2024-06-01,Все категории,9,seasonal_growth,0.1666666666666666,equal_prior
2024-06-01,Все категории,9,panel_shrink,0.1666666666666666,equal_prior
2024-06-01,Все категории,9,ridge_panel,0.1666666666666666,equal_prior
2024-06-01,Все категории,9,catboost,0.1666666666666666,equal_prior
2024-06-01,Все категории,9,lightgbm,0.1666666666666666,equal_prior
2024-06-01,Все категории,9,chronos_seasonal,0.1666666666666666,equal_prior
2024-06-01,Все категории,10,seasonal_growth,0.1666666666666666,equal_prior
2024-06-01,Все категории,10,panel_shrink,0.1666666666666666,equal_prior
2024-06-01,Все категории,10,ridge_panel,0.1666666666666666,equal_prior
2024-06-01,Все категории,10,catboost,0.1666666666666666,equal_prior
2024-06-01,Все категории,10,lightgbm,0.1666666666666666,equal_prior
2024-06-01,Все категории,10,chronos_seasonal,0.1666666666666666,equal_prior
2024-06-01,Все категории,11,seasonal_growth,0.1666666666666666,equal_prior
2024-06-01,Все категории,11,panel_shrink,0.1666666666666666,equal_prior
2024-06-01,Все категории,11,ridge_panel,0.1666666666666666,equal_prior
2024-06-01,Все категории,11,catboost,0.1666666666666666,equal_prior
2024-06-01,Все категории,11,lightgbm,0.1666666666666666,equal_prior
2024-06-01,Все категории,11,chronos_seasonal,0.1666666666666666,equal_prior
2024-06-01,Все категории,12,seasonal_growth,0.1666666666666666,equal_prior
2024-06-01,Все категории,12,panel_shrink,0.1666666666666666,equal_prior
2024-06-01,Все категории,12,ridge_panel,0.1666666666666666,equal_prior
2024-06-01,Все категории,12,catboost,0.1666666666666666,equal_prior
2024-06-01,Все категории,12,lightgbm,0.1666666666666666,equal_prior
2024-06-01,Все категории,12,chronos_seasonal,0.1666666666666666,equal_prior
2024-06-01,Здоровье,1,seasonal_growth,0.1610883257353357,matured_paired_errors
2024-06-01,Здоровье,1,panel_shrink,0.1827139313510847,matured_paired_errors
2024-06-01,Здоровье,1,ridge_panel,0.1903809376704099,matured_paired_errors
2024-06-01,Здоровье,1,catboost,0.1484289011418129,matured_paired_errors
2024-06-01,Здоровье,1,lightgbm,0.1373128901747068,matured_paired_errors
2024-06-01,Здоровье,1,chronos_seasonal,0.1800750139266498,matured_paired_errors
2024-06-01,Здоровье,2,seasonal_growth,0.1646286388384344,matured_paired_errors
2024-06-01,Здоровье,2,panel_shrink,0.1829570417339383,matured_paired_errors
2024-06-01,Здоровье,2,ridge_panel,0.1922285331267817,matured_paired_errors
2024-06-01,Здоровье,2,catboost,0.1509374156835539,matured_paired_errors
2024-06-01,Здоровье,2,lightgbm,0.1348312590669146,matured_paired_errors
2024-06-01,Здоровье,2,chronos_seasonal,0.1744171115503767,matured_paired_errors
2024-06-01,Здоровье,3,seasonal_growth,0.1708913338781432,matured_paired_errors
2024-06-01,Здоровье,3,panel_shrink,0.1806096203216601,matured_paired_errors
2024-06-01,Здоровье,3,ridge_panel,0.1748370809983052,matured_paired_errors
2024-06-01,Здоровье,3,catboost,0.1700547040614878,matured_paired_errors
2024-06-01,Здоровье,3,lightgbm,0.1528032747347891,matured_paired_errors
2024-06-01,Здоровье,3,chronos_seasonal,0.1508039860056144,matured_paired_errors
2024-06-01,Здоровье,4,seasonal_growth,0.154661557517908,matured_paired_errors
2024-06-01,Здоровье,4,panel_shrink,0.1600727959368616,matured_paired_errors
2024-06-01,Здоровье,4,ridge_panel,0.172247882572745,matured_paired_errors
2024-06-01,Здоровье,4,catboost,0.1917279105800366,matured_paired_errors
2024-06-01,Здоровье,4,lightgbm,0.1855313318366637,matured_paired_errors
2024-06-01,Здоровье,4,chronos_seasonal,0.135758521555785,matured_paired_errors
2024-06-01,Здоровье,5,seasonal_growth,0.1666666666666666,equal_prior
2024-06-01,Здоровье,5,panel_shrink,0.1666666666666666,equal_prior
2024-06-01,Здоровье,5,ridge_panel,0.1666666666666666,equal_prior
2024-06-01,Здоровье,5,catboost,0.1666666666666666,equal_prior
2024-06-01,Здоровье,5,lightgbm,0.1666666666666666,equal_prior
2024-06-01,Здоровье,5,chronos_seasonal,0.1666666666666666,equal_prior
2024-06-01,Здоровье,6,seasonal_growth,0.1666666666666666,equal_prior
2024-06-01,Здоровье,6,panel_shrink,0.1666666666666666,equal_prior
2024-06-01,Здоровье,6,ridge_panel,0.1666666666666666,equal_prior
2024-06-01,Здоровье,6,catboost,0.1666666666666666,equal_prior
2024-06-01,Здоровье,6,lightgbm,0.1666666666666666,equal_prior
2024-06-01,Здоровье,6,chronos_seasonal,0.1666666666666666,equal_prior
2024-06-01,Здоровье,7,seasonal_growth,0.1666666666666666,equal_prior
2024-06-01,Здоровье,7,panel_shrink,0.1666666666666666,equal_prior
2024-06-01,Здоровье,7,ridge_panel,0.1666666666666666,equal_prior
2024-06-01,Здоровье,7,catboost,0.1666666666666666,equal_prior
2024-06-01,Здоровье,7,lightgbm,0.1666666666666666,equal_prior
2024-06-01,Здоровье,7,chronos_seasonal,0.1666666666666666,equal_prior
2024-06-01,Здоровье,8,seasonal_growth,0.1666666666666666,equal_prior
2024-06-01,Здоровье,8,panel_shrink,0.1666666666666666,equal_prior
2024-06-01,Здоровье,8,ridge_panel,0.1666666666666666,equal_prior
2024-06-01,Здоровье,8,catboost,0.1666666666666666,equal_prior
2024-06-01,Здоровье,8,lightgbm,0.1666666666666666,equal_prior
2024-06-01,Здоровье,8,chronos_seasonal,0.1666666666666666,equal_prior
2024-06-01,Здоровье,9,seasonal_growth,0.1666666666666666,equal_prior
2024-06-01,Здоровье,9,panel_shrink,0.1666666666666666,equal_prior
2024-06-01,Здоровье,9,ridge_panel,0.1666666666666666,equal_prior
2024-06-01,Здоровье,9,catboost,0.1666666666666666,equal_prior
2024-06-01,Здоровье,9,lightgbm,0.1666666666666666,equal_prior
2024-06-01,Здоровье,9,chronos_seasonal,0.1666666666666666,equal_prior
2024-06-01,Здоровье,10,seasonal_growth,0.1666666666666666,equal_prior
2024-06-01,Здоровье,10,panel_shrink,0.1666666666666666,equal_prior
2024-06-01,Здоровье,10,ridge_panel,0.1666666666666666,equal_prior
2024-06-01,Здоровье,10,catboost,0.1666666666666666,equal_prior
2024-06-01,Здоровье,10,lightgbm,0.1666666666666666,equal_prior
2024-06-01,Здоровье,10,chronos_seasonal,0.1666666666666666,equal_prior
2024-06-01,Здоровье,11,seasonal_growth,0.1666666666666666,equal_prior
2024-06-01,Здоровье,11,panel_shrink,0.1666666666666666,equal_prior
2024-06-01,Здоровье,11,ridge_panel,0.1666666666666666,equal_prior
2024-06-01,Здоровье,11,catboost,0.1666666666666666,equal_prior
2024-06-01,Здоровье,11,lightgbm,0.1666666666666666,equal_prior
2024-06-01,Здоровье,11,chronos_seasonal,0.1666666666666666,equal_prior
2024-06-01,Здоровье,12,seasonal_growth,0.1666666666666666,equal_prior
2024-06-01,Здоровье,12,panel_shrink,0.1666666666666666,equal_prior
2024-06-01,Здоровье,12,ridge_panel,0.1666666666666666,equal_prior
2024-06-01,Здоровье,12,catboost,0.1666666666666666,equal_prior
2024-06-01,Здоровье,12,lightgbm,0.1666666666666666,equal_prior
2024-06-01,Здоровье,12,chronos_seasonal,0.1666666666666666,equal_prior
2024-06-01,Маркетплейсы,1,seasonal_growth,0.1800733629926456,matured_paired_errors
2024-06-01,Маркетплейсы,1,panel_shrink,0.1753410911795318,matured_paired_errors
2024-06-01,Маркетплейсы,1,ridge_panel,0.2412252196191181,matured_paired_errors
2024-06-01,Маркетплейсы,1,catboost,0.1277505401728415,matured_paired_errors
2024-06-01,Маркетплейсы,1,lightgbm,0.1052473504647974,matured_paired_errors
2024-06-01,Маркетплейсы,1,chronos_seasonal,0.1703624355710654,matured_paired_errors
2024-06-01,Маркетплейсы,2,seasonal_growth,0.1917709515450644,matured_paired_errors
2024-06-01,Маркетплейсы,2,panel_shrink,0.1795474047702278,matured_paired_errors
2024-06-01,Маркетплейсы,2,ridge_panel,0.258346622986464,matured_paired_errors
2024-06-01,Маркетплейсы,2,catboost,0.116123769063119,matured_paired_errors
2024-06-01,Маркетплейсы,2,lightgbm,0.1019257562757654,matured_paired_errors
2024-06-01,Маркетплейсы,2,chronos_seasonal,0.1522854953593591,matured_paired_errors
2024-06-01,Маркетплейсы,3,seasonal_growth,0.200315219400267,matured_paired_errors
2024-06-01,Маркетплейсы,3,panel_shrink,0.1820706108627054,matured_paired_errors
2024-06-01,Маркетплейсы,3,ridge_panel,0.2724835925102791,matured_paired_errors
2024-06-01,Маркетплейсы,3,catboost,0.1113754751172658,matured_paired_errors
2024-06-01,Маркетплейсы,3,lightgbm,0.1127875595160189,matured_paired_errors
2024-06-01,Маркетплейсы,3,chronos_seasonal,0.1209675425934633,matured_paired_errors
2024-06-01,Маркетплейсы,4,seasonal_growth,0.1954715833712497,matured_paired_errors
2024-06-01,Маркетплейсы,4,panel_shrink,0.1712036799875777,matured_paired_errors
2024-06-01,Маркетплейсы,4,ridge_panel,0.277973223749217,matured_paired_errors
2024-06-01,Маркетплейсы,4,catboost,0.1352311887878191,matured_paired_errors
2024-06-01,Маркетплейсы,4,lightgbm,0.1219613036933238,matured_paired_errors
2024-06-01,Маркетплейсы,4,chronos_seasonal,0.0981590204108125,matured_paired_errors
2024-06-01,Маркетплейсы,5,seasonal_growth,0.1666666666666666,equal_prior
2024-06-01,Маркетплейсы,5,panel_shrink,0.1666666666666666,equal_prior
2024-06-01,Маркетплейсы,5,ridge_panel,0.1666666666666666,equal_prior
2024-06-01,Маркетплейсы,5,catboost,0.1666666666666666,equal_prior
2024-06-01,Маркетплейсы,5,lightgbm,0.1666666666666666,equal_prior
2024-06-01,Маркетплейсы,5,chronos_seasonal,0.1666666666666666,equal_prior
2024-06-01,Маркетплейсы,6,seasonal_growth,0.1666666666666666,equal_prior
2024-06-01,Маркетплейсы,6,panel_shrink,0.1666666666666666,equal_prior
2024-06-01,Маркетплейсы,6,ridge_panel,0.1666666666666666,equal_prior
2024-06-01,Маркетплейсы,6,catboost,0.1666666666666666,equal_prior
2024-06-01,Маркетплейсы,6,lightgbm,0.1666666666666666,equal_prior
2024-06-01,Маркетплейсы,6,chronos_seasonal,0.1666666666666666,equal_prior
2024-06-01,Маркетплейсы,7,seasonal_growth,0.1666666666666666,equal_prior
2024-06-01,Маркетплейсы,7,panel_shrink,0.1666666666666666,equal_prior
2024-06-01,Маркетплейсы,7,ridge_panel,0.1666666666666666,equal_prior
2024-06-01,Маркетплейсы,7,catboost,0.1666666666666666,equal_prior
2024-06-01,Маркетплейсы,7,lightgbm,0.1666666666666666,equal_prior
2024-06-01,Маркетплейсы,7,chronos_seasonal,0.1666666666666666,equal_prior
2024-06-01,Маркетплейсы,8,seasonal_growth,0.1666666666666666,equal_prior
2024-06-01,Маркетплейсы,8,panel_shrink,0.1666666666666666,equal_prior
2024-06-01,Маркетплейсы,8,ridge_panel,0.1666666666666666,equal_prior
2024-06-01,Маркетплейсы,8,catboost,0.1666666666666666,equal_prior
2024-06-01,Маркетплейсы,8,lightgbm,0.1666666666666666,equal_prior
2024-06-01,Маркетплейсы,8,chronos_seasonal,0.1666666666666666,equal_prior
2024-06-01,Маркетплейсы,9,seasonal_growth,0.1666666666666666,equal_prior
2024-06-01,Маркетплейсы,9,panel_shrink,0.1666666666666666,equal_prior
2024-06-01,Маркетплейсы,9,ridge_panel,0.1666666666666666,equal_prior
2024-06-01,Маркетплейсы,9,catboost,0.1666666666666666,equal_prior
2024-06-01,Маркетплейсы,9,lightgbm,0.1666666666666666,equal_prior
2024-06-01,Маркетплейсы,9,chronos_seasonal,0.1666666666666666,equal_prior
2024-06-01,Маркетплейсы,10,seasonal_growth,0.1666666666666666,equal_prior
2024-06-01,Маркетплейсы,10,panel_shrink,0.1666666666666666,equal_prior
2024-06-01,Маркетплейсы,10,ridge_panel,0.1666666666666666,equal_prior
2024-06-01,Маркетплейсы,10,catboost,0.1666666666666666,equal_prior
2024-06-01,Маркетплейсы,10,lightgbm,0.1666666666666666,equal_prior
2024-06-01,Маркетплейсы,10,chronos_seasonal,0.1666666666666666,equal_prior
2024-06-01,Маркетплейсы,11,seasonal_growth,0.1666666666666666,equal_prior
2024-06-01,Маркетплейсы,11,panel_shrink,0.1666666666666666,equal_prior
2024-06-01,Маркетплейсы,11,ridge_panel,0.1666666666666666,equal_prior
2024-06-01,Маркетплейсы,11,catboost,0.1666666666666666,equal_prior
2024-06-01,Маркетплейсы,11,lightgbm,0.1666666666666666,equal_prior
2024-06-01,Маркетплейсы,11,chronos_seasonal,0.1666666666666666,equal_prior
2024-06-01,Маркетплейсы,12,seasonal_growth,0.1666666666666666,equal_prior
2024-06-01,Маркетплейсы,12,panel_shrink,0.1666666666666666,equal_prior
2024-06-01,Маркетплейсы,12,ridge_panel,0.1666666666666666,equal_prior
2024-06-01,Маркетплейсы,12,catboost,0.1666666666666666,equal_prior
2024-06-01,Маркетплейсы,12,lightgbm,0.1666666666666666,equal_prior
2024-06-01,Маркетплейсы,12,chronos_seasonal,0.1666666666666666,equal_prior
2024-06-01,Общественное питание,1,seasonal_growth,0.1717021355786268,matured_paired_errors
2024-06-01,Общественное питание,1,panel_shrink,0.1625342721454489,matured_paired_errors
2024-06-01,Общественное питание,1,ridge_panel,0.1419188800229568,matured_paired_errors
2024-06-01,Общественное питание,1,catboost,0.1830974529286718,matured_paired_errors
2024-06-01,Общественное питание,1,lightgbm,0.1983581039706632,matured_paired_errors
2024-06-01,Общественное питание,1,chronos_seasonal,0.1423891553536322,matured_paired_errors
2024-06-01,Общественное питание,2,seasonal_growth,0.1953906264609864,matured_paired_errors
2024-06-01,Общественное питание,2,panel_shrink,0.1722913269478738,matured_paired_errors
2024-06-01,Общественное питание,2,ridge_panel,0.1437216672635935,matured_paired_errors
2024-06-01,Общественное питание,2,catboost,0.1590150594604832,matured_paired_errors
2024-06-01,Общественное питание,2,lightgbm,0.1854960966478671,matured_paired_errors
2024-06-01,Общественное питание,2,chronos_seasonal,0.1440852232191957,matured_paired_errors
2024-06-01,Общественное питание,3,seasonal_growth,0.2053678863948842,matured_paired_errors
2024-06-01,Общественное питание,3,panel_shrink,0.1667632294553296,matured_paired_errors
2024-06-01,Общественное питание,3,ridge_panel,0.135401656696448,matured_paired_errors
2024-06-01,Общественное питание,3,catboost,0.160697671239294,matured_paired_errors
2024-06-01,Общественное питание,3,lightgbm,0.2012842720332258,matured_paired_errors
2024-06-01,Общественное питание,3,chronos_seasonal,0.1304852841808183,matured_paired_errors
2024-06-01,Общественное питание,4,seasonal_growth,0.2263443713245795,matured_paired_errors
2024-06-01,Общественное питание,4,panel_shrink,0.1792892473074057,matured_paired_errors
2024-06-01,Общественное питание,4,ridge_panel,0.145176259366826,matured_paired_errors
2024-06-01,Общественное питание,4,catboost,0.1448553826622454,matured_paired_errors
2024-06-01,Общественное питание,4,lightgbm,0.1629213626471485,matured_paired_errors
2024-06-01,Общественное питание,4,chronos_seasonal,0.1414133766917946,matured_paired_errors
2024-06-01,Общественное питание,5,seasonal_growth,0.1666666666666666,equal_prior
2024-06-01,Общественное питание,5,panel_shrink,0.1666666666666666,equal_prior
2024-06-01,Общественное питание,5,ridge_panel,0.1666666666666666,equal_prior
2024-06-01,Общественное питание,5,catboost,0.1666666666666666,equal_prior
2024-06-01,Общественное питание,5,lightgbm,0.1666666666666666,equal_prior
2024-06-01,Общественное питание,5,chronos_seasonal,0.1666666666666666,equal_prior
2024-06-01,Общественное питание,6,seasonal_growth,0.1666666666666666,equal_prior
2024-06-01,Общественное питание,6,panel_shrink,0.1666666666666666,equal_prior
2024-06-01,Общественное питание,6,ridge_panel,0.1666666666666666,equal_prior
2024-06-01,Общественное питание,6,catboost,0.1666666666666666,equal_prior
2024-06-01,Общественное питание,6,lightgbm,0.1666666666666666,equal_prior
2024-06-01,Общественное питание,6,chronos_seasonal,0.1666666666666666,equal_prior
2024-06-01,Общественное питание,7,seasonal_growth,0.1666666666666666,equal_prior
2024-06-01,Общественное питание,7,panel_shrink,0.1666666666666666,equal_prior
2024-06-01,Общественное питание,7,ridge_panel,0.1666666666666666,equal_prior
2024-06-01,Общественное питание,7,catboost,0.1666666666666666,equal_prior
2024-06-01,Общественное питание,7,lightgbm,0.1666666666666666,equal_prior
2024-06-01,Общественное питание,7,chronos_seasonal,0.1666666666666666,equal_prior
2024-06-01,Общественное питание,8,seasonal_growth,0.1666666666666666,equal_prior
2024-06-01,Общественное питание,8,panel_shrink,0.1666666666666666,equal_prior
2024-06-01,Общественное питание,8,ridge_panel,0.1666666666666666,equal_prior
2024-06-01,Общественное питание,8,catboost,0.1666666666666666,equal_prior
2024-06-01,Общественное питание,8,lightgbm,0.1666666666666666,equal_prior
2024-06-01,Общественное питание,8,chronos_seasonal,0.1666666666666666,equal_prior
2024-06-01,Общественное питание,9,seasonal_growth,0.1666666666666666,equal_prior
2024-06-01,Общественное питание,9,panel_shrink,0.1666666666666666,equal_prior
2024-06-01,Общественное питание,9,ridge_panel,0.1666666666666666,equal_prior
2024-06-01,Общественное питание,9,catboost,0.1666666666666666,equal_prior
2024-06-01,Общественное питание,9,lightgbm,0.1666666666666666,equal_prior
2024-06-01,Общественное питание,9,chronos_seasonal,0.1666666666666666,equal_prior
2024-06-01,Общественное питание,10,seasonal_growth,0.1666666666666666,equal_prior
2024-06-01,Общественное питание,10,panel_shrink,0.1666666666666666,equal_prior
2024-06-01,Общественное питание,10,ridge_panel,0.1666666666666666,equal_prior
2024-06-01,Общественное питание,10,catboost,0.1666666666666666,equal_prior
2024-06-01,Общественное питание,10,lightgbm,0.1666666666666666,equal_prior
2024-06-01,Общественное питание,10,chronos_seasonal,0.1666666666666666,equal_prior
2024-06-01,Общественное питание,11,seasonal_growth,0.1666666666666666,equal_prior
2024-06-01,Общественное питание,11,panel_shrink,0.1666666666666666,equal_prior
2024-06-01,Общественное питание,11,ridge_panel,0.1666666666666666,equal_prior
2024-06-01,Общественное питание,11,catboost,0.1666666666666666,equal_prior
2024-06-01,Общественное питание,11,lightgbm,0.1666666666666666,equal_prior
2024-06-01,Общественное питание,11,chronos_seasonal,0.1666666666666666,equal_prior
2024-06-01,Общественное питание,12,seasonal_growth,0.1666666666666666,equal_prior
2024-06-01,Общественное питание,12,panel_shrink,0.1666666666666666,equal_prior
2024-06-01,Общественное питание,12,ridge_panel,0.1666666666666666,equal_prior
2024-06-01,Общественное питание,12,catboost,0.1666666666666666,equal_prior
2024-06-01,Общественное питание,12,lightgbm,0.1666666666666666,equal_prior
2024-06-01,Общественное питание,12,chronos_seasonal,0.1666666666666666,equal_prior
2024-06-01,Продовольствие,1,seasonal_growth,0.1984849275613552,matured_paired_errors
2024-06-01,Продовольствие,1,panel_shrink,0.2228166960024583,matured_paired_errors
2024-06-01,Продовольствие,1,ridge_panel,0.1981237060449157,matured_paired_errors
2024-06-01,Продовольствие,1,catboost,0.0787161360939991,matured_paired_errors
2024-06-01,Продовольствие,1,lightgbm,0.0963460967779298,matured_paired_errors
2024-06-01,Продовольствие,1,chronos_seasonal,0.2055124375193417,matured_paired_errors
2024-06-01,Продовольствие,2,seasonal_growth,0.2112185528126913,matured_paired_errors
2024-06-01,Продовольствие,2,panel_shrink,0.240639069608105,matured_paired_errors
2024-06-01,Продовольствие,2,ridge_panel,0.2084320664613725,matured_paired_errors
2024-06-01,Продовольствие,2,catboost,0.0733124812724249,matured_paired_errors
2024-06-01,Продовольствие,2,lightgbm,0.0928946387738298,matured_paired_errors
2024-06-01,Продовольствие,2,chronos_seasonal,0.1735031910715762,matured_paired_errors
2024-06-01,Продовольствие,3,seasonal_growth,0.2268465768503737,matured_paired_errors
2024-06-01,Продовольствие,3,panel_shrink,0.2466616421835325,matured_paired_errors
2024-06-01,Продовольствие,3,ridge_panel,0.2063466895269514,matured_paired_errors
2024-06-01,Продовольствие,3,catboost,0.0699726180927838,matured_paired_errors
2024-06-01,Продовольствие,3,lightgbm,0.0932370613033544,matured_paired_errors
2024-06-01,Продовольствие,3,chronos_seasonal,0.1569354120430039,matured_paired_errors
2024-06-01,Продовольствие,4,seasonal_growth,0.23463225027647,matured_paired_errors
2024-06-01,Продовольствие,4,panel_shrink,0.2515494960424974,matured_paired_errors
2024-06-01,Продовольствие,4,ridge_panel,0.2269425130145098,matured_paired_errors
2024-06-01,Продовольствие,4,catboost,0.0688208020499443,matured_paired_errors
2024-06-01,Продовольствие,4,lightgbm,0.0772766291954292,matured_paired_errors
2024-06-01,Продовольствие,4,chronos_seasonal,0.140778309421149,matured_paired_errors
2024-06-01,Продовольствие,5,seasonal_growth,0.1666666666666666,equal_prior
2024-06-01,Продовольствие,5,panel_shrink,0.1666666666666666,equal_prior
2024-06-01,Продовольствие,5,ridge_panel,0.1666666666666666,equal_prior
2024-06-01,Продовольствие,5,catboost,0.1666666666666666,equal_prior
2024-06-01,Продовольствие,5,lightgbm,0.1666666666666666,equal_prior
2024-06-01,Продовольствие,5,chronos_seasonal,0.1666666666666666,equal_prior
2024-06-01,Продовольствие,6,seasonal_growth,0.1666666666666666,equal_prior
2024-06-01,Продовольствие,6,panel_shrink,0.1666666666666666,equal_prior
2024-06-01,Продовольствие,6,ridge_panel,0.1666666666666666,equal_prior
2024-06-01,Продовольствие,6,catboost,0.1666666666666666,equal_prior
2024-06-01,Продовольствие,6,lightgbm,0.1666666666666666,equal_prior
2024-06-01,Продовольствие,6,chronos_seasonal,0.1666666666666666,equal_prior
2024-06-01,Продовольствие,7,seasonal_growth,0.1666666666666666,equal_prior
2024-06-01,Продовольствие,7,panel_shrink,0.1666666666666666,equal_prior
2024-06-01,Продовольствие,7,ridge_panel,0.1666666666666666,equal_prior
2024-06-01,Продовольствие,7,catboost,0.1666666666666666,equal_prior
2024-06-01,Продовольствие,7,lightgbm,0.1666666666666666,equal_prior
2024-06-01,Продовольствие,7,chronos_seasonal,0.1666666666666666,equal_prior
2024-06-01,Продовольствие,8,seasonal_growth,0.1666666666666666,equal_prior
2024-06-01,Продовольствие,8,panel_shrink,0.1666666666666666,equal_prior
2024-06-01,Продовольствие,8,ridge_panel,0.1666666666666666,equal_prior
2024-06-01,Продовольствие,8,catboost,0.1666666666666666,equal_prior
2024-06-01,Продовольствие,8,lightgbm,0.1666666666666666,equal_prior
2024-06-01,Продовольствие,8,chronos_seasonal,0.1666666666666666,equal_prior
2024-06-01,Продовольствие,9,seasonal_growth,0.1666666666666666,equal_prior
2024-06-01,Продовольствие,9,panel_shrink,0.1666666666666666,equal_prior
2024-06-01,Продовольствие,9,ridge_panel,0.1666666666666666,equal_prior
2024-06-01,Продовольствие,9,catboost,0.1666666666666666,equal_prior
2024-06-01,Продовольствие,9,lightgbm,0.1666666666666666,equal_prior
2024-06-01,Продовольствие,9,chronos_seasonal,0.1666666666666666,equal_prior
2024-06-01,Продовольствие,10,seasonal_growth,0.1666666666666666,equal_prior
2024-06-01,Продовольствие,10,panel_shrink,0.1666666666666666,equal_prior
2024-06-01,Продовольствие,10,ridge_panel,0.1666666666666666,equal_prior
2024-06-01,Продовольствие,10,catboost,0.1666666666666666,equal_prior
2024-06-01,Продовольствие,10,lightgbm,0.1666666666666666,equal_prior
2024-06-01,Продовольствие,10,chronos_seasonal,0.1666666666666666,equal_prior
2024-06-01,Продовольствие,11,seasonal_growth,0.1666666666666666,equal_prior
2024-06-01,Продовольствие,11,panel_shrink,0.1666666666666666,equal_prior
2024-06-01,Продовольствие,11,ridge_panel,0.1666666666666666,equal_prior
2024-06-01,Продовольствие,11,catboost,0.1666666666666666,equal_prior
2024-06-01,Продовольствие,11,lightgbm,0.1666666666666666,equal_prior
2024-06-01,Продовольствие,11,chronos_seasonal,0.1666666666666666,equal_prior
2024-06-01,Продовольствие,12,seasonal_growth,0.1666666666666666,equal_prior
2024-06-01,Продовольствие,12,panel_shrink,0.1666666666666666,equal_prior
2024-06-01,Продовольствие,12,ridge_panel,0.1666666666666666,equal_prior
2024-06-01,Продовольствие,12,catboost,0.1666666666666666,equal_prior
2024-06-01,Продовольствие,12,lightgbm,0.1666666666666666,equal_prior
2024-06-01,Продовольствие,12,chronos_seasonal,0.1666666666666666,equal_prior
2024-06-01,Транспорт,1,seasonal_growth,0.1486444594999752,matured_paired_errors
2024-06-01,Транспорт,1,panel_shrink,0.1602836912413699,matured_paired_errors
2024-06-01,Транспорт,1,ridge_panel,0.1380470638312112,matured_paired_errors
2024-06-01,Транспорт,1,catboost,0.1969809621574857,matured_paired_errors
2024-06-01,Транспорт,1,lightgbm,0.2155219040888487,matured_paired_errors
2024-06-01,Транспорт,1,chronos_seasonal,0.1405219191811089,matured_paired_errors
2024-06-01,Транспорт,2,seasonal_growth,0.1572931564406101,matured_paired_errors
2024-06-01,Транспорт,2,panel_shrink,0.164843316394678,matured_paired_errors
2024-06-01,Транспорт,2,ridge_panel,0.1412407650521611,matured_paired_errors
2024-06-01,Транспорт,2,catboost,0.1794411717675848,matured_paired_errors
2024-06-01,Транспорт,2,lightgbm,0.2268112394601792,matured_paired_errors
2024-06-01,Транспорт,2,chronos_seasonal,0.1303703508847863,matured_paired_errors
2024-06-01,Транспорт,3,seasonal_growth,0.1683440893749087,matured_paired_errors
2024-06-01,Транспорт,3,panel_shrink,0.1653650077353071,matured_paired_errors
2024-06-01,Транспорт,3,ridge_panel,0.1548919951109056,matured_paired_errors
2024-06-01,Транспорт,3,catboost,0.1759940810752067,matured_paired_errors
2024-06-01,Транспорт,3,lightgbm,0.2179814632204151,matured_paired_errors
2024-06-01,Транспорт,3,chronos_seasonal,0.1174233634832565,matured_paired_errors
2024-06-01,Транспорт,4,seasonal_growth,0.1781498888695284,matured_paired_errors
2024-06-01,Транспорт,4,panel_shrink,0.1729136169439062,matured_paired_errors
2024-06-01,Транспорт,4,ridge_panel,0.1651482318656547,matured_paired_errors
2024-06-01,Транспорт,4,catboost,0.1690306186991303,matured_paired_errors
2024-06-01,Транспорт,4,lightgbm,0.1853871596265282,matured_paired_errors
2024-06-01,Транспорт,4,chronos_seasonal,0.1293704839952518,matured_paired_errors
2024-06-01,Транспорт,5,seasonal_growth,0.1666666666666666,equal_prior
2024-06-01,Транспорт,5,panel_shrink,0.1666666666666666,equal_prior
2024-06-01,Транспорт,5,ridge_panel,0.1666666666666666,equal_prior
2024-06-01,Транспорт,5,catboost,0.1666666666666666,equal_prior
2024-06-01,Транспорт,5,lightgbm,0.1666666666666666,equal_prior
2024-06-01,Транспорт,5,chronos_seasonal,0.1666666666666666,equal_prior
2024-06-01,Транспорт,6,seasonal_growth,0.1666666666666666,equal_prior
2024-06-01,Транспорт,6,panel_shrink,0.1666666666666666,equal_prior
2024-06-01,Транспорт,6,ridge_panel,0.1666666666666666,equal_prior
2024-06-01,Транспорт,6,catboost,0.1666666666666666,equal_prior
2024-06-01,Транспорт,6,lightgbm,0.1666666666666666,equal_prior
2024-06-01,Транспорт,6,chronos_seasonal,0.1666666666666666,equal_prior
2024-06-01,Транспорт,7,seasonal_growth,0.1666666666666666,equal_prior
2024-06-01,Транспорт,7,panel_shrink,0.1666666666666666,equal_prior
2024-06-01,Транспорт,7,ridge_panel,0.1666666666666666,equal_prior
2024-06-01,Транспорт,7,catboost,0.1666666666666666,equal_prior
2024-06-01,Транспорт,7,lightgbm,0.1666666666666666,equal_prior
2024-06-01,Транспорт,7,chronos_seasonal,0.1666666666666666,equal_prior
2024-06-01,Транспорт,8,seasonal_growth,0.1666666666666666,equal_prior
2024-06-01,Транспорт,8,panel_shrink,0.1666666666666666,equal_prior
2024-06-01,Транспорт,8,ridge_panel,0.1666666666666666,equal_prior
2024-06-01,Транспорт,8,catboost,0.1666666666666666,equal_prior
2024-06-01,Транспорт,8,lightgbm,0.1666666666666666,equal_prior
2024-06-01,Транспорт,8,chronos_seasonal,0.1666666666666666,equal_prior
2024-06-01,Транспорт,9,seasonal_growth,0.1666666666666666,equal_prior
2024-06-01,Транспорт,9,panel_shrink,0.1666666666666666,equal_prior
2024-06-01,Транспорт,9,ridge_panel,0.1666666666666666,equal_prior
2024-06-01,Транспорт,9,catboost,0.1666666666666666,equal_prior
2024-06-01,Транспорт,9,lightgbm,0.1666666666666666,equal_prior
2024-06-01,Транспорт,9,chronos_seasonal,0.1666666666666666,equal_prior
2024-06-01,Транспорт,10,seasonal_growth,0.1666666666666666,equal_prior
2024-06-01,Транспорт,10,panel_shrink,0.1666666666666666,equal_prior
2024-06-01,Транспорт,10,ridge_panel,0.1666666666666666,equal_prior
2024-06-01,Транспорт,10,catboost,0.1666666666666666,equal_prior
2024-06-01,Транспорт,10,lightgbm,0.1666666666666666,equal_prior
2024-06-01,Транспорт,10,chronos_seasonal,0.1666666666666666,equal_prior
2024-06-01,Транспорт,11,seasonal_growth,0.1666666666666666,equal_prior
2024-06-01,Транспорт,11,panel_shrink,0.1666666666666666,equal_prior
2024-06-01,Транспорт,11,ridge_panel,0.1666666666666666,equal_prior
2024-06-01,Транспорт,11,catboost,0.1666666666666666,equal_prior
2024-06-01,Транспорт,11,lightgbm,0.1666666666666666,equal_prior
2024-06-01,Транспорт,11,chronos_seasonal,0.1666666666666666,equal_prior
2024-06-01,Транспорт,12,seasonal_growth,0.1666666666666666,equal_prior
2024-06-01,Транспорт,12,panel_shrink,0.1666666666666666,equal_prior
2024-06-01,Транспорт,12,ridge_panel,0.1666666666666666,equal_prior
2024-06-01,Транспорт,12,catboost,0.1666666666666666,equal_prior
2024-06-01,Транспорт,12,lightgbm,0.1666666666666666,equal_prior
2024-06-01,Транспорт,12,chronos_seasonal,0.1666666666666666,equal_prior
2024-07-01,Все категории,1,seasonal_growth,0.1951061202828542,matured_paired_errors
2024-07-01,Все категории,1,panel_shrink,0.2091082228678658,matured_paired_errors
2024-07-01,Все категории,1,ridge_panel,0.1811290333265892,matured_paired_errors
2024-07-01,Все категории,1,catboost,0.1105401419976296,matured_paired_errors
2024-07-01,Все категории,1,lightgbm,0.113745683514329,matured_paired_errors
2024-07-01,Все категории,1,chronos_seasonal,0.1903707980107321,matured_paired_errors
2024-07-01,Все категории,2,seasonal_growth,0.2014585131875902,matured_paired_errors
2024-07-01,Все категории,2,panel_shrink,0.2212168553279085,matured_paired_errors
2024-07-01,Все категории,2,ridge_panel,0.1970393126215734,matured_paired_errors
2024-07-01,Все категории,2,catboost,0.0989500653878634,matured_paired_errors
2024-07-01,Все категории,2,lightgbm,0.113222830030606,matured_paired_errors
2024-07-01,Все категории,2,chronos_seasonal,0.1681124234444582,matured_paired_errors
2024-07-01,Все категории,3,seasonal_growth,0.1994270319679599,matured_paired_errors
2024-07-01,Все категории,3,panel_shrink,0.2108261799615661,matured_paired_errors
2024-07-01,Все категории,3,ridge_panel,0.1898894521476528,matured_paired_errors
2024-07-01,Все категории,3,catboost,0.1116541513372492,matured_paired_errors
2024-07-01,Все категории,3,lightgbm,0.1456156322379704,matured_paired_errors
2024-07-01,Все категории,3,chronos_seasonal,0.1425875523476013,matured_paired_errors
2024-07-01,Все категории,4,seasonal_growth,0.2101541790491097,matured_paired_errors
2024-07-01,Все категории,4,panel_shrink,0.2143774309746151,matured_paired_errors
2024-07-01,Все категории,4,ridge_panel,0.1975317078830409,matured_paired_errors
2024-07-01,Все категории,4,catboost,0.1134411387596328,matured_paired_errors
2024-07-01,Все категории,4,lightgbm,0.1467864121584454,matured_paired_errors
2024-07-01,Все категории,4,chronos_seasonal,0.1177091311751558,matured_paired_errors
2024-07-01,Все категории,5,seasonal_growth,0.2253929469035731,matured_paired_errors
2024-07-01,Все категории,5,panel_shrink,0.2273962197789228,matured_paired_errors
2024-07-01,Все категории,5,ridge_panel,0.2169353874613742,matured_paired_errors
2024-07-01,Все категории,5,catboost,0.0982485019184087,matured_paired_errors
2024-07-01,Все категории,5,lightgbm,0.1208689547381124,matured_paired_errors
2024-07-01,Все категории,5,chronos_seasonal,0.1111579891996085,matured_paired_errors
2024-07-01,Все категории,6,seasonal_growth,0.1666666666666666,equal_prior
2024-07-01,Все категории,6,panel_shrink,0.1666666666666666,equal_prior
2024-07-01,Все категории,6,ridge_panel,0.1666666666666666,equal_prior
2024-07-01,Все категории,6,catboost,0.1666666666666666,equal_prior
2024-07-01,Все категории,6,lightgbm,0.1666666666666666,equal_prior
2024-07-01,Все категории,6,chronos_seasonal,0.1666666666666666,equal_prior
2024-07-01,Все категории,7,seasonal_growth,0.1666666666666666,equal_prior
2024-07-01,Все категории,7,panel_shrink,0.1666666666666666,equal_prior
2024-07-01,Все категории,7,ridge_panel,0.1666666666666666,equal_prior
2024-07-01,Все категории,7,catboost,0.1666666666666666,equal_prior
2024-07-01,Все категории,7,lightgbm,0.1666666666666666,equal_prior
2024-07-01,Все категории,7,chronos_seasonal,0.1666666666666666,equal_prior
2024-07-01,Все категории,8,seasonal_growth,0.1666666666666666,equal_prior
2024-07-01,Все категории,8,panel_shrink,0.1666666666666666,equal_prior
2024-07-01,Все категории,8,ridge_panel,0.1666666666666666,equal_prior
2024-07-01,Все категории,8,catboost,0.1666666666666666,equal_prior
2024-07-01,Все категории,8,lightgbm,0.1666666666666666,equal_prior
2024-07-01,Все категории,8,chronos_seasonal,0.1666666666666666,equal_prior
2024-07-01,Все категории,9,seasonal_growth,0.1666666666666666,equal_prior
2024-07-01,Все категории,9,panel_shrink,0.1666666666666666,equal_prior
2024-07-01,Все категории,9,ridge_panel,0.1666666666666666,equal_prior
2024-07-01,Все категории,9,catboost,0.1666666666666666,equal_prior
2024-07-01,Все категории,9,lightgbm,0.1666666666666666,equal_prior
2024-07-01,Все категории,9,chronos_seasonal,0.1666666666666666,equal_prior
2024-07-01,Все категории,10,seasonal_growth,0.1666666666666666,equal_prior
2024-07-01,Все категории,10,panel_shrink,0.1666666666666666,equal_prior
2024-07-01,Все категории,10,ridge_panel,0.1666666666666666,equal_prior
2024-07-01,Все категории,10,catboost,0.1666666666666666,equal_prior
2024-07-01,Все категории,10,lightgbm,0.1666666666666666,equal_prior
2024-07-01,Все категории,10,chronos_seasonal,0.1666666666666666,equal_prior
2024-07-01,Все категории,11,seasonal_growth,0.1666666666666666,equal_prior
2024-07-01,Все категории,11,panel_shrink,0.1666666666666666,equal_prior
2024-07-01,Все категории,11,ridge_panel,0.1666666666666666,equal_prior
2024-07-01,Все категории,11,catboost,0.1666666666666666,equal_prior
2024-07-01,Все категории,11,lightgbm,0.1666666666666666,equal_prior
2024-07-01,Все категории,11,chronos_seasonal,0.1666666666666666,equal_prior
2024-07-01,Все категории,12,seasonal_growth,0.1666666666666666,equal_prior
2024-07-01,Все категории,12,panel_shrink,0.1666666666666666,equal_prior
2024-07-01,Все категории,12,ridge_panel,0.1666666666666666,equal_prior
2024-07-01,Все категории,12,catboost,0.1666666666666666,equal_prior
2024-07-01,Все категории,12,lightgbm,0.1666666666666666,equal_prior
2024-07-01,Все категории,12,chronos_seasonal,0.1666666666666666,equal_prior
2024-07-01,Здоровье,1,seasonal_growth,0.1644686112612415,matured_paired_errors
2024-07-01,Здоровье,1,panel_shrink,0.186485483612557,matured_paired_errors
2024-07-01,Здоровье,1,ridge_panel,0.1885294828848396,matured_paired_errors
2024-07-01,Здоровье,1,catboost,0.1471973584729952,matured_paired_errors
2024-07-01,Здоровье,1,lightgbm,0.1394970236510294,matured_paired_errors
2024-07-01,Здоровье,1,chronos_seasonal,0.1738220401173369,matured_paired_errors
2024-07-01,Здоровье,2,seasonal_growth,0.1706031566025051,matured_paired_errors
2024-07-01,Здоровье,2,panel_shrink,0.1911155657244546,matured_paired_errors
2024-07-01,Здоровье,2,ridge_panel,0.1931942735002592,matured_paired_errors
2024-07-01,Здоровье,2,catboost,0.1387299203364523,matured_paired_errors
2024-07-01,Здоровье,2,lightgbm,0.1339368219845232,matured_paired_errors
2024-07-01,Здоровье,2,chronos_seasonal,0.1724202618518054,matured_paired_errors
2024-07-01,Здоровье,3,seasonal_growth,0.1707275858204976,matured_paired_errors
2024-07-01,Здоровье,3,panel_shrink,0.1873524369502008,matured_paired_errors
2024-07-01,Здоровье,3,ridge_panel,0.1753915312178953,matured_paired_errors
2024-07-01,Здоровье,3,catboost,0.1619059699654209,matured_paired_errors
2024-07-01,Здоровье,3,lightgbm,0.1439505574384267,matured_paired_errors
2024-07-01,Здоровье,3,chronos_seasonal,0.1606719186075585,matured_paired_errors
2024-07-01,Здоровье,4,seasonal_growth,0.1567484527885784,matured_paired_errors
2024-07-01,Здоровье,4,panel_shrink,0.1642466687061776,matured_paired_errors
2024-07-01,Здоровье,4,ridge_panel,0.1678841415492952,matured_paired_errors
2024-07-01,Здоровье,4,catboost,0.2033000204177393,matured_paired_errors
2024-07-01,Здоровье,4,lightgbm,0.1786845017088276,matured_paired_errors
2024-07-01,Здоровье,4,chronos_seasonal,0.1291362148293816,matured_paired_errors
2024-07-01,Здоровье,5,seasonal_growth,0.151576674079835,matured_paired_errors
2024-07-01,Здоровье,5,panel_shrink,0.1572826771472346,matured_paired_errors
2024-07-01,Здоровье,5,ridge_panel,0.1674740309776313,matured_paired_errors
2024-07-01,Здоровье,5,catboost,0.1834231556923996,matured_paired_errors
2024-07-01,Здоровье,5,lightgbm,0.219387630724786,matured_paired_errors
2024-07-01,Здоровье,5,chronos_seasonal,0.1208558313781134,matured_paired_errors
2024-07-01,Здоровье,6,seasonal_growth,0.1666666666666666,equal_prior
2024-07-01,Здоровье,6,panel_shrink,0.1666666666666666,equal_prior
2024-07-01,Здоровье,6,ridge_panel,0.1666666666666666,equal_prior
2024-07-01,Здоровье,6,catboost,0.1666666666666666,equal_prior
2024-07-01,Здоровье,6,lightgbm,0.1666666666666666,equal_prior
2024-07-01,Здоровье,6,chronos_seasonal,0.1666666666666666,equal_prior
2024-07-01,Здоровье,7,seasonal_growth,0.1666666666666666,equal_prior
2024-07-01,Здоровье,7,panel_shrink,0.1666666666666666,equal_prior
2024-07-01,Здоровье,7,ridge_panel,0.1666666666666666,equal_prior
2024-07-01,Здоровье,7,catboost,0.1666666666666666,equal_prior
2024-07-01,Здоровье,7,lightgbm,0.1666666666666666,equal_prior
2024-07-01,Здоровье,7,chronos_seasonal,0.1666666666666666,equal_prior
2024-07-01,Здоровье,8,seasonal_growth,0.1666666666666666,equal_prior
2024-07-01,Здоровье,8,panel_shrink,0.1666666666666666,equal_prior
2024-07-01,Здоровье,8,ridge_panel,0.1666666666666666,equal_prior
2024-07-01,Здоровье,8,catboost,0.1666666666666666,equal_prior
2024-07-01,Здоровье,8,lightgbm,0.1666666666666666,equal_prior
2024-07-01,Здоровье,8,chronos_seasonal,0.1666666666666666,equal_prior
2024-07-01,Здоровье,9,seasonal_growth,0.1666666666666666,equal_prior
2024-07-01,Здоровье,9,panel_shrink,0.1666666666666666,equal_prior
2024-07-01,Здоровье,9,ridge_panel,0.1666666666666666,equal_prior
2024-07-01,Здоровье,9,catboost,0.1666666666666666,equal_prior
2024-07-01,Здоровье,9,lightgbm,0.1666666666666666,equal_prior
2024-07-01,Здоровье,9,chronos_seasonal,0.1666666666666666,equal_prior
2024-07-01,Здоровье,10,seasonal_growth,0.1666666666666666,equal_prior
2024-07-01,Здоровье,10,panel_shrink,0.1666666666666666,equal_prior
2024-07-01,Здоровье,10,ridge_panel,0.1666666666666666,equal_prior
2024-07-01,Здоровье,10,catboost,0.1666666666666666,equal_prior
2024-07-01,Здоровье,10,lightgbm,0.1666666666666666,equal_prior
2024-07-01,Здоровье,10,chronos_seasonal,0.1666666666666666,equal_prior
2024-07-01,Здоровье,11,seasonal_growth,0.1666666666666666,equal_prior
2024-07-01,Здоровье,11,panel_shrink,0.1666666666666666,equal_prior
2024-07-01,Здоровье,11,ridge_panel,0.1666666666666666,equal_prior
2024-07-01,Здоровье,11,catboost,0.1666666666666666,equal_prior
2024-07-01,Здоровье,11,lightgbm,0.1666666666666666,equal_prior
2024-07-01,Здоровье,11,chronos_seasonal,0.1666666666666666,equal_prior
2024-07-01,Здоровье,12,seasonal_growth,0.1666666666666666,equal_prior
2024-07-01,Здоровье,12,panel_shrink,0.1666666666666666,equal_prior
2024-07-01,Здоровье,12,ridge_panel,0.1666666666666666,equal_prior
2024-07-01,Здоровье,12,catboost,0.1666666666666666,equal_prior
2024-07-01,Здоровье,12,lightgbm,0.1666666666666666,equal_prior
2024-07-01,Здоровье,12,chronos_seasonal,0.1666666666666666,equal_prior
2024-07-01,Маркетплейсы,1,seasonal_growth,0.1739939601858471,matured_paired_errors
2024-07-01,Маркетплейсы,1,panel_shrink,0.1716225716080401,matured_paired_errors
2024-07-01,Маркетплейсы,1,ridge_panel,0.2358972401922107,matured_paired_errors
2024-07-01,Маркетплейсы,1,catboost,0.1292401839679307,matured_paired_errors
2024-07-01,Маркетплейсы,1,lightgbm,0.11303249379373,matured_paired_errors
2024-07-01,Маркетплейсы,1,chronos_seasonal,0.1762135502522412,matured_paired_errors
2024-07-01,Маркетплейсы,2,seasonal_growth,0.1867477621212009,matured_paired_errors
2024-07-01,Маркетплейсы,2,panel_shrink,0.1780264189699696,matured_paired_errors
2024-07-01,Маркетплейсы,2,ridge_panel,0.2485098545977447,matured_paired_errors
2024-07-01,Маркетплейсы,2,catboost,0.1240681201443509,matured_paired_errors
2024-07-01,Маркетплейсы,2,lightgbm,0.1087369193598029,matured_paired_errors
2024-07-01,Маркетплейсы,2,chronos_seasonal,0.1539109248069309,matured_paired_errors
2024-07-01,Маркетплейсы,3,seasonal_growth,0.1912996655384906,matured_paired_errors
2024-07-01,Маркетплейсы,3,panel_shrink,0.1785053210567568,matured_paired_errors
2024-07-01,Маркетплейсы,3,ridge_panel,0.2618223227699548,matured_paired_errors
2024-07-01,Маркетплейсы,3,catboost,0.1204969314827338,matured_paired_errors
2024-07-01,Маркетплейсы,3,lightgbm,0.1213438930975438,matured_paired_errors
2024-07-01,Маркетплейсы,3,chronos_seasonal,0.12653186605452,matured_paired_errors
2024-07-01,Маркетплейсы,4,seasonal_growth,0.1986432525910167,matured_paired_errors
2024-07-01,Маркетплейсы,4,panel_shrink,0.1820016488022253,matured_paired_errors
2024-07-01,Маркетплейсы,4,ridge_panel,0.2796358673043148,matured_paired_errors
2024-07-01,Маркетплейсы,4,catboost,0.1258324998129597,matured_paired_errors
2024-07-01,Маркетплейсы,4,lightgbm,0.1166600081413889,matured_paired_errors
2024-07-01,Маркетплейсы,4,chronos_seasonal,0.0972267233480944,matured_paired_errors
2024-07-01,Маркетплейсы,5,seasonal_growth,0.2019976256386224,matured_paired_errors
2024-07-01,Маркетплейсы,5,panel_shrink,0.1757392684682019,matured_paired_errors
2024-07-01,Маркетплейсы,5,ridge_panel,0.2690461918258947,matured_paired_errors
2024-07-01,Маркетплейсы,5,catboost,0.1378644931824947,matured_paired_errors
2024-07-01,Маркетплейсы,5,lightgbm,0.1378953692376484,matured_paired_errors
2024-07-01,Маркетплейсы,5,chronos_seasonal,0.0774570516471377,matured_paired_errors
2024-07-01,Маркетплейсы,6,seasonal_growth,0.1666666666666666,equal_prior
2024-07-01,Маркетплейсы,6,panel_shrink,0.1666666666666666,equal_prior
2024-07-01,Маркетплейсы,6,ridge_panel,0.1666666666666666,equal_prior
2024-07-01,Маркетплейсы,6,catboost,0.1666666666666666,equal_prior
2024-07-01,Маркетплейсы,6,lightgbm,0.1666666666666666,equal_prior
2024-07-01,Маркетплейсы,6,chronos_seasonal,0.1666666666666666,equal_prior
2024-07-01,Маркетплейсы,7,seasonal_growth,0.1666666666666666,equal_prior
2024-07-01,Маркетплейсы,7,panel_shrink,0.1666666666666666,equal_prior
2024-07-01,Маркетплейсы,7,ridge_panel,0.1666666666666666,equal_prior
2024-07-01,Маркетплейсы,7,catboost,0.1666666666666666,equal_prior
2024-07-01,Маркетплейсы,7,lightgbm,0.1666666666666666,equal_prior
2024-07-01,Маркетплейсы,7,chronos_seasonal,0.1666666666666666,equal_prior
2024-07-01,Маркетплейсы,8,seasonal_growth,0.1666666666666666,equal_prior
2024-07-01,Маркетплейсы,8,panel_shrink,0.1666666666666666,equal_prior
2024-07-01,Маркетплейсы,8,ridge_panel,0.1666666666666666,equal_prior
2024-07-01,Маркетплейсы,8,catboost,0.1666666666666666,equal_prior
2024-07-01,Маркетплейсы,8,lightgbm,0.1666666666666666,equal_prior
2024-07-01,Маркетплейсы,8,chronos_seasonal,0.1666666666666666,equal_prior
2024-07-01,Маркетплейсы,9,seasonal_growth,0.1666666666666666,equal_prior
2024-07-01,Маркетплейсы,9,panel_shrink,0.1666666666666666,equal_prior
2024-07-01,Маркетплейсы,9,ridge_panel,0.1666666666666666,equal_prior
2024-07-01,Маркетплейсы,9,catboost,0.1666666666666666,equal_prior
2024-07-01,Маркетплейсы,9,lightgbm,0.1666666666666666,equal_prior
2024-07-01,Маркетплейсы,9,chronos_seasonal,0.1666666666666666,equal_prior
2024-07-01,Маркетплейсы,10,seasonal_growth,0.1666666666666666,equal_prior
2024-07-01,Маркетплейсы,10,panel_shrink,0.1666666666666666,equal_prior
2024-07-01,Маркетплейсы,10,ridge_panel,0.1666666666666666,equal_prior
2024-07-01,Маркетплейсы,10,catboost,0.1666666666666666,equal_prior
2024-07-01,Маркетплейсы,10,lightgbm,0.1666666666666666,equal_prior
2024-07-01,Маркетплейсы,10,chronos_seasonal,0.1666666666666666,equal_prior
2024-07-01,Маркетплейсы,11,seasonal_growth,0.1666666666666666,equal_prior
2024-07-01,Маркетплейсы,11,panel_shrink,0.1666666666666666,equal_prior
2024-07-01,Маркетплейсы,11,ridge_panel,0.1666666666666666,equal_prior
2024-07-01,Маркетплейсы,11,catboost,0.1666666666666666,equal_prior
2024-07-01,Маркетплейсы,11,lightgbm,0.1666666666666666,equal_prior
2024-07-01,Маркетплейсы,11,chronos_seasonal,0.1666666666666666,equal_prior
2024-07-01,Маркетплейсы,12,seasonal_growth,0.1666666666666666,equal_prior
2024-07-01,Маркетплейсы,12,panel_shrink,0.1666666666666666,equal_prior
2024-07-01,Маркетплейсы,12,ridge_panel,0.1666666666666666,equal_prior
2024-07-01,Маркетплейсы,12,catboost,0.1666666666666666,equal_prior
2024-07-01,Маркетплейсы,12,lightgbm,0.1666666666666666,equal_prior
2024-07-01,Маркетплейсы,12,chronos_seasonal,0.1666666666666666,equal_prior
2024-07-01,Общественное питание,1,seasonal_growth,0.1700278564040752,matured_paired_errors
2024-07-01,Общественное питание,1,panel_shrink,0.1620372950410104,matured_paired_errors
2024-07-01,Общественное питание,1,ridge_panel,0.1382129435183363,matured_paired_errors
2024-07-01,Общественное питание,1,catboost,0.1825472963550676,matured_paired_errors
2024-07-01,Общественное питание,1,lightgbm,0.1947713987902012,matured_paired_errors
2024-07-01,Общественное питание,1,chronos_seasonal,0.152403209891309,matured_paired_errors
2024-07-01,Общественное питание,2,seasonal_growth,0.1958287125101028,matured_paired_errors
2024-07-01,Общественное питание,2,panel_shrink,0.1784251304917887,matured_paired_errors
2024-07-01,Общественное питание,2,ridge_panel,0.1426997056693869,matured_paired_errors
2024-07-01,Общественное питание,2,catboost,0.1632202747563098,matured_paired_errors
2024-07-01,Общественное питание,2,lightgbm,0.1651189716657583,matured_paired_errors
2024-07-01,Общественное питание,2,chronos_seasonal,0.1547072049066534,matured_paired_errors
2024-07-01,Общественное питание,3,seasonal_growth,0.2053196740050125,matured_paired_errors
2024-07-01,Общественное питание,3,panel_shrink,0.1800281718476371,matured_paired_errors
2024-07-01,Общественное питание,3,ridge_panel,0.1408783401961949,matured_paired_errors
2024-07-01,Общественное питание,3,catboost,0.1582930980660975,matured_paired_errors
2024-07-01,Общественное питание,3,lightgbm,0.165870469832322,matured_paired_errors
2024-07-01,Общественное питание,3,chronos_seasonal,0.1496102460527358,matured_paired_errors
2024-07-01,Общественное питание,4,seasonal_growth,0.2196932849620676,matured_paired_errors
2024-07-01,Общественное питание,4,panel_shrink,0.1906116130880299,matured_paired_errors
2024-07-01,Общественное питание,4,ridge_panel,0.14377157124424,matured_paired_errors
2024-07-01,Общественное питание,4,catboost,0.1468109915909813,matured_paired_errors
2024-07-01,Общественное питание,4,lightgbm,0.1580274350510065,matured_paired_errors
2024-07-01,Общественное питание,4,chronos_seasonal,0.1410851040636744,matured_paired_errors
2024-07-01,Общественное питание,5,seasonal_growth,0.2316722376699247,matured_paired_errors
2024-07-01,Общественное питание,5,panel_shrink,0.1998622534536734,matured_paired_errors
2024-07-01,Общественное питание,5,ridge_panel,0.1516235269987227,matured_paired_errors
2024-07-01,Общественное питание,5,catboost,0.130743909606856,matured_paired_errors
2024-07-01,Общественное питание,5,lightgbm,0.140086120518989,matured_paired_errors
2024-07-01,Общественное питание,5,chronos_seasonal,0.1460119517518339,matured_paired_errors
2024-07-01,Общественное питание,6,seasonal_growth,0.1666666666666666,equal_prior
2024-07-01,Общественное питание,6,panel_shrink,0.1666666666666666,equal_prior
2024-07-01,Общественное питание,6,ridge_panel,0.1666666666666666,equal_prior
2024-07-01,Общественное питание,6,catboost,0.1666666666666666,equal_prior
2024-07-01,Общественное питание,6,lightgbm,0.1666666666666666,equal_prior
2024-07-01,Общественное питание,6,chronos_seasonal,0.1666666666666666,equal_prior
2024-07-01,Общественное питание,7,seasonal_growth,0.1666666666666666,equal_prior
2024-07-01,Общественное питание,7,panel_shrink,0.1666666666666666,equal_prior
2024-07-01,Общественное питание,7,ridge_panel,0.1666666666666666,equal_prior
2024-07-01,Общественное питание,7,catboost,0.1666666666666666,equal_prior
2024-07-01,Общественное питание,7,lightgbm,0.1666666666666666,equal_prior
2024-07-01,Общественное питание,7,chronos_seasonal,0.1666666666666666,equal_prior
2024-07-01,Общественное питание,8,seasonal_growth,0.1666666666666666,equal_prior
2024-07-01,Общественное питание,8,panel_shrink,0.1666666666666666,equal_prior
2024-07-01,Общественное питание,8,ridge_panel,0.1666666666666666,equal_prior
2024-07-01,Общественное питание,8,catboost,0.1666666666666666,equal_prior
2024-07-01,Общественное питание,8,lightgbm,0.1666666666666666,equal_prior
2024-07-01,Общественное питание,8,chronos_seasonal,0.1666666666666666,equal_prior
2024-07-01,Общественное питание,9,seasonal_growth,0.1666666666666666,equal_prior
2024-07-01,Общественное питание,9,panel_shrink,0.1666666666666666,equal_prior
2024-07-01,Общественное питание,9,ridge_panel,0.1666666666666666,equal_prior
2024-07-01,Общественное питание,9,catboost,0.1666666666666666,equal_prior
2024-07-01,Общественное питание,9,lightgbm,0.1666666666666666,equal_prior
2024-07-01,Общественное питание,9,chronos_seasonal,0.1666666666666666,equal_prior
2024-07-01,Общественное питание,10,seasonal_growth,0.1666666666666666,equal_prior
2024-07-01,Общественное питание,10,panel_shrink,0.1666666666666666,equal_prior
2024-07-01,Общественное питание,10,ridge_panel,0.1666666666666666,equal_prior
2024-07-01,Общественное питание,10,catboost,0.1666666666666666,equal_prior
2024-07-01,Общественное питание,10,lightgbm,0.1666666666666666,equal_prior
2024-07-01,Общественное питание,10,chronos_seasonal,0.1666666666666666,equal_prior
2024-07-01,Общественное питание,11,seasonal_growth,0.1666666666666666,equal_prior
2024-07-01,Общественное питание,11,panel_shrink,0.1666666666666666,equal_prior
2024-07-01,Общественное питание,11,ridge_panel,0.1666666666666666,equal_prior
2024-07-01,Общественное питание,11,catboost,0.1666666666666666,equal_prior
2024-07-01,Общественное питание,11,lightgbm,0.1666666666666666,equal_prior
2024-07-01,Общественное питание,11,chronos_seasonal,0.1666666666666666,equal_prior
2024-07-01,Общественное питание,12,seasonal_growth,0.1666666666666666,equal_prior
2024-07-01,Общественное питание,12,panel_shrink,0.1666666666666666,equal_prior
2024-07-01,Общественное питание,12,ridge_panel,0.1666666666666666,equal_prior
2024-07-01,Общественное питание,12,catboost,0.1666666666666666,equal_prior
2024-07-01,Общественное питание,12,lightgbm,0.1666666666666666,equal_prior
2024-07-01,Общественное питание,12,chronos_seasonal,0.1666666666666666,equal_prior
2024-07-01,Продовольствие,1,seasonal_growth,0.197610154448911,matured_paired_errors
2024-07-01,Продовольствие,1,panel_shrink,0.2164896314377,matured_paired_errors
2024-07-01,Продовольствие,1,ridge_panel,0.2059333617622907,matured_paired_errors
2024-07-01,Продовольствие,1,catboost,0.0751298061299633,matured_paired_errors
2024-07-01,Продовольствие,1,lightgbm,0.090679461756384,matured_paired_errors
2024-07-01,Продовольствие,1,chronos_seasonal,0.2141575844647507,matured_paired_errors
2024-07-01,Продовольствие,2,seasonal_growth,0.2061472721280434,matured_paired_errors
2024-07-01,Продовольствие,2,panel_shrink,0.2351559529683444,matured_paired_errors
2024-07-01,Продовольствие,2,ridge_panel,0.2082375026929057,matured_paired_errors
2024-07-01,Продовольствие,2,catboost,0.0786133543055773,matured_paired_errors
2024-07-01,Продовольствие,2,lightgbm,0.0949419234827192,matured_paired_errors
2024-07-01,Продовольствие,2,chronos_seasonal,0.1769039944224096,matured_paired_errors
2024-07-01,Продовольствие,3,seasonal_growth,0.2190627923036265,matured_paired_errors
2024-07-01,Продовольствие,3,panel_shrink,0.2458057032893721,matured_paired_errors
2024-07-01,Продовольствие,3,ridge_panel,0.2020329638483698,matured_paired_errors
2024-07-01,Продовольствие,3,catboost,0.0741237125371346,matured_paired_errors
2024-07-01,Продовольствие,3,lightgbm,0.1001425331987722,matured_paired_errors
2024-07-01,Продовольствие,3,chronos_seasonal,0.1588322948227244,matured_paired_errors
2024-07-01,Продовольствие,4,seasonal_growth,0.2284165240712328,matured_paired_errors
2024-07-01,Продовольствие,4,panel_shrink,0.2534244481672726,matured_paired_errors
2024-07-01,Продовольствие,4,ridge_panel,0.2107881962382298,matured_paired_errors
2024-07-01,Продовольствие,4,catboost,0.0781802406958378,matured_paired_errors
2024-07-01,Продовольствие,4,lightgbm,0.0892837249325522,matured_paired_errors
2024-07-01,Продовольствие,4,chronos_seasonal,0.1399068658948746,matured_paired_errors
2024-07-01,Продовольствие,5,seasonal_growth,0.2435006812213523,matured_paired_errors
2024-07-01,Продовольствие,5,panel_shrink,0.2645379758279197,matured_paired_errors
2024-07-01,Продовольствие,5,ridge_panel,0.2196297469513368,matured_paired_errors
2024-07-01,Продовольствие,5,catboost,0.068218271885496,matured_paired_errors
2024-07-01,Продовольствие,5,lightgbm,0.0726594637370729,matured_paired_errors
2024-07-01,Продовольствие,5,chronos_seasonal,0.131453860376822,matured_paired_errors
2024-07-01,Продовольствие,6,seasonal_growth,0.1666666666666666,equal_prior
2024-07-01,Продовольствие,6,panel_shrink,0.1666666666666666,equal_prior
2024-07-01,Продовольствие,6,ridge_panel,0.1666666666666666,equal_prior
2024-07-01,Продовольствие,6,catboost,0.1666666666666666,equal_prior
2024-07-01,Продовольствие,6,lightgbm,0.1666666666666666,equal_prior
2024-07-01,Продовольствие,6,chronos_seasonal,0.1666666666666666,equal_prior
2024-07-01,Продовольствие,7,seasonal_growth,0.1666666666666666,equal_prior
2024-07-01,Продовольствие,7,panel_shrink,0.1666666666666666,equal_prior
2024-07-01,Продовольствие,7,ridge_panel,0.1666666666666666,equal_prior
2024-07-01,Продовольствие,7,catboost,0.1666666666666666,equal_prior
2024-07-01,Продовольствие,7,lightgbm,0.1666666666666666,equal_prior
2024-07-01,Продовольствие,7,chronos_seasonal,0.1666666666666666,equal_prior
2024-07-01,Продовольствие,8,seasonal_growth,0.1666666666666666,equal_prior
2024-07-01,Продовольствие,8,panel_shrink,0.1666666666666666,equal_prior
2024-07-01,Продовольствие,8,ridge_panel,0.1666666666666666,equal_prior
2024-07-01,Продовольствие,8,catboost,0.1666666666666666,equal_prior
2024-07-01,Продовольствие,8,lightgbm,0.1666666666666666,equal_prior
2024-07-01,Продовольствие,8,chronos_seasonal,0.1666666666666666,equal_prior
2024-07-01,Продовольствие,9,seasonal_growth,0.1666666666666666,equal_prior
2024-07-01,Продовольствие,9,panel_shrink,0.1666666666666666,equal_prior
2024-07-01,Продовольствие,9,ridge_panel,0.1666666666666666,equal_prior
2024-07-01,Продовольствие,9,catboost,0.1666666666666666,equal_prior
2024-07-01,Продовольствие,9,lightgbm,0.1666666666666666,equal_prior
2024-07-01,Продовольствие,9,chronos_seasonal,0.1666666666666666,equal_prior
2024-07-01,Продовольствие,10,seasonal_growth,0.1666666666666666,equal_prior
2024-07-01,Продовольствие,10,panel_shrink,0.1666666666666666,equal_prior
2024-07-01,Продовольствие,10,ridge_panel,0.1666666666666666,equal_prior
2024-07-01,Продовольствие,10,catboost,0.1666666666666666,equal_prior
2024-07-01,Продовольствие,10,lightgbm,0.1666666666666666,equal_prior
2024-07-01,Продовольствие,10,chronos_seasonal,0.1666666666666666,equal_prior
2024-07-01,Продовольствие,11,seasonal_growth,0.1666666666666666,equal_prior
2024-07-01,Продовольствие,11,panel_shrink,0.1666666666666666,equal_prior
2024-07-01,Продовольствие,11,ridge_panel,0.1666666666666666,equal_prior
2024-07-01,Продовольствие,11,catboost,0.1666666666666666,equal_prior
2024-07-01,Продовольствие,11,lightgbm,0.1666666666666666,equal_prior
2024-07-01,Продовольствие,11,chronos_seasonal,0.1666666666666666,equal_prior
2024-07-01,Продовольствие,12,seasonal_growth,0.1666666666666666,equal_prior
2024-07-01,Продовольствие,12,panel_shrink,0.1666666666666666,equal_prior
2024-07-01,Продовольствие,12,ridge_panel,0.1666666666666666,equal_prior
2024-07-01,Продовольствие,12,catboost,0.1666666666666666,equal_prior
2024-07-01,Продовольствие,12,lightgbm,0.1666666666666666,equal_prior
2024-07-01,Продовольствие,12,chronos_seasonal,0.1666666666666666,equal_prior
2024-07-01,Транспорт,1,seasonal_growth,0.1483432556999295,matured_paired_errors
2024-07-01,Транспорт,1,panel_shrink,0.1614258297929623,matured_paired_errors
2024-07-01,Транспорт,1,ridge_panel,0.1355970730267514,matured_paired_errors
2024-07-01,Транспорт,1,catboost,0.1983205006756068,matured_paired_errors
2024-07-01,Транспорт,1,lightgbm,0.2108872805742015,matured_paired_errors
2024-07-01,Транспорт,1,chronos_seasonal,0.1454260602305483,matured_paired_errors
2024-07-01,Транспорт,2,seasonal_growth,0.164733975982506,matured_paired_errors
2024-07-01,Транспорт,2,panel_shrink,0.1770889181568554,matured_paired_errors
2024-07-01,Транспорт,2,ridge_panel,0.1438856364191055,matured_paired_errors
2024-07-01,Транспорт,2,catboost,0.1744823675210313,matured_paired_errors
2024-07-01,Транспорт,2,lightgbm,0.2037499361536786,matured_paired_errors
2024-07-01,Транспорт,2,chronos_seasonal,0.136059165766823,matured_paired_errors
2024-07-01,Транспорт,3,seasonal_growth,0.1719596470949615,matured_paired_errors
2024-07-01,Транспорт,3,panel_shrink,0.1773264534187368,matured_paired_errors
2024-07-01,Транспорт,3,ridge_panel,0.1476130215469563,matured_paired_errors
2024-07-01,Транспорт,3,catboost,0.1721062773846117,matured_paired_errors
2024-07-01,Транспорт,3,lightgbm,0.1996335039133217,matured_paired_errors
2024-07-01,Транспорт,3,chronos_seasonal,0.1313610966414118,matured_paired_errors
2024-07-01,Транспорт,4,seasonal_growth,0.1814829244083846,matured_paired_errors
2024-07-01,Транспорт,4,panel_shrink,0.180716880768568,matured_paired_errors
2024-07-01,Транспорт,4,ridge_panel,0.1468079363937419,matured_paired_errors
2024-07-01,Транспорт,4,catboost,0.1817771693458261,matured_paired_errors
2024-07-01,Транспорт,4,lightgbm,0.1827233426576897,matured_paired_errors
2024-07-01,Транспорт,4,chronos_seasonal,0.1264917464257896,matured_paired_errors
2024-07-01,Транспорт,5,seasonal_growth,0.1975044604705641,matured_paired_errors
2024-07-01,Транспорт,5,panel_shrink,0.1978213762508817,matured_paired_errors
2024-07-01,Транспорт,5,ridge_panel,0.1649827760988824,matured_paired_errors
2024-07-01,Транспорт,5,catboost,0.1489617473727811,matured_paired_errors
2024-07-01,Транспорт,5,lightgbm,0.1536550129933008,matured_paired_errors
2024-07-01,Транспорт,5,chronos_seasonal,0.1370746268135897,matured_paired_errors
2024-07-01,Транспорт,6,seasonal_growth,0.1666666666666666,equal_prior
2024-07-01,Транспорт,6,panel_shrink,0.1666666666666666,equal_prior
2024-07-01,Транспорт,6,ridge_panel,0.1666666666666666,equal_prior
2024-07-01,Транспорт,6,catboost,0.1666666666666666,equal_prior
2024-07-01,Транспорт,6,lightgbm,0.1666666666666666,equal_prior
2024-07-01,Транспорт,6,chronos_seasonal,0.1666666666666666,equal_prior
2024-07-01,Транспорт,7,seasonal_growth,0.1666666666666666,equal_prior
2024-07-01,Транспорт,7,panel_shrink,0.1666666666666666,equal_prior
2024-07-01,Транспорт,7,ridge_panel,0.1666666666666666,equal_prior
2024-07-01,Транспорт,7,catboost,0.1666666666666666,equal_prior
2024-07-01,Транспорт,7,lightgbm,0.1666666666666666,equal_prior
2024-07-01,Транспорт,7,chronos_seasonal,0.1666666666666666,equal_prior
2024-07-01,Транспорт,8,seasonal_growth,0.1666666666666666,equal_prior
2024-07-01,Транспорт,8,panel_shrink,0.1666666666666666,equal_prior
2024-07-01,Транспорт,8,ridge_panel,0.1666666666666666,equal_prior
2024-07-01,Транспорт,8,catboost,0.1666666666666666,equal_prior
2024-07-01,Транспорт,8,lightgbm,0.1666666666666666,equal_prior
2024-07-01,Транспорт,8,chronos_seasonal,0.1666666666666666,equal_prior
2024-07-01,Транспорт,9,seasonal_growth,0.1666666666666666,equal_prior
2024-07-01,Транспорт,9,panel_shrink,0.1666666666666666,equal_prior
2024-07-01,Транспорт,9,ridge_panel,0.1666666666666666,equal_prior
2024-07-01,Транспорт,9,catboost,0.1666666666666666,equal_prior
2024-07-01,Транспорт,9,lightgbm,0.1666666666666666,equal_prior
2024-07-01,Транспорт,9,chronos_seasonal,0.1666666666666666,equal_prior
2024-07-01,Транспорт,10,seasonal_growth,0.1666666666666666,equal_prior
2024-07-01,Транспорт,10,panel_shrink,0.1666666666666666,equal_prior
2024-07-01,Транспорт,10,ridge_panel,0.1666666666666666,equal_prior
2024-07-01,Транспорт,10,catboost,0.1666666666666666,equal_prior
2024-07-01,Транспорт,10,lightgbm,0.1666666666666666,equal_prior
2024-07-01,Транспорт,10,chronos_seasonal,0.1666666666666666,equal_prior
2024-07-01,Транспорт,11,seasonal_growth,0.1666666666666666,equal_prior
2024-07-01,Транспорт,11,panel_shrink,0.1666666666666666,equal_prior
2024-07-01,Транспорт,11,ridge_panel,0.1666666666666666,equal_prior
2024-07-01,Транспорт,11,catboost,0.1666666666666666,equal_prior
2024-07-01,Транспорт,11,lightgbm,0.1666666666666666,equal_prior
2024-07-01,Транспорт,11,chronos_seasonal,0.1666666666666666,equal_prior
2024-07-01,Транспорт,12,seasonal_growth,0.1666666666666666,equal_prior
2024-07-01,Транспорт,12,panel_shrink,0.1666666666666666,equal_prior
2024-07-01,Транспорт,12,ridge_panel,0.1666666666666666,equal_prior
2024-07-01,Транспорт,12,catboost,0.1666666666666666,equal_prior
2024-07-01,Транспорт,12,lightgbm,0.1666666666666666,equal_prior
2024-07-01,Транспорт,12,chronos_seasonal,0.1666666666666666,equal_prior
2024-08-01,Все категории,1,seasonal_growth,0.1921911361528435,matured_paired_errors
2024-08-01,Все категории,1,panel_shrink,0.2051294732231426,matured_paired_errors
2024-08-01,Все категории,1,ridge_panel,0.1821396147998652,matured_paired_errors
2024-08-01,Все категории,1,catboost,0.1131001598932525,matured_paired_errors
2024-08-01,Все категории,1,lightgbm,0.1185431901220947,matured_paired_errors
2024-08-01,Все категории,1,chronos_seasonal,0.1888964258088012,matured_paired_errors
2024-08-01,Все категории,2,seasonal_growth,0.2009090825515982,matured_paired_errors
2024-08-01,Все категории,2,panel_shrink,0.2213181714087469,matured_paired_errors
2024-08-01,Все категории,2,ridge_panel,0.1992217249447104,matured_paired_errors
2024-08-01,Все категории,2,catboost,0.0957403774073867,matured_paired_errors
2024-08-01,Все категории,2,lightgbm,0.1128837219816266,matured_paired_errors
2024-08-01,Все категории,2,chronos_seasonal,0.1699269217059311,matured_paired_errors
2024-08-01,Все категории,3,seasonal_growth,0.1976575355276554,matured_paired_errors
2024-08-01,Все категории,3,panel_shrink,0.2132250395264402,matured_paired_errors
2024-08-01,Все категории,3,ridge_panel,0.1883693053174736,matured_paired_errors
2024-08-01,Все категории,3,catboost,0.1177891303934557,matured_paired_errors
2024-08-01,Все категории,3,lightgbm,0.1461537913087431,matured_paired_errors
2024-08-01,Все категории,3,chronos_seasonal,0.1368051979262316,matured_paired_errors
2024-08-01,Все категории,4,seasonal_growth,0.1999203467390002,matured_paired_errors
2024-08-01,Все категории,4,panel_shrink,0.2157141069506801,matured_paired_errors
2024-08-01,Все категории,4,ridge_panel,0.1908053908010714,matured_paired_errors
2024-08-01,Все категории,4,catboost,0.1205378593547358,matured_paired_errors
2024-08-01,Все категории,4,lightgbm,0.1519457514189159,matured_paired_errors
2024-08-01,Все категории,4,chronos_seasonal,0.1210765447355964,matured_paired_errors
2024-08-01,Все категории,5,seasonal_growth,0.217287553822097,matured_paired_errors
2024-08-01,Все категории,5,panel_shrink,0.2284056512048745,matured_paired_errors
2024-08-01,Все категории,5,ridge_panel,0.197632926431635,matured_paired_errors
2024-08-01,Все категории,5,catboost,0.1131075170229693,matured_paired_errors
2024-08-01,Все категории,5,lightgbm,0.1379733372785052,matured_paired_errors
2024-08-01,Все категории,5,chronos_seasonal,0.1055930142399187,matured_paired_errors
2024-08-01,Все категории,6,seasonal_growth,0.2314460031724843,matured_paired_errors
2024-08-01,Все категории,6,panel_shrink,0.2373770643498911,matured_paired_errors
2024-08-01,Все категории,6,ridge_panel,0.2178138147663891,matured_paired_errors
2024-08-01,Все категории,6,catboost,0.0949070259103833,matured_paired_errors
2024-08-01,Все категории,6,lightgbm,0.1149795674580586,matured_paired_errors
2024-08-01,Все категории,6,chronos_seasonal,0.1034765243427933,matured_paired_errors
2024-08-01,Все категории,7,seasonal_growth,0.1666666666666666,equal_prior
2024-08-01,Все категории,7,panel_shrink,0.1666666666666666,equal_prior
2024-08-01,Все категории,7,ridge_panel,0.1666666666666666,equal_prior
2024-08-01,Все категории,7,catboost,0.1666666666666666,equal_prior
2024-08-01,Все категории,7,lightgbm,0.1666666666666666,equal_prior
2024-08-01,Все категории,7,chronos_seasonal,0.1666666666666666,equal_prior
2024-08-01,Все категории,8,seasonal_growth,0.1666666666666666,equal_prior
2024-08-01,Все категории,8,panel_shrink,0.1666666666666666,equal_prior
2024-08-01,Все категории,8,ridge_panel,0.1666666666666666,equal_prior
2024-08-01,Все категории,8,catboost,0.1666666666666666,equal_prior
2024-08-01,Все категории,8,lightgbm,0.1666666666666666,equal_prior
2024-08-01,Все категории,8,chronos_seasonal,0.1666666666666666,equal_prior
2024-08-01,Все категории,9,seasonal_growth,0.1666666666666666,equal_prior
2024-08-01,Все категории,9,panel_shrink,0.1666666666666666,equal_prior
2024-08-01,Все категории,9,ridge_panel,0.1666666666666666,equal_prior
2024-08-01,Все категории,9,catboost,0.1666666666666666,equal_prior
2024-08-01,Все категории,9,lightgbm,0.1666666666666666,equal_prior
2024-08-01,Все категории,9,chronos_seasonal,0.1666666666666666,equal_prior
2024-08-01,Все категории,10,seasonal_growth,0.1666666666666666,equal_prior
2024-08-01,Все категории,10,panel_shrink,0.1666666666666666,equal_prior
2024-08-01,Все категории,10,ridge_panel,0.1666666666666666,equal_prior
2024-08-01,Все категории,10,catboost,0.1666666666666666,equal_prior
2024-08-01,Все категории,10,lightgbm,0.1666666666666666,equal_prior
2024-08-01,Все категории,10,chronos_seasonal,0.1666666666666666,equal_prior
2024-08-01,Все категории,11,seasonal_growth,0.1666666666666666,equal_prior
2024-08-01,Все категории,11,panel_shrink,0.1666666666666666,equal_prior
2024-08-01,Все категории,11,ridge_panel,0.1666666666666666,equal_prior
2024-08-01,Все категории,11,catboost,0.1666666666666666,equal_prior
2024-08-01,Все категории,11,lightgbm,0.1666666666666666,equal_prior
2024-08-01,Все категории,11,chronos_seasonal,0.1666666666666666,equal_prior
2024-08-01,Все категории,12,seasonal_growth,0.1666666666666666,equal_prior
2024-08-01,Все категории,12,panel_shrink,0.1666666666666666,equal_prior
2024-08-01,Все категории,12,ridge_panel,0.1666666666666666,equal_prior
2024-08-01,Все категории,12,catboost,0.1666666666666666,equal_prior
2024-08-01,Все категории,12,lightgbm,0.1666666666666666,equal_prior
2024-08-01,Все категории,12,chronos_seasonal,0.1666666666666666,equal_prior
2024-08-01,Здоровье,1,seasonal_growth,0.160008334274616,matured_paired_errors
2024-08-01,Здоровье,1,panel_shrink,0.1819295149710992,matured_paired_errors
2024-08-01,Здоровье,1,ridge_panel,0.1870278106781615,matured_paired_errors
2024-08-01,Здоровье,1,catboost,0.1523286303187257,matured_paired_errors
2024-08-01,Здоровье,1,lightgbm,0.1434788068313543,matured_paired_errors
2024-08-01,Здоровье,1,chronos_seasonal,0.1752269029260431,matured_paired_errors
2024-08-01,Здоровье,2,seasonal_growth,0.1690487632801237,matured_paired_errors
2024-08-01,Здоровье,2,panel_shrink,0.1917060081689408,matured_paired_errors
2024-08-01,Здоровье,2,ridge_panel,0.189792261349506,matured_paired_errors
2024-08-01,Здоровье,2,catboost,0.1324847094083975,matured_paired_errors
2024-08-01,Здоровье,2,lightgbm,0.1338449252369949,matured_paired_errors
2024-08-01,Здоровье,2,chronos_seasonal,0.1831233325560368,matured_paired_errors
2024-08-01,Здоровье,3,seasonal_growth,0.175168683634695,matured_paired_errors
2024-08-01,Здоровье,3,panel_shrink,0.1973506143455873,matured_paired_errors
2024-08-01,Здоровье,3,ridge_panel,0.1776973359888199,matured_paired_errors
2024-08-01,Здоровье,3,catboost,0.1388550743179432,matured_paired_errors
2024-08-01,Здоровье,3,lightgbm,0.1362402851031926,matured_paired_errors
2024-08-01,Здоровье,3,chronos_seasonal,0.1746880066097617,matured_paired_errors
2024-08-01,Здоровье,4,seasonal_growth,0.1651890763839804,matured_paired_errors
2024-08-01,Здоровье,4,panel_shrink,0.1819977678666194,matured_paired_errors
2024-08-01,Здоровье,4,ridge_panel,0.1816852620605968,matured_paired_errors
2024-08-01,Здоровье,4,catboost,0.1716314605130139,matured_paired_errors
2024-08-01,Здоровье,4,lightgbm,0.1483193357363906,matured_paired_errors
2024-08-01,Здоровье,4,chronos_seasonal,0.1511770974393985,matured_paired_errors
2024-08-01,Здоровье,5,seasonal_growth,0.1607939907080695,matured_paired_errors
2024-08-01,Здоровье,5,panel_shrink,0.1771623114120785,matured_paired_errors
2024-08-01,Здоровье,5,ridge_panel,0.17830279119835,matured_paired_errors
2024-08-01,Здоровье,5,catboost,0.180351269791143,matured_paired_errors
2024-08-01,Здоровье,5,lightgbm,0.168839182441422,matured_paired_errors
2024-08-01,Здоровье,5,chronos_seasonal,0.1345504544489367,matured_paired_errors
2024-08-01,Здоровье,6,seasonal_growth,0.1581439291861191,matured_paired_errors
2024-08-01,Здоровье,6,panel_shrink,0.171228066344791,matured_paired_errors
2024-08-01,Здоровье,6,ridge_panel,0.1757811472790463,matured_paired_errors
2024-08-01,Здоровье,6,catboost,0.1698392638360413,matured_paired_errors
2024-08-01,Здоровье,6,lightgbm,0.1937373356731452,matured_paired_errors
2024-08-01,Здоровье,6,chronos_seasonal,0.1312702576808569,matured_paired_errors
2024-08-01,Здоровье,7,seasonal_growth,0.1666666666666666,equal_prior
2024-08-01,Здоровье,7,panel_shrink,0.1666666666666666,equal_prior
2024-08-01,Здоровье,7,ridge_panel,0.1666666666666666,equal_prior
2024-08-01,Здоровье,7,catboost,0.1666666666666666,equal_prior
2024-08-01,Здоровье,7,lightgbm,0.1666666666666666,equal_prior
2024-08-01,Здоровье,7,chronos_seasonal,0.1666666666666666,equal_prior
2024-08-01,Здоровье,8,seasonal_growth,0.1666666666666666,equal_prior
2024-08-01,Здоровье,8,panel_shrink,0.1666666666666666,equal_prior
2024-08-01,Здоровье,8,ridge_panel,0.1666666666666666,equal_prior
2024-08-01,Здоровье,8,catboost,0.1666666666666666,equal_prior
2024-08-01,Здоровье,8,lightgbm,0.1666666666666666,equal_prior
2024-08-01,Здоровье,8,chronos_seasonal,0.1666666666666666,equal_prior
2024-08-01,Здоровье,9,seasonal_growth,0.1666666666666666,equal_prior
2024-08-01,Здоровье,9,panel_shrink,0.1666666666666666,equal_prior
2024-08-01,Здоровье,9,ridge_panel,0.1666666666666666,equal_prior
2024-08-01,Здоровье,9,catboost,0.1666666666666666,equal_prior
2024-08-01,Здоровье,9,lightgbm,0.1666666666666666,equal_prior
2024-08-01,Здоровье,9,chronos_seasonal,0.1666666666666666,equal_prior
2024-08-01,Здоровье,10,seasonal_growth,0.1666666666666666,equal_prior
2024-08-01,Здоровье,10,panel_shrink,0.1666666666666666,equal_prior
2024-08-01,Здоровье,10,ridge_panel,0.1666666666666666,equal_prior
2024-08-01,Здоровье,10,catboost,0.1666666666666666,equal_prior
2024-08-01,Здоровье,10,lightgbm,0.1666666666666666,equal_prior
2024-08-01,Здоровье,10,chronos_seasonal,0.1666666666666666,equal_prior
2024-08-01,Здоровье,11,seasonal_growth,0.1666666666666666,equal_prior
2024-08-01,Здоровье,11,panel_shrink,0.1666666666666666,equal_prior
2024-08-01,Здоровье,11,ridge_panel,0.1666666666666666,equal_prior
2024-08-01,Здоровье,11,catboost,0.1666666666666666,equal_prior
2024-08-01,Здоровье,11,lightgbm,0.1666666666666666,equal_prior
2024-08-01,Здоровье,11,chronos_seasonal,0.1666666666666666,equal_prior
2024-08-01,Здоровье,12,seasonal_growth,0.1666666666666666,equal_prior
2024-08-01,Здоровье,12,panel_shrink,0.1666666666666666,equal_prior
2024-08-01,Здоровье,12,ridge_panel,0.1666666666666666,equal_prior
2024-08-01,Здоровье,12,catboost,0.1666666666666666,equal_prior
2024-08-01,Здоровье,12,lightgbm,0.1666666666666666,equal_prior
2024-08-01,Здоровье,12,chronos_seasonal,0.1666666666666666,equal_prior
2024-08-01,Маркетплейсы,1,seasonal_growth,0.1721483030502851,matured_paired_errors
2024-08-01,Маркетплейсы,1,panel_shrink,0.1719738686934547,matured_paired_errors
2024-08-01,Маркетплейсы,1,ridge_panel,0.2304460086375134,matured_paired_errors
2024-08-01,Маркетплейсы,1,catboost,0.1371737952967663,matured_paired_errors
2024-08-01,Маркетплейсы,1,lightgbm,0.1206185243852611,matured_paired_errors
2024-08-01,Маркетплейсы,1,chronos_seasonal,0.1676394999367191,matured_paired_errors
2024-08-01,Маркетплейсы,2,seasonal_growth,0.1826659029892701,matured_paired_errors
2024-08-01,Маркетплейсы,2,panel_shrink,0.1772854280018378,matured_paired_errors
2024-08-01,Маркетплейсы,2,ridge_panel,0.2391261841778951,matured_paired_errors
2024-08-01,Маркетплейсы,2,catboost,0.1325664969394316,matured_paired_errors
2024-08-01,Маркетплейсы,2,lightgbm,0.1188951208720373,matured_paired_errors
2024-08-01,Маркетплейсы,2,chronos_seasonal,0.1494608670195277,matured_paired_errors
2024-08-01,Маркетплейсы,3,seasonal_growth,0.1876931261308791,matured_paired_errors
2024-08-01,Маркетплейсы,3,panel_shrink,0.1791869361362825,matured_paired_errors
2024-08-01,Маркетплейсы,3,ridge_panel,0.2515445555828397,matured_paired_errors
2024-08-01,Маркетплейсы,3,catboost,0.1309899887090405,matured_paired_errors
2024-08-01,Маркетплейсы,3,lightgbm,0.1297752003296155,matured_paired_errors
2024-08-01,Маркетплейсы,3,chronos_seasonal,0.1208101931113424,matured_paired_errors
2024-08-01,Маркетплейсы,4,seasonal_growth,0.1896862377459595,matured_paired_errors
2024-08-01,Маркетплейсы,4,panel_shrink,0.179343122312777,matured_paired_errors
2024-08-01,Маркетплейсы,4,ridge_panel,0.2693279675378823,matured_paired_errors
2024-08-01,Маркетплейсы,4,catboost,0.1369284086655872,matured_paired_errors
2024-08-01,Маркетплейсы,4,lightgbm,0.1268887723123066,matured_paired_errors
2024-08-01,Маркетплейсы,4,chronos_seasonal,0.0978254914254872,matured_paired_errors
2024-08-01,Маркетплейсы,5,seasonal_growth,0.1983754118081863,matured_paired_errors
2024-08-01,Маркетплейсы,5,panel_shrink,0.1824259797999111,matured_paired_errors
2024-08-01,Маркетплейсы,5,ridge_panel,0.2670577364267189,matured_paired_errors
2024-08-01,Маркетплейсы,5,catboost,0.1403038567272611,matured_paired_errors
2024-08-01,Маркетплейсы,5,lightgbm,0.1387546733551598,matured_paired_errors
2024-08-01,Маркетплейсы,5,chronos_seasonal,0.0730823418827627,matured_paired_errors
2024-08-01,Маркетплейсы,6,seasonal_growth,0.2003446179448012,matured_paired_errors
2024-08-01,Маркетплейсы,6,panel_shrink,0.1758897224747145,matured_paired_errors
2024-08-01,Маркетплейсы,6,ridge_panel,0.2539798707165856,matured_paired_errors
2024-08-01,Маркетплейсы,6,catboost,0.148932763757542,matured_paired_errors
2024-08-01,Маркетплейсы,6,lightgbm,0.1554245289249908,matured_paired_errors
2024-08-01,Маркетплейсы,6,chronos_seasonal,0.0654284961813658,matured_paired_errors
2024-08-01,Маркетплейсы,7,seasonal_growth,0.1666666666666666,equal_prior
2024-08-01,Маркетплейсы,7,panel_shrink,0.1666666666666666,equal_prior
2024-08-01,Маркетплейсы,7,ridge_panel,0.1666666666666666,equal_prior
2024-08-01,Маркетплейсы,7,catboost,0.1666666666666666,equal_prior
2024-08-01,Маркетплейсы,7,lightgbm,0.1666666666666666,equal_prior
2024-08-01,Маркетплейсы,7,chronos_seasonal,0.1666666666666666,equal_prior
2024-08-01,Маркетплейсы,8,seasonal_growth,0.1666666666666666,equal_prior
2024-08-01,Маркетплейсы,8,panel_shrink,0.1666666666666666,equal_prior
2024-08-01,Маркетплейсы,8,ridge_panel,0.1666666666666666,equal_prior
2024-08-01,Маркетплейсы,8,catboost,0.1666666666666666,equal_prior
2024-08-01,Маркетплейсы,8,lightgbm,0.1666666666666666,equal_prior
2024-08-01,Маркетплейсы,8,chronos_seasonal,0.1666666666666666,equal_prior
2024-08-01,Маркетплейсы,9,seasonal_growth,0.1666666666666666,equal_prior
2024-08-01,Маркетплейсы,9,panel_shrink,0.1666666666666666,equal_prior
2024-08-01,Маркетплейсы,9,ridge_panel,0.1666666666666666,equal_prior
2024-08-01,Маркетплейсы,9,catboost,0.1666666666666666,equal_prior
2024-08-01,Маркетплейсы,9,lightgbm,0.1666666666666666,equal_prior
2024-08-01,Маркетплейсы,9,chronos_seasonal,0.1666666666666666,equal_prior
2024-08-01,Маркетплейсы,10,seasonal_growth,0.1666666666666666,equal_prior
2024-08-01,Маркетплейсы,10,panel_shrink,0.1666666666666666,equal_prior
2024-08-01,Маркетплейсы,10,ridge_panel,0.1666666666666666,equal_prior
2024-08-01,Маркетплейсы,10,catboost,0.1666666666666666,equal_prior
2024-08-01,Маркетплейсы,10,lightgbm,0.1666666666666666,equal_prior
2024-08-01,Маркетплейсы,10,chronos_seasonal,0.1666666666666666,equal_prior
2024-08-01,Маркетплейсы,11,seasonal_growth,0.1666666666666666,equal_prior
2024-08-01,Маркетплейсы,11,panel_shrink,0.1666666666666666,equal_prior
2024-08-01,Маркетплейсы,11,ridge_panel,0.1666666666666666,equal_prior
2024-08-01,Маркетплейсы,11,catboost,0.1666666666666666,equal_prior
2024-08-01,Маркетплейсы,11,lightgbm,0.1666666666666666,equal_prior
2024-08-01,Маркетплейсы,11,chronos_seasonal,0.1666666666666666,equal_prior
2024-08-01,Маркетплейсы,12,seasonal_growth,0.1666666666666666,equal_prior
2024-08-01,Маркетплейсы,12,panel_shrink,0.1666666666666666,equal_prior
2024-08-01,Маркетплейсы,12,ridge_panel,0.1666666666666666,equal_prior
2024-08-01,Маркетплейсы,12,catboost,0.1666666666666666,equal_prior
2024-08-01,Маркетплейсы,12,lightgbm,0.1666666666666666,equal_prior
2024-08-01,Маркетплейсы,12,chronos_seasonal,0.1666666666666666,equal_prior
2024-08-01,Общественное питание,1,seasonal_growth,0.1651436372974921,matured_paired_errors
2024-08-01,Общественное питание,1,panel_shrink,0.1571836759647848,matured_paired_errors
2024-08-01,Общественное питание,1,ridge_panel,0.1372285610728373,matured_paired_errors
2024-08-01,Общественное питание,1,catboost,0.187217052940645,matured_paired_errors
2024-08-01,Общественное питание,1,lightgbm,0.1979085026015963,matured_paired_errors
2024-08-01,Общественное питание,1,chronos_seasonal,0.1553185701226442,matured_paired_errors
2024-08-01,Общественное питание,2,seasonal_growth,0.1901658952904278,matured_paired_errors
2024-08-01,Общественное питание,2,panel_shrink,0.1759737981932633,matured_paired_errors
2024-08-01,Общественное питание,2,ridge_panel,0.1399274730164629,matured_paired_errors
2024-08-01,Общественное питание,2,catboost,0.1660019020331211,matured_paired_errors
2024-08-01,Общественное питание,2,lightgbm,0.1651884072555615,matured_paired_errors
2024-08-01,Общественное питание,2,chronos_seasonal,0.1627425242111631,matured_paired_errors
2024-08-01,Общественное питание,3,seasonal_growth,0.2020163403924608,matured_paired_errors
2024-08-01,Общественное питание,3,panel_shrink,0.1831294787848821,matured_paired_errors
2024-08-01,Общественное питание,3,ridge_panel,0.1406278313397526,matured_paired_errors
2024-08-01,Общественное питание,3,catboost,0.1630296791352699,matured_paired_errors
2024-08-01,Общественное питание,3,lightgbm,0.155494449231416,matured_paired_errors
2024-08-01,Общественное питание,3,chronos_seasonal,0.1557022211162184,matured_paired_errors
2024-08-01,Общественное питание,4,seasonal_growth,0.2121483669728538,matured_paired_errors
2024-08-01,Общественное питание,4,panel_shrink,0.1946960191371424,matured_paired_errors
2024-08-01,Общественное питание,4,ridge_panel,0.1472631284436066,matured_paired_errors
2024-08-01,Общественное питание,4,catboost,0.1490018011899818,matured_paired_errors
2024-08-01,Общественное питание,4,lightgbm,0.1454959629622633,matured_paired_errors
2024-08-01,Общественное питание,4,chronos_seasonal,0.1513947212941518,matured_paired_errors
2024-08-01,Общественное питание,5,seasonal_growth,0.2236267359795136,matured_paired_errors
2024-08-01,Общественное питание,5,panel_shrink,0.206283114977621,matured_paired_errors
2024-08-01,Общественное питание,5,ridge_panel,0.1520419774540221,matured_paired_errors
2024-08-01,Общественное питание,5,catboost,0.1353147007474779,matured_paired_errors
2024-08-01,Общественное питание,5,lightgbm,0.1399855429918926,matured_paired_errors
2024-08-01,Общественное питание,5,chronos_seasonal,0.1427479278494726,matured_paired_errors
2024-08-01,Общественное питание,6,seasonal_growth,0.2354557668718568,matured_paired_errors
2024-08-01,Общественное питание,6,panel_shrink,0.2113318838323526,matured_paired_errors
2024-08-01,Общественное питание,6,ridge_panel,0.1552350719171921,matured_paired_errors
2024-08-01,Общественное питание,6,catboost,0.124217280353161,matured_paired_errors
2024-08-01,Общественное питание,6,lightgbm,0.1287097606883608,matured_paired_errors
2024-08-01,Общественное питание,6,chronos_seasonal,0.1450502363370764,matured_paired_errors
2024-08-01,Общественное питание,7,seasonal_growth,0.1666666666666666,equal_prior
2024-08-01,Общественное питание,7,panel_shrink,0.1666666666666666,equal_prior
2024-08-01,Общественное питание,7,ridge_panel,0.1666666666666666,equal_prior
2024-08-01,Общественное питание,7,catboost,0.1666666666666666,equal_prior
2024-08-01,Общественное питание,7,lightgbm,0.1666666666666666,equal_prior
2024-08-01,Общественное питание,7,chronos_seasonal,0.1666666666666666,equal_prior
2024-08-01,Общественное питание,8,seasonal_growth,0.1666666666666666,equal_prior
2024-08-01,Общественное питание,8,panel_shrink,0.1666666666666666,equal_prior
2024-08-01,Общественное питание,8,ridge_panel,0.1666666666666666,equal_prior
2024-08-01,Общественное питание,8,catboost,0.1666666666666666,equal_prior
2024-08-01,Общественное питание,8,lightgbm,0.1666666666666666,equal_prior
2024-08-01,Общественное питание,8,chronos_seasonal,0.1666666666666666,equal_prior
2024-08-01,Общественное питание,9,seasonal_growth,0.1666666666666666,equal_prior
2024-08-01,Общественное питание,9,panel_shrink,0.1666666666666666,equal_prior
2024-08-01,Общественное питание,9,ridge_panel,0.1666666666666666,equal_prior
2024-08-01,Общественное питание,9,catboost,0.1666666666666666,equal_prior
2024-08-01,Общественное питание,9,lightgbm,0.1666666666666666,equal_prior
2024-08-01,Общественное питание,9,chronos_seasonal,0.1666666666666666,equal_prior
2024-08-01,Общественное питание,10,seasonal_growth,0.1666666666666666,equal_prior
2024-08-01,Общественное питание,10,panel_shrink,0.1666666666666666,equal_prior
2024-08-01,Общественное питание,10,ridge_panel,0.1666666666666666,equal_prior
2024-08-01,Общественное питание,10,catboost,0.1666666666666666,equal_prior
2024-08-01,Общественное питание,10,lightgbm,0.1666666666666666,equal_prior
2024-08-01,Общественное питание,10,chronos_seasonal,0.1666666666666666,equal_prior
2024-08-01,Общественное питание,11,seasonal_growth,0.1666666666666666,equal_prior
2024-08-01,Общественное питание,11,panel_shrink,0.1666666666666666,equal_prior
2024-08-01,Общественное питание,11,ridge_panel,0.1666666666666666,equal_prior
2024-08-01,Общественное питание,11,catboost,0.1666666666666666,equal_prior
2024-08-01,Общественное питание,11,lightgbm,0.1666666666666666,equal_prior
2024-08-01,Общественное питание,11,chronos_seasonal,0.1666666666666666,equal_prior
2024-08-01,Общественное питание,12,seasonal_growth,0.1666666666666666,equal_prior
2024-08-01,Общественное питание,12,panel_shrink,0.1666666666666666,equal_prior
2024-08-01,Общественное питание,12,ridge_panel,0.1666666666666666,equal_prior
2024-08-01,Общественное питание,12,catboost,0.1666666666666666,equal_prior
2024-08-01,Общественное питание,12,lightgbm,0.1666666666666666,equal_prior
2024-08-01,Общественное питание,12,chronos_seasonal,0.1666666666666666,equal_prior
2024-08-01,Продовольствие,1,seasonal_growth,0.1886457309111532,matured_paired_errors
2024-08-01,Продовольствие,1,panel_shrink,0.2011778799752391,matured_paired_errors
2024-08-01,Продовольствие,1,ridge_panel,0.2029708304229843,matured_paired_errors
2024-08-01,Продовольствие,1,catboost,0.0844145429798269,matured_paired_errors
2024-08-01,Продовольствие,1,lightgbm,0.0903751719181201,matured_paired_errors
2024-08-01,Продовольствие,1,chronos_seasonal,0.2324158437926763,matured_paired_errors
2024-08-01,Продовольствие,2,seasonal_growth,0.2026270221146147,matured_paired_errors
2024-08-01,Продовольствие,2,panel_shrink,0.226260114454401,matured_paired_errors
2024-08-01,Продовольствие,2,ridge_panel,0.2123106129933699,matured_paired_errors
2024-08-01,Продовольствие,2,catboost,0.0744507897297682,matured_paired_errors
2024-08-01,Продовольствие,2,lightgbm,0.0853471139094707,matured_paired_errors
2024-08-01,Продовольствие,2,chronos_seasonal,0.1990043467983752,matured_paired_errors
2024-08-01,Продовольствие,3,seasonal_growth,0.2109994090388152,matured_paired_errors
2024-08-01,Продовольствие,3,panel_shrink,0.235775790615618,matured_paired_errors
2024-08-01,Продовольствие,3,ridge_panel,0.2051002008342271,matured_paired_errors
2024-08-01,Продовольствие,3,catboost,0.0774715457318409,matured_paired_errors
2024-08-01,Продовольствие,3,lightgbm,0.0968749028948476,matured_paired_errors
2024-08-01,Продовольствие,3,chronos_seasonal,0.1737781508846509,matured_paired_errors
2024-08-01,Продовольствие,4,seasonal_growth,0.2173696482959678,matured_paired_errors
2024-08-01,Продовольствие,4,panel_shrink,0.2450968282076036,matured_paired_errors
2024-08-01,Продовольствие,4,ridge_panel,0.2122556968480082,matured_paired_errors
2024-08-01,Продовольствие,4,catboost,0.084934409711112,matured_paired_errors
2024-08-01,Продовольствие,4,lightgbm,0.0903113089394755,matured_paired_errors
2024-08-01,Продовольствие,4,chronos_seasonal,0.1500321079978328,matured_paired_errors
2024-08-01,Продовольствие,5,seasonal_growth,0.2312235509260364,matured_paired_errors
2024-08-01,Продовольствие,5,panel_shrink,0.2655712853407774,matured_paired_errors
2024-08-01,Продовольствие,5,ridge_panel,0.2222268749535257,matured_paired_errors
2024-08-01,Продовольствие,5,catboost,0.0709813562842384,matured_paired_errors
2024-08-01,Продовольствие,5,lightgbm,0.0733883753883607,matured_paired_errors
2024-08-01,Продовольствие,5,chronos_seasonal,0.1366085571070611,matured_paired_errors
2024-08-01,Продовольствие,6,seasonal_growth,0.2342577230314953,matured_paired_errors
2024-08-01,Продовольствие,6,panel_shrink,0.2726179712825363,matured_paired_errors
2024-08-01,Продовольствие,6,ridge_panel,0.2198983403402551,matured_paired_errors
2024-08-01,Продовольствие,6,catboost,0.071917939284822,matured_paired_errors
2024-08-01,Продовольствие,6,lightgbm,0.076100918329166,matured_paired_errors
2024-08-01,Продовольствие,6,chronos_seasonal,0.1252071077317249,matured_paired_errors
2024-08-01,Продовольствие,7,seasonal_growth,0.1666666666666666,equal_prior
2024-08-01,Продовольствие,7,panel_shrink,0.1666666666666666,equal_prior
2024-08-01,Продовольствие,7,ridge_panel,0.1666666666666666,equal_prior
2024-08-01,Продовольствие,7,catboost,0.1666666666666666,equal_prior
2024-08-01,Продовольствие,7,lightgbm,0.1666666666666666,equal_prior
2024-08-01,Продовольствие,7,chronos_seasonal,0.1666666666666666,equal_prior
2024-08-01,Продовольствие,8,seasonal_growth,0.1666666666666666,equal_prior
2024-08-01,Продовольствие,8,panel_shrink,0.1666666666666666,equal_prior
2024-08-01,Продовольствие,8,ridge_panel,0.1666666666666666,equal_prior
2024-08-01,Продовольствие,8,catboost,0.1666666666666666,equal_prior
2024-08-01,Продовольствие,8,lightgbm,0.1666666666666666,equal_prior
2024-08-01,Продовольствие,8,chronos_seasonal,0.1666666666666666,equal_prior
2024-08-01,Продовольствие,9,seasonal_growth,0.1666666666666666,equal_prior
2024-08-01,Продовольствие,9,panel_shrink,0.1666666666666666,equal_prior
2024-08-01,Продовольствие,9,ridge_panel,0.1666666666666666,equal_prior
2024-08-01,Продовольствие,9,catboost,0.1666666666666666,equal_prior
2024-08-01,Продовольствие,9,lightgbm,0.1666666666666666,equal_prior
2024-08-01,Продовольствие,9,chronos_seasonal,0.1666666666666666,equal_prior
2024-08-01,Продовольствие,10,seasonal_growth,0.1666666666666666,equal_prior
2024-08-01,Продовольствие,10,panel_shrink,0.1666666666666666,equal_prior
2024-08-01,Продовольствие,10,ridge_panel,0.1666666666666666,equal_prior
2024-08-01,Продовольствие,10,catboost,0.1666666666666666,equal_prior
2024-08-01,Продовольствие,10,lightgbm,0.1666666666666666,equal_prior
2024-08-01,Продовольствие,10,chronos_seasonal,0.1666666666666666,equal_prior
2024-08-01,Продовольствие,11,seasonal_growth,0.1666666666666666,equal_prior
2024-08-01,Продовольствие,11,panel_shrink,0.1666666666666666,equal_prior
2024-08-01,Продовольствие,11,ridge_panel,0.1666666666666666,equal_prior
2024-08-01,Продовольствие,11,catboost,0.1666666666666666,equal_prior
2024-08-01,Продовольствие,11,lightgbm,0.1666666666666666,equal_prior
2024-08-01,Продовольствие,11,chronos_seasonal,0.1666666666666666,equal_prior
2024-08-01,Продовольствие,12,seasonal_growth,0.1666666666666666,equal_prior
2024-08-01,Продовольствие,12,panel_shrink,0.1666666666666666,equal_prior
2024-08-01,Продовольствие,12,ridge_panel,0.1666666666666666,equal_prior
2024-08-01,Продовольствие,12,catboost,0.1666666666666666,equal_prior
2024-08-01,Продовольствие,12,lightgbm,0.1666666666666666,equal_prior
2024-08-01,Продовольствие,12,chronos_seasonal,0.1666666666666666,equal_prior
2024-08-01,Транспорт,1,seasonal_growth,0.1433351291618703,matured_paired_errors
2024-08-01,Транспорт,1,panel_shrink,0.1574938673552558,matured_paired_errors
2024-08-01,Транспорт,1,ridge_panel,0.1398282091426843,matured_paired_errors
2024-08-01,Транспорт,1,catboost,0.2011079682799412,matured_paired_errors
2024-08-01,Транспорт,1,lightgbm,0.2083712609443547,matured_paired_errors
2024-08-01,Транспорт,1,chronos_seasonal,0.1498635651158935,matured_paired_errors
2024-08-01,Транспорт,2,seasonal_growth,0.1600860225111466,matured_paired_errors
2024-08-01,Транспорт,2,panel_shrink,0.1744281128797595,matured_paired_errors
2024-08-01,Транспорт,2,ridge_panel,0.1463099676408178,matured_paired_errors
2024-08-01,Транспорт,2,catboost,0.1777048429566535,matured_paired_errors
2024-08-01,Транспорт,2,lightgbm,0.198245996518214,matured_paired_errors
2024-08-01,Транспорт,2,chronos_seasonal,0.1432250574934083,matured_paired_errors
2024-08-01,Транспорт,3,seasonal_growth,0.1726065353326854,matured_paired_errors
2024-08-01,Транспорт,3,panel_shrink,0.1841142611251484,matured_paired_errors
2024-08-01,Транспорт,3,ridge_panel,0.1539213030631061,matured_paired_errors
2024-08-01,Транспорт,3,catboost,0.1718018813120841,matured_paired_errors
2024-08-01,Транспорт,3,lightgbm,0.1795704431278666,matured_paired_errors
2024-08-01,Транспорт,3,chronos_seasonal,0.1379855760391091,matured_paired_errors
2024-08-01,Транспорт,4,seasonal_growth,0.1780365682925631,matured_paired_errors
2024-08-01,Транспорт,4,panel_shrink,0.1875001409410323,matured_paired_errors
2024-08-01,Транспорт,4,ridge_panel,0.1474455287953061,matured_paired_errors
2024-08-01,Транспорт,4,catboost,0.1763452265925397,matured_paired_errors
2024-08-01,Транспорт,4,lightgbm,0.1711420660659219,matured_paired_errors
2024-08-01,Транспорт,4,chronos_seasonal,0.1395304693126368,matured_paired_errors
2024-08-01,Транспорт,5,seasonal_growth,0.191904353031405,matured_paired_errors
2024-08-01,Транспорт,5,panel_shrink,0.2006198464661887,matured_paired_errors
2024-08-01,Транспорт,5,ridge_panel,0.1548844924706734,matured_paired_errors
2024-08-01,Транспорт,5,catboost,0.1616917613406217,matured_paired_errors
2024-08-01,Транспорт,5,lightgbm,0.1548179962252117,matured_paired_errors
2024-08-01,Транспорт,5,chronos_seasonal,0.1360815504658992,matured_paired_errors
2024-08-01,Транспорт,6,seasonal_growth,0.205457778565617,matured_paired_errors
2024-08-01,Транспорт,6,panel_shrink,0.2069655487278724,matured_paired_errors
2024-08-01,Транспорт,6,ridge_panel,0.1664352958162412,matured_paired_errors
2024-08-01,Транспорт,6,catboost,0.1389182540248626,matured_paired_errors
2024-08-01,Транспорт,6,lightgbm,0.1404716344923889,matured_paired_errors
2024-08-01,Транспорт,6,chronos_seasonal,0.1417514883730178,matured_paired_errors
2024-08-01,Транспорт,7,seasonal_growth,0.1666666666666666,equal_prior
2024-08-01,Транспорт,7,panel_shrink,0.1666666666666666,equal_prior
2024-08-01,Транспорт,7,ridge_panel,0.1666666666666666,equal_prior
2024-08-01,Транспорт,7,catboost,0.1666666666666666,equal_prior
2024-08-01,Транспорт,7,lightgbm,0.1666666666666666,equal_prior
2024-08-01,Транспорт,7,chronos_seasonal,0.1666666666666666,equal_prior
2024-08-01,Транспорт,8,seasonal_growth,0.1666666666666666,equal_prior
2024-08-01,Транспорт,8,panel_shrink,0.1666666666666666,equal_prior
2024-08-01,Транспорт,8,ridge_panel,0.1666666666666666,equal_prior
2024-08-01,Транспорт,8,catboost,0.1666666666666666,equal_prior
2024-08-01,Транспорт,8,lightgbm,0.1666666666666666,equal_prior
2024-08-01,Транспорт,8,chronos_seasonal,0.1666666666666666,equal_prior
2024-08-01,Транспорт,9,seasonal_growth,0.1666666666666666,equal_prior
2024-08-01,Транспорт,9,panel_shrink,0.1666666666666666,equal_prior
2024-08-01,Транспорт,9,ridge_panel,0.1666666666666666,equal_prior
2024-08-01,Транспорт,9,catboost,0.1666666666666666,equal_prior
2024-08-01,Транспорт,9,lightgbm,0.1666666666666666,equal_prior
2024-08-01,Транспорт,9,chronos_seasonal,0.1666666666666666,equal_prior
2024-08-01,Транспорт,10,seasonal_growth,0.1666666666666666,equal_prior
2024-08-01,Транспорт,10,panel_shrink,0.1666666666666666,equal_prior
2024-08-01,Транспорт,10,ridge_panel,0.1666666666666666,equal_prior
2024-08-01,Транспорт,10,catboost,0.1666666666666666,equal_prior
2024-08-01,Транспорт,10,lightgbm,0.1666666666666666,equal_prior
2024-08-01,Транспорт,10,chronos_seasonal,0.1666666666666666,equal_prior
2024-08-01,Транспорт,11,seasonal_growth,0.1666666666666666,equal_prior
2024-08-01,Транспорт,11,panel_shrink,0.1666666666666666,equal_prior
2024-08-01,Транспорт,11,ridge_panel,0.1666666666666666,equal_prior
2024-08-01,Транспорт,11,catboost,0.1666666666666666,equal_prior
2024-08-01,Транспорт,11,lightgbm,0.1666666666666666,equal_prior
2024-08-01,Транспорт,11,chronos_seasonal,0.1666666666666666,equal_prior
2024-08-01,Транспорт,12,seasonal_growth,0.1666666666666666,equal_prior
2024-08-01,Транспорт,12,panel_shrink,0.1666666666666666,equal_prior
2024-08-01,Транспорт,12,ridge_panel,0.1666666666666666,equal_prior
2024-08-01,Транспорт,12,catboost,0.1666666666666666,equal_prior
2024-08-01,Транспорт,12,lightgbm,0.1666666666666666,equal_prior
2024-08-01,Транспорт,12,chronos_seasonal,0.1666666666666666,equal_prior
2024-09-01,Все категории,1,seasonal_growth,0.18671613033093,matured_paired_errors
2024-09-01,Все категории,1,panel_shrink,0.1991903642840144,matured_paired_errors
2024-09-01,Все категории,1,ridge_panel,0.1759426275480611,matured_paired_errors
2024-09-01,Все категории,1,catboost,0.1199912466291544,matured_paired_errors
2024-09-01,Все категории,1,lightgbm,0.1257684178555523,matured_paired_errors
2024-09-01,Все категории,1,chronos_seasonal,0.1923912133522876,matured_paired_errors
2024-09-01,Все категории,2,seasonal_growth,0.1962400648629765,matured_paired_errors
2024-09-01,Все категории,2,panel_shrink,0.2169323078007862,matured_paired_errors
2024-09-01,Все категории,2,ridge_panel,0.1946750264901753,matured_paired_errors
2024-09-01,Все категории,2,catboost,0.1023862599639147,matured_paired_errors
2024-09-01,Все категории,2,lightgbm,0.1169549966705672,matured_paired_errors
2024-09-01,Все категории,2,chronos_seasonal,0.1728113442115799,matured_paired_errors
2024-09-01,Все категории,3,seasonal_growth,0.1960241898971741,matured_paired_errors
2024-09-01,Все категории,3,panel_shrink,0.2129203863724771,matured_paired_errors
2024-09-01,Все категории,3,ridge_panel,0.1897027871859279,matured_paired_errors
2024-09-01,Все категории,3,catboost,0.1156072770292157,matured_paired_errors
2024-09-01,Все категории,3,lightgbm,0.1408913861117888,matured_paired_errors
2024-09-01,Все категории,3,chronos_seasonal,0.144853973403416,matured_paired_errors
2024-09-01,Все категории,4,seasonal_growth,0.1945654797474553,matured_paired_errors
2024-09-01,Все категории,4,panel_shrink,0.2151328666159621,matured_paired_errors
2024-09-01,Все категории,4,ridge_panel,0.1913944103315132,matured_paired_errors
2024-09-01,Все категории,4,catboost,0.1281321816177643,matured_paired_errors
2024-09-01,Все категории,4,lightgbm,0.1508594518307787,matured_paired_errors
2024-09-01,Все категории,4,chronos_seasonal,0.1199156098565262,matured_paired_errors
2024-09-01,Все категории,5,seasonal_growth,0.2045737675393547,matured_paired_errors
2024-09-01,Все категории,5,panel_shrink,0.228588711972087,matured_paired_errors
2024-09-01,Все категории,5,ridge_panel,0.2017920443778438,matured_paired_errors
2024-09-01,Все категории,5,catboost,0.1142288725381931,matured_paired_errors
2024-09-01,Все категории,5,lightgbm,0.1425709549902783,matured_paired_errors
2024-09-01,Все категории,5,chronos_seasonal,0.1082456485822429,matured_paired_errors
2024-09-01,Все категории,6,seasonal_growth,0.2179581649145235,matured_paired_errors
2024-09-01,Все категории,6,panel_shrink,0.2375591180466499,matured_paired_errors
2024-09-01,Все категории,6,ridge_panel,0.2170535677995494,matured_paired_errors
2024-09-01,Все категории,6,catboost,0.1061297282884931,matured_paired_errors
2024-09-01,Все категории,6,lightgbm,0.1235558035902269,matured_paired_errors
2024-09-01,Все категории,6,chronos_seasonal,0.097743617360557,matured_paired_errors
2024-09-01,Все категории,7,seasonal_growth,0.2230679135682982,matured_paired_errors
2024-09-01,Все категории,7,panel_shrink,0.2430656728709531,matured_paired_errors
2024-09-01,Все категории,7,ridge_panel,0.2303399336917316,matured_paired_errors
2024-09-01,Все категории,7,catboost,0.0947156593720409,matured_paired_errors
2024-09-01,Все категории,7,lightgbm,0.1209675083702996,matured_paired_errors
2024-09-01,Все категории,7,chronos_seasonal,0.0878433121266766,matured_paired_errors
2024-09-01,Все категории,8,seasonal_growth,0.1666666666666666,equal_prior
2024-09-01,Все категории,8,panel_shrink,0.1666666666666666,equal_prior
2024-09-01,Все категории,8,ridge_panel,0.1666666666666666,equal_prior
2024-09-01,Все категории,8,catboost,0.1666666666666666,equal_prior
2024-09-01,Все категории,8,lightgbm,0.1666666666666666,equal_prior
2024-09-01,Все категории,8,chronos_seasonal,0.1666666666666666,equal_prior
2024-09-01,Все категории,9,seasonal_growth,0.1666666666666666,equal_prior
2024-09-01,Все категории,9,panel_shrink,0.1666666666666666,equal_prior
2024-09-01,Все категории,9,ridge_panel,0.1666666666666666,equal_prior
2024-09-01,Все категории,9,catboost,0.1666666666666666,equal_prior
2024-09-01,Все категории,9,lightgbm,0.1666666666666666,equal_prior
2024-09-01,Все категории,9,chronos_seasonal,0.1666666666666666,equal_prior
2024-09-01,Все категории,10,seasonal_growth,0.1666666666666666,equal_prior
2024-09-01,Все категории,10,panel_shrink,0.1666666666666666,equal_prior
2024-09-01,Все категории,10,ridge_panel,0.1666666666666666,equal_prior
2024-09-01,Все категории,10,catboost,0.1666666666666666,equal_prior
2024-09-01,Все категории,10,lightgbm,0.1666666666666666,equal_prior
2024-09-01,Все категории,10,chronos_seasonal,0.1666666666666666,equal_prior
2024-09-01,Все категории,11,seasonal_growth,0.1666666666666666,equal_prior
2024-09-01,Все категории,11,panel_shrink,0.1666666666666666,equal_prior
2024-09-01,Все категории,11,ridge_panel,0.1666666666666666,equal_prior
2024-09-01,Все категории,11,catboost,0.1666666666666666,equal_prior
2024-09-01,Все категории,11,lightgbm,0.1666666666666666,equal_prior
2024-09-01,Все категории,11,chronos_seasonal,0.1666666666666666,equal_prior
2024-09-01,Все категории,12,seasonal_growth,0.1666666666666666,equal_prior
2024-09-01,Все категории,12,panel_shrink,0.1666666666666666,equal_prior
2024-09-01,Все категории,12,ridge_panel,0.1666666666666666,equal_prior
2024-09-01,Все категории,12,catboost,0.1666666666666666,equal_prior
2024-09-01,Все категории,12,lightgbm,0.1666666666666666,equal_prior
2024-09-01,Все категории,12,chronos_seasonal,0.1666666666666666,equal_prior
2024-09-01,Здоровье,1,seasonal_growth,0.1594006137455942,matured_paired_errors
2024-09-01,Здоровье,1,panel_shrink,0.1828986446199307,matured_paired_errors
2024-09-01,Здоровье,1,ridge_panel,0.1829534429095475,matured_paired_errors
2024-09-01,Здоровье,1,catboost,0.157994268133318,matured_paired_errors
2024-09-01,Здоровье,1,lightgbm,0.1472401268861246,matured_paired_errors
2024-09-01,Здоровье,1,chronos_seasonal,0.1695129037054846,matured_paired_errors
2024-09-01,Здоровье,2,seasonal_growth,0.166981605442585,matured_paired_errors
2024-09-01,Здоровье,2,panel_shrink,0.1918013963404385,matured_paired_errors
2024-09-01,Здоровье,2,ridge_panel,0.1863680972927036,matured_paired_errors
2024-09-01,Здоровье,2,catboost,0.1355143752502392,matured_paired_errors
2024-09-01,Здоровье,2,lightgbm,0.135837700656174,matured_paired_errors
2024-09-01,Здоровье,2,chronos_seasonal,0.1834968250178594,matured_paired_errors
2024-09-01,Здоровье,3,seasonal_growth,0.1730685107229472,matured_paired_errors
2024-09-01,Здоровье,3,panel_shrink,0.1980820289728596,matured_paired_errors
2024-09-01,Здоровье,3,ridge_panel,0.1747163970419549,matured_paired_errors
2024-09-01,Здоровье,3,catboost,0.143729814325414,matured_paired_errors
2024-09-01,Здоровье,3,lightgbm,0.1418216585077845,matured_paired_errors
2024-09-01,Здоровье,3,chronos_seasonal,0.1685815904290396,matured_paired_errors
2024-09-01,Здоровье,4,seasonal_growth,0.1663938932986863,matured_paired_errors
2024-09-01,Здоровье,4,panel_shrink,0.1877648421925911,matured_paired_errors
2024-09-01,Здоровье,4,ridge_panel,0.1813516397797133,matured_paired_errors
2024-09-01,Здоровье,4,catboost,0.1620957865356846,matured_paired_errors
2024-09-01,Здоровье,4,lightgbm,0.1512140547529447,matured_paired_errors
2024-09-01,Здоровье,4,chronos_seasonal,0.1511797834403798,matured_paired_errors
2024-09-01,Здоровье,5,seasonal_growth,0.1556085766096632,matured_paired_errors
2024-09-01,Здоровье,5,panel_shrink,0.1795015272689193,matured_paired_errors
2024-09-01,Здоровье,5,ridge_panel,0.1810542918375012,matured_paired_errors
2024-09-01,Здоровье,5,catboost,0.1877395694472627,matured_paired_errors
2024-09-01,Здоровье,5,lightgbm,0.1548767249352244,matured_paired_errors
2024-09-01,Здоровье,5,chronos_seasonal,0.141219309901429,matured_paired_errors
2024-09-01,Здоровье,6,seasonal_growth,0.1572275237855551,matured_paired_errors
2024-09-01,Здоровье,6,panel_shrink,0.1758078959605791,matured_paired_errors
2024-09-01,Здоровье,6,ridge_panel,0.1782609367037447,matured_paired_errors
2024-09-01,Здоровье,6,catboost,0.1843106503027419,matured_paired_errors
2024-09-01,Здоровье,6,lightgbm,0.1776179999284661,matured_paired_errors
2024-09-01,Здоровье,6,chronos_seasonal,0.1267749933189128,matured_paired_errors
2024-09-01,Здоровье,7,seasonal_growth,0.1411963016534407,matured_paired_errors
2024-09-01,Здоровье,7,panel_shrink,0.1542011653110571,matured_paired_errors
2024-09-01,Здоровье,7,ridge_panel,0.1677236157999118,matured_paired_errors
2024-09-01,Здоровье,7,catboost,0.1990792918343347,matured_paired_errors
2024-09-01,Здоровье,7,lightgbm,0.2201193532306635,matured_paired_errors
2024-09-01,Здоровье,7,chronos_seasonal,0.1176802721705919,matured_paired_errors
2024-09-01,Здоровье,8,seasonal_growth,0.1666666666666666,equal_prior
2024-09-01,Здоровье,8,panel_shrink,0.1666666666666666,equal_prior
2024-09-01,Здоровье,8,ridge_panel,0.1666666666666666,equal_prior
2024-09-01,Здоровье,8,catboost,0.1666666666666666,equal_prior
2024-09-01,Здоровье,8,lightgbm,0.1666666666666666,equal_prior
2024-09-01,Здоровье,8,chronos_seasonal,0.1666666666666666,equal_prior
2024-09-01,Здоровье,9,seasonal_growth,0.1666666666666666,equal_prior
2024-09-01,Здоровье,9,panel_shrink,0.1666666666666666,equal_prior
2024-09-01,Здоровье,9,ridge_panel,0.1666666666666666,equal_prior
2024-09-01,Здоровье,9,catboost,0.1666666666666666,equal_prior
2024-09-01,Здоровье,9,lightgbm,0.1666666666666666,equal_prior
2024-09-01,Здоровье,9,chronos_seasonal,0.1666666666666666,equal_prior
2024-09-01,Здоровье,10,seasonal_growth,0.1666666666666666,equal_prior
2024-09-01,Здоровье,10,panel_shrink,0.1666666666666666,equal_prior
2024-09-01,Здоровье,10,ridge_panel,0.1666666666666666,equal_prior
2024-09-01,Здоровье,10,catboost,0.1666666666666666,equal_prior
2024-09-01,Здоровье,10,lightgbm,0.1666666666666666,equal_prior
2024-09-01,Здоровье,10,chronos_seasonal,0.1666666666666666,equal_prior
2024-09-01,Здоровье,11,seasonal_growth,0.1666666666666666,equal_prior
2024-09-01,Здоровье,11,panel_shrink,0.1666666666666666,equal_prior
2024-09-01,Здоровье,11,ridge_panel,0.1666666666666666,equal_prior
2024-09-01,Здоровье,11,catboost,0.1666666666666666,equal_prior
2024-09-01,Здоровье,11,lightgbm,0.1666666666666666,equal_prior
2024-09-01,Здоровье,11,chronos_seasonal,0.1666666666666666,equal_prior
2024-09-01,Здоровье,12,seasonal_growth,0.1666666666666666,equal_prior
2024-09-01,Здоровье,12,panel_shrink,0.1666666666666666,equal_prior
2024-09-01,Здоровье,12,ridge_panel,0.1666666666666666,equal_prior
2024-09-01,Здоровье,12,catboost,0.1666666666666666,equal_prior
2024-09-01,Здоровье,12,lightgbm,0.1666666666666666,equal_prior
2024-09-01,Здоровье,12,chronos_seasonal,0.1666666666666666,equal_prior
2024-09-01,Маркетплейсы,1,seasonal_growth,0.161997862046127,matured_paired_errors
2024-09-01,Маркетплейсы,1,panel_shrink,0.1641604413353127,matured_paired_errors
2024-09-01,Маркетплейсы,1,ridge_panel,0.2204099476890508,matured_paired_errors
2024-09-01,Маркетплейсы,1,catboost,0.1475863343389771,matured_paired_errors
2024-09-01,Маркетплейсы,1,lightgbm,0.1314507600479237,matured_paired_errors
2024-09-01,Маркетплейсы,1,chronos_seasonal,0.1743946545426085,matured_paired_errors
2024-09-01,Маркетплейсы,2,seasonal_growth,0.1722860776110422,matured_paired_errors
2024-09-01,Маркетплейсы,2,panel_shrink,0.1706647442896057,matured_paired_errors
2024-09-01,Маркетплейсы,2,ridge_panel,0.2317272576668916,matured_paired_errors
2024-09-01,Маркетплейсы,2,catboost,0.1439768202679167,matured_paired_errors
2024-09-01,Маркетплейсы,2,lightgbm,0.1302151924283506,matured_paired_errors
2024-09-01,Маркетплейсы,2,chronos_seasonal,0.1511299077361929,matured_paired_errors
2024-09-01,Маркетплейсы,3,seasonal_growth,0.1777128358155739,matured_paired_errors
2024-09-01,Маркетплейсы,3,panel_shrink,0.1728224512319937,matured_paired_errors
2024-09-01,Маркетплейсы,3,ridge_panel,0.2422997692710219,matured_paired_errors
2024-09-01,Маркетплейсы,3,catboost,0.14195814280184,matured_paired_errors
2024-09-01,Маркетплейсы,3,lightgbm,0.1398471908358109,matured_paired_errors
2024-09-01,Маркетплейсы,3,chronos_seasonal,0.1253596100437594,matured_paired_errors
2024-09-01,Маркетплейсы,4,seasonal_growth,0.1806306117935415,matured_paired_errors
2024-09-01,Маркетплейсы,4,panel_shrink,0.1748130767965166,matured_paired_errors
2024-09-01,Маркетплейсы,4,ridge_panel,0.2554610441818561,matured_paired_errors
2024-09-01,Маркетплейсы,4,catboost,0.1490656329517379,matured_paired_errors
2024-09-01,Маркетплейсы,4,lightgbm,0.1386041731940859,matured_paired_errors
2024-09-01,Маркетплейсы,4,chronos_seasonal,0.1014254610822618,matured_paired_errors
2024-09-01,Маркетплейсы,5,seasonal_growth,0.1803394932458565,matured_paired_errors
2024-09-01,Маркетплейсы,5,panel_shrink,0.1721648097919775,matured_paired_errors
2024-09-01,Маркетплейсы,5,ridge_panel,0.2526814299034243,matured_paired_errors
2024-09-01,Маркетплейсы,5,catboost,0.1576589999420325,matured_paired_errors
2024-09-01,Маркетплейсы,5,lightgbm,0.158957181961989,matured_paired_errors
2024-09-01,Маркетплейсы,5,chronos_seasonal,0.0781980851547199,matured_paired_errors
2024-09-01,Маркетплейсы,6,seasonal_growth,0.1904052750994857,matured_paired_errors
2024-09-01,Маркетплейсы,6,panel_shrink,0.1788160969819014,matured_paired_errors
2024-09-01,Маркетплейсы,6,ridge_panel,0.2627926126044976,matured_paired_errors
2024-09-01,Маркетплейсы,6,catboost,0.1514937937011322,matured_paired_errors
2024-09-01,Маркетплейсы,6,lightgbm,0.1488312368608524,matured_paired_errors
2024-09-01,Маркетплейсы,6,chronos_seasonal,0.0676609847521303,matured_paired_errors
2024-09-01,Маркетплейсы,7,seasonal_growth,0.1992282637892229,matured_paired_errors
2024-09-01,Маркетплейсы,7,panel_shrink,0.1789830363708849,matured_paired_errors
2024-09-01,Маркетплейсы,7,ridge_panel,0.2447507334029858,matured_paired_errors
2024-09-01,Маркетплейсы,7,catboost,0.1520287931658657,matured_paired_errors
2024-09-01,Маркетплейсы,7,lightgbm,0.1623147395920978,matured_paired_errors
2024-09-01,Маркетплейсы,7,chronos_seasonal,0.0626944336789427,matured_paired_errors
2024-09-01,Маркетплейсы,8,seasonal_growth,0.1666666666666666,equal_prior
2024-09-01,Маркетплейсы,8,panel_shrink,0.1666666666666666,equal_prior
2024-09-01,Маркетплейсы,8,ridge_panel,0.1666666666666666,equal_prior
2024-09-01,Маркетплейсы,8,catboost,0.1666666666666666,equal_prior
2024-09-01,Маркетплейсы,8,lightgbm,0.1666666666666666,equal_prior
2024-09-01,Маркетплейсы,8,chronos_seasonal,0.1666666666666666,equal_prior
2024-09-01,Маркетплейсы,9,seasonal_growth,0.1666666666666666,equal_prior
2024-09-01,Маркетплейсы,9,panel_shrink,0.1666666666666666,equal_prior
2024-09-01,Маркетплейсы,9,ridge_panel,0.1666666666666666,equal_prior
2024-09-01,Маркетплейсы,9,catboost,0.1666666666666666,equal_prior
2024-09-01,Маркетплейсы,9,lightgbm,0.1666666666666666,equal_prior
2024-09-01,Маркетплейсы,9,chronos_seasonal,0.1666666666666666,equal_prior
2024-09-01,Маркетплейсы,10,seasonal_growth,0.1666666666666666,equal_prior
2024-09-01,Маркетплейсы,10,panel_shrink,0.1666666666666666,equal_prior
2024-09-01,Маркетплейсы,10,ridge_panel,0.1666666666666666,equal_prior
2024-09-01,Маркетплейсы,10,catboost,0.1666666666666666,equal_prior
2024-09-01,Маркетплейсы,10,lightgbm,0.1666666666666666,equal_prior
2024-09-01,Маркетплейсы,10,chronos_seasonal,0.1666666666666666,equal_prior
2024-09-01,Маркетплейсы,11,seasonal_growth,0.1666666666666666,equal_prior
2024-09-01,Маркетплейсы,11,panel_shrink,0.1666666666666666,equal_prior
2024-09-01,Маркетплейсы,11,ridge_panel,0.1666666666666666,equal_prior
2024-09-01,Маркетплейсы,11,catboost,0.1666666666666666,equal_prior
2024-09-01,Маркетплейсы,11,lightgbm,0.1666666666666666,equal_prior
2024-09-01,Маркетплейсы,11,chronos_seasonal,0.1666666666666666,equal_prior
2024-09-01,Маркетплейсы,12,seasonal_growth,0.1666666666666666,equal_prior
2024-09-01,Маркетплейсы,12,panel_shrink,0.1666666666666666,equal_prior
2024-09-01,Маркетплейсы,12,ridge_panel,0.1666666666666666,equal_prior
2024-09-01,Маркетплейсы,12,catboost,0.1666666666666666,equal_prior
2024-09-01,Маркетплейсы,12,lightgbm,0.1666666666666666,equal_prior
2024-09-01,Маркетплейсы,12,chronos_seasonal,0.1666666666666666,equal_prior
2024-09-01,Общественное питание,1,seasonal_growth,0.1589293319966129,matured_paired_errors
2024-09-01,Общественное питание,1,panel_shrink,0.1536143409700534,matured_paired_errors
2024-09-01,Общественное питание,1,ridge_panel,0.1383591192561553,matured_paired_errors
2024-09-01,Общественное питание,1,catboost,0.1894461078842008,matured_paired_errors
2024-09-01,Общественное питание,1,lightgbm,0.2010542243984261,matured_paired_errors
2024-09-01,Общественное питание,1,chronos_seasonal,0.1585968754945512,matured_paired_errors
2024-09-01,Общественное питание,2,seasonal_growth,0.1813432485263675,matured_paired_errors
2024-09-01,Общественное питание,2,panel_shrink,0.1712348684559952,matured_paired_errors
2024-09-01,Общественное питание,2,ridge_panel,0.1433942942428784,matured_paired_errors
2024-09-01,Общественное питание,2,catboost,0.1713486862162928,matured_paired_errors
2024-09-01,Общественное питание,2,lightgbm,0.1700325825522958,matured_paired_errors
2024-09-01,Общественное питание,2,chronos_seasonal,0.1626463200061699,matured_paired_errors
2024-09-01,Общественное питание,3,seasonal_growth,0.1916420299911291,matured_paired_errors
2024-09-01,Общественное питание,3,panel_shrink,0.1788464210302644,matured_paired_errors
2024-09-01,Общественное питание,3,ridge_panel,0.1443094803757256,matured_paired_errors
2024-09-01,Общественное питание,3,catboost,0.1634804558620798,matured_paired_errors
2024-09-01,Общественное питание,3,lightgbm,0.1599885540403159,matured_paired_errors
2024-09-01,Общественное питание,3,chronos_seasonal,0.1617330587004848,matured_paired_errors
2024-09-01,Общественное питание,4,seasonal_growth,0.201076959212761,matured_paired_errors
2024-09-01,Общественное питание,4,panel_shrink,0.1911930413797405,matured_paired_errors
2024-09-01,Общественное питание,4,ridge_panel,0.1511960074939769,matured_paired_errors
2024-09-01,Общественное питание,4,catboost,0.1542089849068428,matured_paired_errors
2024-09-01,Общественное питание,4,lightgbm,0.1497323488061723,matured_paired_errors
2024-09-01,Общественное питание,4,chronos_seasonal,0.1525926582005062,matured_paired_errors
2024-09-01,Общественное питание,5,seasonal_growth,0.2087808560145677,matured_paired_errors
2024-09-01,Общественное питание,5,panel_shrink,0.2030508874402316,matured_paired_errors
2024-09-01,Общественное питание,5,ridge_panel,0.1594530860993503,matured_paired_errors
2024-09-01,Общественное питание,5,catboost,0.1373102077779874,matured_paired_errors
2024-09-01,Общественное питание,5,lightgbm,0.1466729819230191,matured_paired_errors
2024-09-01,Общественное питание,5,chronos_seasonal,0.1447319807448437,matured_paired_errors
2024-09-01,Общественное питание,6,seasonal_growth,0.2174831881038578,matured_paired_errors
2024-09-01,Общественное питание,6,panel_shrink,0.2096160313134419,matured_paired_errors
2024-09-01,Общественное питание,6,ridge_panel,0.1608395485990816,matured_paired_errors
2024-09-01,Общественное питание,6,catboost,0.1328316577748171,matured_paired_errors
2024-09-01,Общественное питание,6,lightgbm,0.1422474650812288,matured_paired_errors
2024-09-01,Общественное питание,6,chronos_seasonal,0.1369821091275727,matured_paired_errors
2024-09-01,Общественное питание,7,seasonal_growth,0.227745865830603,matured_paired_errors
2024-09-01,Общественное питание,7,panel_shrink,0.2148256230572743,matured_paired_errors
2024-09-01,Общественное питание,7,ridge_panel,0.1638945064745135,matured_paired_errors
2024-09-01,Общественное питание,7,catboost,0.1248255030467076,matured_paired_errors
2024-09-01,Общественное питание,7,lightgbm,0.1330975084523348,matured_paired_errors
2024-09-01,Общественное питание,7,chronos_seasonal,0.1356109931385666,matured_paired_errors
2024-09-01,Общественное питание,8,seasonal_growth,0.1666666666666666,equal_prior
2024-09-01,Общественное питание,8,panel_shrink,0.1666666666666666,equal_prior
2024-09-01,Общественное питание,8,ridge_panel,0.1666666666666666,equal_prior
2024-09-01,Общественное питание,8,catboost,0.1666666666666666,equal_prior
2024-09-01,Общественное питание,8,lightgbm,0.1666666666666666,equal_prior
2024-09-01,Общественное питание,8,chronos_seasonal,0.1666666666666666,equal_prior
2024-09-01,Общественное питание,9,seasonal_growth,0.1666666666666666,equal_prior
2024-09-01,Общественное питание,9,panel_shrink,0.1666666666666666,equal_prior
2024-09-01,Общественное питание,9,ridge_panel,0.1666666666666666,equal_prior
2024-09-01,Общественное питание,9,catboost,0.1666666666666666,equal_prior
2024-09-01,Общественное питание,9,lightgbm,0.1666666666666666,equal_prior
2024-09-01,Общественное питание,9,chronos_seasonal,0.1666666666666666,equal_prior
2024-09-01,Общественное питание,10,seasonal_growth,0.1666666666666666,equal_prior
2024-09-01,Общественное питание,10,panel_shrink,0.1666666666666666,equal_prior
2024-09-01,Общественное питание,10,ridge_panel,0.1666666666666666,equal_prior
2024-09-01,Общественное питание,10,catboost,0.1666666666666666,equal_prior
2024-09-01,Общественное питание,10,lightgbm,0.1666666666666666,equal_prior
2024-09-01,Общественное питание,10,chronos_seasonal,0.1666666666666666,equal_prior
2024-09-01,Общественное питание,11,seasonal_growth,0.1666666666666666,equal_prior
2024-09-01,Общественное питание,11,panel_shrink,0.1666666666666666,equal_prior
2024-09-01,Общественное питание,11,ridge_panel,0.1666666666666666,equal_prior
2024-09-01,Общественное питание,11,catboost,0.1666666666666666,equal_prior
2024-09-01,Общественное питание,11,lightgbm,0.1666666666666666,equal_prior
2024-09-01,Общественное питание,11,chronos_seasonal,0.1666666666666666,equal_prior
2024-09-01,Общественное питание,12,seasonal_growth,0.1666666666666666,equal_prior
2024-09-01,Общественное питание,12,panel_shrink,0.1666666666666666,equal_prior
2024-09-01,Общественное питание,12,ridge_panel,0.1666666666666666,equal_prior
2024-09-01,Общественное питание,12,catboost,0.1666666666666666,equal_prior
2024-09-01,Общественное питание,12,lightgbm,0.1666666666666666,equal_prior
2024-09-01,Общественное питание,12,chronos_seasonal,0.1666666666666666,equal_prior
2024-09-01,Продовольствие,1,seasonal_growth,0.1814958681065738,matured_paired_errors
2024-09-01,Продовольствие,1,panel_shrink,0.1928746379290105,matured_paired_errors
2024-09-01,Продовольствие,1,ridge_panel,0.1816962238878037,matured_paired_errors
2024-09-01,Продовольствие,1,catboost,0.0979657036588616,matured_paired_errors
2024-09-01,Продовольствие,1,lightgbm,0.1054713446538804,matured_paired_errors
2024-09-01,Продовольствие,1,chronos_seasonal,0.2404962217638696,matured_paired_errors
2024-09-01,Продовольствие,2,seasonal_growth,0.1963472861553668,matured_paired_errors
2024-09-01,Продовольствие,2,panel_shrink,0.2132878024979383,matured_paired_errors
2024-09-01,Продовольствие,2,ridge_panel,0.1933410369286307,matured_paired_errors
2024-09-01,Продовольствие,2,catboost,0.0860155274682809,matured_paired_errors
2024-09-01,Продовольствие,2,lightgbm,0.0913008880776712,matured_paired_errors
2024-09-01,Продовольствие,2,chronos_seasonal,0.2197074588721118,matured_paired_errors
2024-09-01,Продовольствие,3,seasonal_growth,0.2092273052720532,matured_paired_errors
2024-09-01,Продовольствие,3,panel_shrink,0.2293700812952087,matured_paired_errors
2024-09-01,Продовольствие,3,ridge_panel,0.1943494326434127,matured_paired_errors
2024-09-01,Продовольствие,3,catboost,0.0764409547677255,matured_paired_errors
2024-09-01,Продовольствие,3,lightgbm,0.0903874553212397,matured_paired_errors
2024-09-01,Продовольствие,3,chronos_seasonal,0.20022477070036,matured_paired_errors
2024-09-01,Продовольствие,4,seasonal_growth,0.2112432840089029,matured_paired_errors
2024-09-01,Продовольствие,4,panel_shrink,0.2353359433043808,matured_paired_errors
2024-09-01,Продовольствие,4,ridge_panel,0.199213393643826,matured_paired_errors
2024-09-01,Продовольствие,4,catboost,0.0912492484137733,matured_paired_errors
2024-09-01,Продовольствие,4,lightgbm,0.091285011394431,matured_paired_errors
2024-09-01,Продовольствие,4,chronos_seasonal,0.1716731192346858,matured_paired_errors
2024-09-01,Продовольствие,5,seasonal_growth,0.2216875162707255,matured_paired_errors
2024-09-01,Продовольствие,5,panel_shrink,0.2555911417419865,matured_paired_errors
2024-09-01,Продовольствие,5,ridge_panel,0.2119090829286015,matured_paired_errors
2024-09-01,Продовольствие,5,catboost,0.0797237755770741,matured_paired_errors
2024-09-01,Продовольствие,5,lightgbm,0.0770254786140976,matured_paired_errors
2024-09-01,Продовольствие,5,chronos_seasonal,0.1540630048675145,matured_paired_errors
2024-09-01,Продовольствие,6,seasonal_growth,0.2220030071986526,matured_paired_errors
2024-09-01,Продовольствие,6,panel_shrink,0.2696120425466063,matured_paired_errors
2024-09-01,Продовольствие,6,ridge_panel,0.2216773282996516,matured_paired_errors
2024-09-01,Продовольствие,6,catboost,0.0781961620092857,matured_paired_errors
2024-09-01,Продовольствие,6,lightgbm,0.0741147805847166,matured_paired_errors
2024-09-01,Продовольствие,6,chronos_seasonal,0.1343966793610869,matured_paired_errors
2024-09-01,Продовольствие,7,seasonal_growth,0.2200473289603073,matured_paired_errors
2024-09-01,Продовольствие,7,panel_shrink,0.2749361828853022,matured_paired_errors
2024-09-01,Продовольствие,7,ridge_panel,0.2141967085551142,matured_paired_errors
2024-09-01,Продовольствие,7,catboost,0.0825694719779245,matured_paired_errors
2024-09-01,Продовольствие,7,lightgbm,0.0878410030672358,matured_paired_errors
2024-09-01,Продовольствие,7,chronos_seasonal,0.1204093045541157,matured_paired_errors
2024-09-01,Продовольствие,8,seasonal_growth,0.1666666666666666,equal_prior
2024-09-01,Продовольствие,8,panel_shrink,0.1666666666666666,equal_prior
2024-09-01,Продовольствие,8,ridge_panel,0.1666666666666666,equal_prior
2024-09-01,Продовольствие,8,catboost,0.1666666666666666,equal_prior
2024-09-01,Продовольствие,8,lightgbm,0.1666666666666666,equal_prior
2024-09-01,Продовольствие,8,chronos_seasonal,0.1666666666666666,equal_prior
2024-09-01,Продовольствие,9,seasonal_growth,0.1666666666666666,equal_prior
2024-09-01,Продовольствие,9,panel_shrink,0.1666666666666666,equal_prior
2024-09-01,Продовольствие,9,ridge_panel,0.1666666666666666,equal_prior
2024-09-01,Продовольствие,9,catboost,0.1666666666666666,equal_prior
2024-09-01,Продовольствие,9,lightgbm,0.1666666666666666,equal_prior
2024-09-01,Продовольствие,9,chronos_seasonal,0.1666666666666666,equal_prior
2024-09-01,Продовольствие,10,seasonal_growth,0.1666666666666666,equal_prior
2024-09-01,Продовольствие,10,panel_shrink,0.1666666666666666,equal_prior
2024-09-01,Продовольствие,10,ridge_panel,0.1666666666666666,equal_prior
2024-09-01,Продовольствие,10,catboost,0.1666666666666666,equal_prior
2024-09-01,Продовольствие,10,lightgbm,0.1666666666666666,equal_prior
2024-09-01,Продовольствие,10,chronos_seasonal,0.1666666666666666,equal_prior
2024-09-01,Продовольствие,11,seasonal_growth,0.1666666666666666,equal_prior
2024-09-01,Продовольствие,11,panel_shrink,0.1666666666666666,equal_prior
2024-09-01,Продовольствие,11,ridge_panel,0.1666666666666666,equal_prior
2024-09-01,Продовольствие,11,catboost,0.1666666666666666,equal_prior
2024-09-01,Продовольствие,11,lightgbm,0.1666666666666666,equal_prior
2024-09-01,Продовольствие,11,chronos_seasonal,0.1666666666666666,equal_prior
2024-09-01,Продовольствие,12,seasonal_growth,0.1666666666666666,equal_prior
2024-09-01,Продовольствие,12,panel_shrink,0.1666666666666666,equal_prior
2024-09-01,Продовольствие,12,ridge_panel,0.1666666666666666,equal_prior
2024-09-01,Продовольствие,12,catboost,0.1666666666666666,equal_prior
2024-09-01,Продовольствие,12,lightgbm,0.1666666666666666,equal_prior
2024-09-01,Продовольствие,12,chronos_seasonal,0.1666666666666666,equal_prior
2024-09-01,Транспорт,1,seasonal_growth,0.1394536775226163,matured_paired_errors
2024-09-01,Транспорт,1,panel_shrink,0.155431217651405,matured_paired_errors
2024-09-01,Транспорт,1,ridge_panel,0.143395442259244,matured_paired_errors
2024-09-01,Транспорт,1,catboost,0.20198462018715,matured_paired_errors
2024-09-01,Транспорт,1,lightgbm,0.2067010783427582,matured_paired_errors
2024-09-01,Транспорт,1,chronos_seasonal,0.1530339640368262,matured_paired_errors
2024-09-01,Транспорт,2,seasonal_growth,0.1541695957043994,matured_paired_errors
2024-09-01,Транспорт,2,panel_shrink,0.1701074403809635,matured_paired_errors
2024-09-01,Транспорт,2,ridge_panel,0.1491164842411595,matured_paired_errors
2024-09-01,Транспорт,2,catboost,0.1809876568967462,matured_paired_errors
2024-09-01,Транспорт,2,lightgbm,0.1964594379654708,matured_paired_errors
2024-09-01,Транспорт,2,chronos_seasonal,0.1491593848112604,matured_paired_errors
2024-09-01,Транспорт,3,seasonal_growth,0.166325399552119,matured_paired_errors
2024-09-01,Транспорт,3,panel_shrink,0.1806407186548264,matured_paired_errors
2024-09-01,Транспорт,3,ridge_panel,0.1560007121068164,matured_paired_errors
2024-09-01,Транспорт,3,catboost,0.1750281402683666,matured_paired_errors
2024-09-01,Транспорт,3,lightgbm,0.1815495922473441,matured_paired_errors
2024-09-01,Транспорт,3,chronos_seasonal,0.1404554371705273,matured_paired_errors
2024-09-01,Транспорт,4,seasonal_growth,0.1714880422609222,matured_paired_errors
2024-09-01,Транспорт,4,panel_shrink,0.1865540139648647,matured_paired_errors
2024-09-01,Транспорт,4,ridge_panel,0.1519073001540676,matured_paired_errors
2024-09-01,Транспорт,4,catboost,0.1789942563980504,matured_paired_errors
2024-09-01,Транспорт,4,lightgbm,0.1737993094262689,matured_paired_errors
2024-09-01,Транспорт,4,chronos_seasonal,0.1372570777958261,matured_paired_errors
2024-09-01,Транспорт,5,seasonal_growth,0.1831365797128228,matured_paired_errors
2024-09-01,Транспорт,5,panel_shrink,0.200266324015564,matured_paired_errors
2024-09-01,Транспорт,5,ridge_panel,0.1580460753631895,matured_paired_errors
2024-09-01,Транспорт,5,catboost,0.1561500867009836,matured_paired_errors
2024-09-01,Транспорт,5,lightgbm,0.1637837205498882,matured_paired_errors
2024-09-01,Транспорт,5,chronos_seasonal,0.1386172136575515,matured_paired_errors
2024-09-01,Транспорт,6,seasonal_growth,0.1929983240303593,matured_paired_errors
2024-09-01,Транспорт,6,panel_shrink,0.2033429348433167,matured_paired_errors
2024-09-01,Транспорт,6,ridge_panel,0.16173307651781,matured_paired_errors
2024-09-01,Транспорт,6,catboost,0.1525320379257946,matured_paired_errors
2024-09-01,Транспорт,6,lightgbm,0.1561793176978789,matured_paired_errors
2024-09-01,Транспорт,6,chronos_seasonal,0.1332143089848402,matured_paired_errors
2024-09-01,Транспорт,7,seasonal_growth,0.197011840942513,matured_paired_errors
2024-09-01,Транспорт,7,panel_shrink,0.2099791425935952,matured_paired_errors
2024-09-01,Транспорт,7,ridge_panel,0.1747919391834035,matured_paired_errors
2024-09-01,Транспорт,7,catboost,0.1448482863259946,matured_paired_errors
2024-09-01,Транспорт,7,lightgbm,0.1404615362979028,matured_paired_errors
2024-09-01,Транспорт,7,chronos_seasonal,0.1329072546565907,matured_paired_errors
2024-09-01,Транспорт,8,seasonal_growth,0.1666666666666666,equal_prior
2024-09-01,Транспорт,8,panel_shrink,0.1666666666666666,equal_prior
2024-09-01,Транспорт,8,ridge_panel,0.1666666666666666,equal_prior
2024-09-01,Транспорт,8,catboost,0.1666666666666666,equal_prior
2024-09-01,Транспорт,8,lightgbm,0.1666666666666666,equal_prior
2024-09-01,Транспорт,8,chronos_seasonal,0.1666666666666666,equal_prior
2024-09-01,Транспорт,9,seasonal_growth,0.1666666666666666,equal_prior
2024-09-01,Транспорт,9,panel_shrink,0.1666666666666666,equal_prior
2024-09-01,Транспорт,9,ridge_panel,0.1666666666666666,equal_prior
2024-09-01,Транспорт,9,catboost,0.1666666666666666,equal_prior
2024-09-01,Транспорт,9,lightgbm,0.1666666666666666,equal_prior
2024-09-01,Транспорт,9,chronos_seasonal,0.1666666666666666,equal_prior
2024-09-01,Транспорт,10,seasonal_growth,0.1666666666666666,equal_prior
2024-09-01,Транспорт,10,panel_shrink,0.1666666666666666,equal_prior
2024-09-01,Транспорт,10,ridge_panel,0.1666666666666666,equal_prior
2024-09-01,Транспорт,10,catboost,0.1666666666666666,equal_prior
2024-09-01,Транспорт,10,lightgbm,0.1666666666666666,equal_prior
2024-09-01,Транспорт,10,chronos_seasonal,0.1666666666666666,equal_prior
2024-09-01,Транспорт,11,seasonal_growth,0.1666666666666666,equal_prior
2024-09-01,Транспорт,11,panel_shrink,0.1666666666666666,equal_prior
2024-09-01,Транспорт,11,ridge_panel,0.1666666666666666,equal_prior
2024-09-01,Транспорт,11,catboost,0.1666666666666666,equal_prior
2024-09-01,Транспорт,11,lightgbm,0.1666666666666666,equal_prior
2024-09-01,Транспорт,11,chronos_seasonal,0.1666666666666666,equal_prior
2024-09-01,Транспорт,12,seasonal_growth,0.1666666666666666,equal_prior
2024-09-01,Транспорт,12,panel_shrink,0.1666666666666666,equal_prior
2024-09-01,Транспорт,12,ridge_panel,0.1666666666666666,equal_prior
2024-09-01,Транспорт,12,catboost,0.1666666666666666,equal_prior
2024-09-01,Транспорт,12,lightgbm,0.1666666666666666,equal_prior
2024-09-01,Транспорт,12,chronos_seasonal,0.1666666666666666,equal_prior
2024-10-01,Все категории,1,seasonal_growth,0.1917906316317266,matured_paired_errors
2024-10-01,Все категории,1,panel_shrink,0.2043134318966351,matured_paired_errors
2024-10-01,Все категории,1,ridge_panel,0.1782237162692619,matured_paired_errors
2024-10-01,Все категории,1,catboost,0.1172381710685515,matured_paired_errors
2024-10-01,Все категории,1,lightgbm,0.1232580088870684,matured_paired_errors
2024-10-01,Все категории,1,chronos_seasonal,0.1851760402467563,matured_paired_errors
2024-10-01,Все категории,2,seasonal_growth,0.1954744187927651,matured_paired_errors
2024-10-01,Все категории,2,panel_shrink,0.2177409198115298,matured_paired_errors
2024-10-01,Все категории,2,ridge_panel,0.1923105442695263,matured_paired_errors
2024-10-01,Все категории,2,catboost,0.1061509178514978,matured_paired_errors
2024-10-01,Все категории,2,lightgbm,0.1227116132188057,matured_paired_errors
2024-10-01,Все категории,2,chronos_seasonal,0.165611586055875,matured_paired_errors
2024-10-01,Все категории,3,seasonal_growth,0.1944533302639208,matured_paired_errors
2024-10-01,Все категории,3,panel_shrink,0.2146237952310795,matured_paired_errors
2024-10-01,Все категории,3,ridge_panel,0.1892013427558627,matured_paired_errors
2024-10-01,Все категории,3,catboost,0.1192376418489915,matured_paired_errors
2024-10-01,Все категории,3,lightgbm,0.1462478256308026,matured_paired_errors
2024-10-01,Все категории,3,chronos_seasonal,0.1362360642693428,matured_paired_errors
2024-10-01,Все категории,4,seasonal_growth,0.1944619462113844,matured_paired_errors
2024-10-01,Все категории,4,panel_shrink,0.2191637417741874,matured_paired_errors
2024-10-01,Все категории,4,ridge_panel,0.1957881326569878,matured_paired_errors
2024-10-01,Все категории,4,catboost,0.125261243003751,matured_paired_errors
2024-10-01,Все категории,4,lightgbm,0.1486330765384274,matured_paired_errors
2024-10-01,Все категории,4,chronos_seasonal,0.1166918598152618,matured_paired_errors
2024-10-01,Все категории,5,seasonal_growth,0.1991069836741824,matured_paired_errors
2024-10-01,Все категории,5,panel_shrink,0.2306982750888885,matured_paired_errors
2024-10-01,Все категории,5,ridge_panel,0.2035998996126955,matured_paired_errors
2024-10-01,Все категории,5,catboost,0.1214166762219949,matured_paired_errors
2024-10-01,Все категории,5,lightgbm,0.1462123403734851,matured_paired_errors
2024-10-01,Все категории,5,chronos_seasonal,0.0989658250287533,matured_paired_errors
2024-10-01,Все категории,6,seasonal_growth,0.2056921744373254,matured_paired_errors
2024-10-01,Все категории,6,panel_shrink,0.2388788506796589,matured_paired_errors
2024-10-01,Все категории,6,ridge_panel,0.2170503488564017,matured_paired_errors
2024-10-01,Все категории,6,catboost,0.1081000751345245,matured_paired_errors
2024-10-01,Все категории,6,lightgbm,0.1341205113007372,matured_paired_errors
2024-10-01,Все категории,6,chronos_seasonal,0.0961580395913521,matured_paired_errors
2024-10-01,Все категории,7,seasonal_growth,0.2103047790820043,matured_paired_errors
2024-10-01,Все категории,7,panel_shrink,0.2419385677547843,matured_paired_errors
2024-10-01,Все категории,7,ridge_panel,0.2174954426810672,matured_paired_errors
2024-10-01,Все категории,7,catboost,0.1083043242508169,matured_paired_errors
2024-10-01,Все категории,7,lightgbm,0.1402173427350691,matured_paired_errors
2024-10-01,Все категории,7,chronos_seasonal,0.0817395434962581,matured_paired_errors
2024-10-01,Все категории,8,seasonal_growth,0.2121352939376507,matured_paired_errors
2024-10-01,Все категории,8,panel_shrink,0.2412355649666069,matured_paired_errors
2024-10-01,Все категории,8,ridge_panel,0.2431351574480477,matured_paired_errors
2024-10-01,Все категории,8,catboost,0.0981049170625746,matured_paired_errors
2024-10-01,Все категории,8,lightgbm,0.1280470583652065,matured_paired_errors
2024-10-01,Все категории,8,chronos_seasonal,0.0773420082199133,matured_paired_errors
2024-10-01,Все категории,9,seasonal_growth,0.1666666666666666,equal_prior
2024-10-01,Все категории,9,panel_shrink,0.1666666666666666,equal_prior
2024-10-01,Все категории,9,ridge_panel,0.1666666666666666,equal_prior
2024-10-01,Все категории,9,catboost,0.1666666666666666,equal_prior
2024-10-01,Все категории,9,lightgbm,0.1666666666666666,equal_prior
2024-10-01,Все категории,9,chronos_seasonal,0.1666666666666666,equal_prior
2024-10-01,Все категории,10,seasonal_growth,0.1666666666666666,equal_prior
2024-10-01,Все категории,10,panel_shrink,0.1666666666666666,equal_prior
2024-10-01,Все категории,10,ridge_panel,0.1666666666666666,equal_prior
2024-10-01,Все категории,10,catboost,0.1666666666666666,equal_prior
2024-10-01,Все категории,10,lightgbm,0.1666666666666666,equal_prior
2024-10-01,Все категории,10,chronos_seasonal,0.1666666666666666,equal_prior
2024-10-01,Все категории,11,seasonal_growth,0.1666666666666666,equal_prior
2024-10-01,Все категории,11,panel_shrink,0.1666666666666666,equal_prior
2024-10-01,Все категории,11,ridge_panel,0.1666666666666666,equal_prior
2024-10-01,Все категории,11,catboost,0.1666666666666666,equal_prior
2024-10-01,Все категории,11,lightgbm,0.1666666666666666,equal_prior
2024-10-01,Все категории,11,chronos_seasonal,0.1666666666666666,equal_prior
2024-10-01,Все категории,12,seasonal_growth,0.1666666666666666,equal_prior
2024-10-01,Все категории,12,panel_shrink,0.1666666666666666,equal_prior
2024-10-01,Все категории,12,ridge_panel,0.1666666666666666,equal_prior
2024-10-01,Все категории,12,catboost,0.1666666666666666,equal_prior
2024-10-01,Все категории,12,lightgbm,0.1666666666666666,equal_prior
2024-10-01,Все категории,12,chronos_seasonal,0.1666666666666666,equal_prior
2024-10-01,Здоровье,1,seasonal_growth,0.162875606756041,matured_paired_errors
2024-10-01,Здоровье,1,panel_shrink,0.1859527093783105,matured_paired_errors
2024-10-01,Здоровье,1,ridge_panel,0.1751988664270858,matured_paired_errors
2024-10-01,Здоровье,1,catboost,0.1610882013921743,matured_paired_errors
2024-10-01,Здоровье,1,lightgbm,0.14716780095481,matured_paired_errors
2024-10-01,Здоровье,1,chronos_seasonal,0.1677168150915782,matured_paired_errors
2024-10-01,Здоровье,2,seasonal_growth,0.1705772238910519,matured_paired_errors
2024-10-01,Здоровье,2,panel_shrink,0.1950275061846233,matured_paired_errors
2024-10-01,Здоровье,2,ridge_panel,0.1788663400659527,matured_paired_errors
2024-10-01,Здоровье,2,catboost,0.1438269300099084,matured_paired_errors
2024-10-01,Здоровье,2,lightgbm,0.1403665618425371,matured_paired_errors
2024-10-01,Здоровье,2,chronos_seasonal,0.1713354380059263,matured_paired_errors
2024-10-01,Здоровье,3,seasonal_growth,0.1746993145409356,matured_paired_errors
2024-10-01,Здоровье,3,panel_shrink,0.200677113371418,matured_paired_errors
2024-10-01,Здоровье,3,ridge_panel,0.1714885995801171,matured_paired_errors
2024-10-01,Здоровье,3,catboost,0.1442001119820598,matured_paired_errors
2024-10-01,Здоровье,3,lightgbm,0.1448789076477686,matured_paired_errors
2024-10-01,Здоровье,3,chronos_seasonal,0.1640559528777005,matured_paired_errors
2024-10-01,Здоровье,4,seasonal_growth,0.1667703435366385,matured_paired_errors
2024-10-01,Здоровье,4,panel_shrink,0.1906473760662024,matured_paired_errors
2024-10-01,Здоровье,4,ridge_panel,0.1791800072006906,matured_paired_errors
2024-10-01,Здоровье,4,catboost,0.168738507751812,matured_paired_errors
2024-10-01,Здоровье,4,lightgbm,0.1557329137598606,matured_paired_errors
2024-10-01,Здоровье,4,chronos_seasonal,0.1389308516847957,matured_paired_errors
2024-10-01,Здоровье,5,seasonal_growth,0.1559913631280324,matured_paired_errors
2024-10-01,Здоровье,5,panel_shrink,0.1828412671368066,matured_paired_errors
2024-10-01,Здоровье,5,ridge_panel,0.1795050885146072,matured_paired_errors
2024-10-01,Здоровье,5,catboost,0.1884243279669132,matured_paired_errors
2024-10-01,Здоровье,5,lightgbm,0.1637374234221327,matured_paired_errors
2024-10-01,Здоровье,5,chronos_seasonal,0.1295005298315077,matured_paired_errors
2024-10-01,Здоровье,6,seasonal_growth,0.1512647172259675,matured_paired_errors
2024-10-01,Здоровье,6,panel_shrink,0.1759441647189117,matured_paired_errors
2024-10-01,Здоровье,6,ridge_panel,0.1704300773924714,matured_paired_errors
2024-10-01,Здоровье,6,catboost,0.1951890882752959,matured_paired_errors
2024-10-01,Здоровье,6,lightgbm,0.1823449272303163,matured_paired_errors
2024-10-01,Здоровье,6,chronos_seasonal,0.1248270251570371,matured_paired_errors
2024-10-01,Здоровье,7,seasonal_growth,0.143720663812126,matured_paired_errors
2024-10-01,Здоровье,7,panel_shrink,0.157949607566284,matured_paired_errors
2024-10-01,Здоровье,7,ridge_panel,0.1582601687458768,matured_paired_errors
2024-10-01,Здоровье,7,catboost,0.2116197229940862,matured_paired_errors
2024-10-01,Здоровье,7,lightgbm,0.2164436593475907,matured_paired_errors
2024-10-01,Здоровье,7,chronos_seasonal,0.1120061775340359,matured_paired_errors
2024-10-01,Здоровье,8,seasonal_growth,0.1434184255790768,matured_paired_errors
2024-10-01,Здоровье,8,panel_shrink,0.1606664245332034,matured_paired_errors
2024-10-01,Здоровье,8,ridge_panel,0.1502189545645231,matured_paired_errors
2024-10-01,Здоровье,8,catboost,0.2405638221353176,matured_paired_errors
2024-10-01,Здоровье,8,lightgbm,0.200116181525144,matured_paired_errors
2024-10-01,Здоровье,8,chronos_seasonal,0.1050161916627348,matured_paired_errors
2024-10-01,Здоровье,9,seasonal_growth,0.1666666666666666,equal_prior
2024-10-01,Здоровье,9,panel_shrink,0.1666666666666666,equal_prior
2024-10-01,Здоровье,9,ridge_panel,0.1666666666666666,equal_prior
2024-10-01,Здоровье,9,catboost,0.1666666666666666,equal_prior
2024-10-01,Здоровье,9,lightgbm,0.1666666666666666,equal_prior
2024-10-01,Здоровье,9,chronos_seasonal,0.1666666666666666,equal_prior
2024-10-01,Здоровье,10,seasonal_growth,0.1666666666666666,equal_prior
2024-10-01,Здоровье,10,panel_shrink,0.1666666666666666,equal_prior
2024-10-01,Здоровье,10,ridge_panel,0.1666666666666666,equal_prior
2024-10-01,Здоровье,10,catboost,0.1666666666666666,equal_prior
2024-10-01,Здоровье,10,lightgbm,0.1666666666666666,equal_prior
2024-10-01,Здоровье,10,chronos_seasonal,0.1666666666666666,equal_prior
2024-10-01,Здоровье,11,seasonal_growth,0.1666666666666666,equal_prior
2024-10-01,Здоровье,11,panel_shrink,0.1666666666666666,equal_prior
2024-10-01,Здоровье,11,ridge_panel,0.1666666666666666,equal_prior
2024-10-01,Здоровье,11,catboost,0.1666666666666666,equal_prior
2024-10-01,Здоровье,11,lightgbm,0.1666666666666666,equal_prior
2024-10-01,Здоровье,11,chronos_seasonal,0.1666666666666666,equal_prior
2024-10-01,Здоровье,12,seasonal_growth,0.1666666666666666,equal_prior
2024-10-01,Здоровье,12,panel_shrink,0.1666666666666666,equal_prior
2024-10-01,Здоровье,12,ridge_panel,0.1666666666666666,equal_prior
2024-10-01,Здоровье,12,catboost,0.1666666666666666,equal_prior
2024-10-01,Здоровье,12,lightgbm,0.1666666666666666,equal_prior
2024-10-01,Здоровье,12,chronos_seasonal,0.1666666666666666,equal_prior
2024-10-01,Маркетплейсы,1,seasonal_growth,0.154540839953881,matured_paired_errors
2024-10-01,Маркетплейсы,1,panel_shrink,0.1583969260065091,matured_paired_errors
2024-10-01,Маркетплейсы,1,ridge_panel,0.2205241286191751,matured_paired_errors
2024-10-01,Маркетплейсы,1,catboost,0.1535742673175509,matured_paired_errors
2024-10-01,Маркетплейсы,1,lightgbm,0.1351888387616277,matured_paired_errors
2024-10-01,Маркетплейсы,1,chronos_seasonal,0.177774999341256,matured_paired_errors
2024-10-01,Маркетплейсы,2,seasonal_growth,0.1600686403140472,matured_paired_errors
2024-10-01,Маркетплейсы,2,panel_shrink,0.1610914645121316,matured_paired_errors
2024-10-01,Маркетплейсы,2,ridge_panel,0.2287040395234315,matured_paired_errors
2024-10-01,Маркетплейсы,2,catboost,0.1542722403698054,matured_paired_errors
2024-10-01,Маркетплейсы,2,lightgbm,0.1410432343925061,matured_paired_errors
2024-10-01,Маркетплейсы,2,chronos_seasonal,0.154820380888078,matured_paired_errors
2024-10-01,Маркетплейсы,3,seasonal_growth,0.1655376005197371,matured_paired_errors
2024-10-01,Маркетплейсы,3,panel_shrink,0.1645027380964973,matured_paired_errors
2024-10-01,Маркетплейсы,3,ridge_panel,0.2408763135550629,matured_paired_errors
2024-10-01,Маркетплейсы,3,catboost,0.1526168853132673,matured_paired_errors
2024-10-01,Маркетплейсы,3,lightgbm,0.1508859329654687,matured_paired_errors
2024-10-01,Маркетплейсы,3,chronos_seasonal,0.1255805295499665,matured_paired_errors
2024-10-01,Маркетплейсы,4,seasonal_growth,0.1699829215723308,matured_paired_errors
2024-10-01,Маркетплейсы,4,panel_shrink,0.1680472320425802,matured_paired_errors
2024-10-01,Маркетплейсы,4,ridge_panel,0.252377375042994,matured_paired_errors
2024-10-01,Маркетплейсы,4,catboost,0.1546612586832911,matured_paired_errors
2024-10-01,Маркетплейсы,4,lightgbm,0.1473414435313788,matured_paired_errors
2024-10-01,Маркетплейсы,4,chronos_seasonal,0.1075897691274249,matured_paired_errors
2024-10-01,Маркетплейсы,5,seasonal_growth,0.1701815021883717,matured_paired_errors
2024-10-01,Маркетплейсы,5,panel_shrink,0.167121343772263,matured_paired_errors
2024-10-01,Маркетплейсы,5,ridge_panel,0.2486658245084875,matured_paired_errors
2024-10-01,Маркетплейсы,5,catboost,0.1648312895353491,matured_paired_errors
2024-10-01,Маркетплейсы,5,lightgbm,0.165240391612676,matured_paired_errors
2024-10-01,Маркетплейсы,5,chronos_seasonal,0.0839596483828523,matured_paired_errors
2024-10-01,Маркетплейсы,6,seasonal_growth,0.1700889994257244,matured_paired_errors
2024-10-01,Маркетплейсы,6,panel_shrink,0.1661470842976231,matured_paired_errors
2024-10-01,Маркетплейсы,6,ridge_panel,0.2573205390975305,matured_paired_errors
2024-10-01,Маркетплейсы,6,catboost,0.1679314562960167,matured_paired_errors
2024-10-01,Маркетплейсы,6,lightgbm,0.1658749502624961,matured_paired_errors
2024-10-01,Маркетплейсы,6,chronos_seasonal,0.0726369706206088,matured_paired_errors
2024-10-01,Маркетплейсы,7,seasonal_growth,0.1915034662337491,matured_paired_errors
2024-10-01,Маркетплейсы,7,panel_shrink,0.1848256948278626,matured_paired_errors
2024-10-01,Маркетплейсы,7,ridge_panel,0.2706881531612456,matured_paired_errors
2024-10-01,Маркетплейсы,7,catboost,0.1403418107833837,matured_paired_errors
2024-10-01,Маркетплейсы,7,lightgbm,0.1451751072281857,matured_paired_errors
2024-10-01,Маркетплейсы,7,chronos_seasonal,0.0674657677655731,matured_paired_errors
2024-10-01,Маркетплейсы,8,seasonal_growth,0.1871179540006397,matured_paired_errors
2024-10-01,Маркетплейсы,8,panel_shrink,0.1749412986396875,matured_paired_errors
2024-10-01,Маркетплейсы,8,ridge_panel,0.2595172283652043,matured_paired_errors
2024-10-01,Маркетплейсы,8,catboost,0.1450596175916004,matured_paired_errors
2024-10-01,Маркетплейсы,8,lightgbm,0.170947836839811,matured_paired_errors
2024-10-01,Маркетплейсы,8,chronos_seasonal,0.0624160645630569,matured_paired_errors
2024-10-01,Маркетплейсы,9,seasonal_growth,0.1666666666666666,equal_prior
2024-10-01,Маркетплейсы,9,panel_shrink,0.1666666666666666,equal_prior
2024-10-01,Маркетплейсы,9,ridge_panel,0.1666666666666666,equal_prior
2024-10-01,Маркетплейсы,9,catboost,0.1666666666666666,equal_prior
2024-10-01,Маркетплейсы,9,lightgbm,0.1666666666666666,equal_prior
2024-10-01,Маркетплейсы,9,chronos_seasonal,0.1666666666666666,equal_prior
2024-10-01,Маркетплейсы,10,seasonal_growth,0.1666666666666666,equal_prior
2024-10-01,Маркетплейсы,10,panel_shrink,0.1666666666666666,equal_prior
2024-10-01,Маркетплейсы,10,ridge_panel,0.1666666666666666,equal_prior
2024-10-01,Маркетплейсы,10,catboost,0.1666666666666666,equal_prior
2024-10-01,Маркетплейсы,10,lightgbm,0.1666666666666666,equal_prior
2024-10-01,Маркетплейсы,10,chronos_seasonal,0.1666666666666666,equal_prior
2024-10-01,Маркетплейсы,11,seasonal_growth,0.1666666666666666,equal_prior
2024-10-01,Маркетплейсы,11,panel_shrink,0.1666666666666666,equal_prior
2024-10-01,Маркетплейсы,11,ridge_panel,0.1666666666666666,equal_prior
2024-10-01,Маркетплейсы,11,catboost,0.1666666666666666,equal_prior
2024-10-01,Маркетплейсы,11,lightgbm,0.1666666666666666,equal_prior
2024-10-01,Маркетплейсы,11,chronos_seasonal,0.1666666666666666,equal_prior
2024-10-01,Маркетплейсы,12,seasonal_growth,0.1666666666666666,equal_prior
2024-10-01,Маркетплейсы,12,panel_shrink,0.1666666666666666,equal_prior
2024-10-01,Маркетплейсы,12,ridge_panel,0.1666666666666666,equal_prior
2024-10-01,Маркетплейсы,12,catboost,0.1666666666666666,equal_prior
2024-10-01,Маркетплейсы,12,lightgbm,0.1666666666666666,equal_prior
2024-10-01,Маркетплейсы,12,chronos_seasonal,0.1666666666666666,equal_prior
2024-10-01,Общественное питание,1,seasonal_growth,0.1614882251273396,matured_paired_errors
2024-10-01,Общественное питание,1,panel_shrink,0.1581366514099563,matured_paired_errors
2024-10-01,Общественное питание,1,ridge_panel,0.1366225335793454,matured_paired_errors
2024-10-01,Общественное питание,1,catboost,0.1894106375769759,matured_paired_errors
2024-10-01,Общественное питание,1,lightgbm,0.1977135293274324,matured_paired_errors
2024-10-01,Общественное питание,1,chronos_seasonal,0.1566284229789503,matured_paired_errors
2024-10-01,Общественное питание,2,seasonal_growth,0.1810712616358441,matured_paired_errors
2024-10-01,Общественное питание,2,panel_shrink,0.1740102714349432,matured_paired_errors
2024-10-01,Общественное питание,2,ridge_panel,0.1405783630239148,matured_paired_errors
2024-10-01,Общественное питание,2,catboost,0.1748553325362998,matured_paired_errors
2024-10-01,Общественное питание,2,lightgbm,0.1749294677525869,matured_paired_errors
2024-10-01,Общественное питание,2,chronos_seasonal,0.1545553036164109,matured_paired_errors
2024-10-01,Общественное питание,3,seasonal_growth,0.1896387130236104,matured_paired_errors
2024-10-01,Общественное питание,3,panel_shrink,0.1805595267305371,matured_paired_errors
2024-10-01,Общественное питание,3,ridge_panel,0.1480993508739824,matured_paired_errors
2024-10-01,Общественное питание,3,catboost,0.1666981168534734,matured_paired_errors
2024-10-01,Общественное питание,3,lightgbm,0.1648509004485612,matured_paired_errors
2024-10-01,Общественное питание,3,chronos_seasonal,0.1501533920698354,matured_paired_errors
2024-10-01,Общественное питание,4,seasonal_growth,0.1977814378052079,matured_paired_errors
2024-10-01,Общественное питание,4,panel_shrink,0.1924542295838876,matured_paired_errors
2024-10-01,Общественное питание,4,ridge_panel,0.1563977284989215,matured_paired_errors
2024-10-01,Общественное питание,4,catboost,0.1541356148478527,matured_paired_errors
2024-10-01,Общественное питание,4,lightgbm,0.1516512645258889,matured_paired_errors
2024-10-01,Общественное питание,4,chronos_seasonal,0.147579724738241,matured_paired_errors
2024-10-01,Общественное питание,5,seasonal_growth,0.2028770307077462,matured_paired_errors
2024-10-01,Общественное питание,5,panel_shrink,0.2029709382816171,matured_paired_errors
2024-10-01,Общественное питание,5,ridge_panel,0.1636284064412964,matured_paired_errors
2024-10-01,Общественное питание,5,catboost,0.143104494058632,matured_paired_errors
2024-10-01,Общественное питание,5,lightgbm,0.1512843534782883,matured_paired_errors
2024-10-01,Общественное питание,5,chronos_seasonal,0.1361347770324198,matured_paired_errors
2024-10-01,Общественное питание,6,seasonal_growth,0.2090348124448574,matured_paired_errors
2024-10-01,Общественное питание,6,panel_shrink,0.2101656694390215,matured_paired_errors
2024-10-01,Общественное питание,6,ridge_panel,0.1654629804918769,matured_paired_errors
2024-10-01,Общественное питание,6,catboost,0.1346164684753531,matured_paired_errors
2024-10-01,Общественное питание,6,lightgbm,0.1505740135162851,matured_paired_errors
2024-10-01,Общественное питание,6,chronos_seasonal,0.1301460556326057,matured_paired_errors
2024-10-01,Общественное питание,7,seasonal_growth,0.2179748786546017,matured_paired_errors
2024-10-01,Общественное питание,7,panel_shrink,0.2151389268281759,matured_paired_errors
2024-10-01,Общественное питание,7,ridge_panel,0.1652076471742689,matured_paired_errors
2024-10-01,Общественное питание,7,catboost,0.1327385218400302,matured_paired_errors
2024-10-01,Общественное питание,7,lightgbm,0.1473168900073409,matured_paired_errors
2024-10-01,Общественное питание,7,chronos_seasonal,0.1216231354955821,matured_paired_errors
2024-10-01,Общественное питание,8,seasonal_growth,0.2223884770449777,matured_paired_errors
2024-10-01,Общественное питание,8,panel_shrink,0.210089299770056,matured_paired_errors
2024-10-01,Общественное питание,8,ridge_panel,0.1676338517152802,matured_paired_errors
2024-10-01,Общественное питание,8,catboost,0.1381051093979529,matured_paired_errors
2024-10-01,Общественное питание,8,lightgbm,0.1464334232039489,matured_paired_errors
2024-10-01,Общественное питание,8,chronos_seasonal,0.1153498388677839,matured_paired_errors
2024-10-01,Общественное питание,9,seasonal_growth,0.1666666666666666,equal_prior
2024-10-01,Общественное питание,9,panel_shrink,0.1666666666666666,equal_prior
2024-10-01,Общественное питание,9,ridge_panel,0.1666666666666666,equal_prior
2024-10-01,Общественное питание,9,catboost,0.1666666666666666,equal_prior
2024-10-01,Общественное питание,9,lightgbm,0.1666666666666666,equal_prior
2024-10-01,Общественное питание,9,chronos_seasonal,0.1666666666666666,equal_prior
2024-10-01,Общественное питание,10,seasonal_growth,0.1666666666666666,equal_prior
2024-10-01,Общественное питание,10,panel_shrink,0.1666666666666666,equal_prior
2024-10-01,Общественное питание,10,ridge_panel,0.1666666666666666,equal_prior
2024-10-01,Общественное питание,10,catboost,0.1666666666666666,equal_prior
2024-10-01,Общественное питание,10,lightgbm,0.1666666666666666,equal_prior
2024-10-01,Общественное питание,10,chronos_seasonal,0.1666666666666666,equal_prior
2024-10-01,Общественное питание,11,seasonal_growth,0.1666666666666666,equal_prior
2024-10-01,Общественное питание,11,panel_shrink,0.1666666666666666,equal_prior
2024-10-01,Общественное питание,11,ridge_panel,0.1666666666666666,equal_prior
2024-10-01,Общественное питание,11,catboost,0.1666666666666666,equal_prior
2024-10-01,Общественное питание,11,lightgbm,0.1666666666666666,equal_prior
2024-10-01,Общественное питание,11,chronos_seasonal,0.1666666666666666,equal_prior
2024-10-01,Общественное питание,12,seasonal_growth,0.1666666666666666,equal_prior
2024-10-01,Общественное питание,12,panel_shrink,0.1666666666666666,equal_prior
2024-10-01,Общественное питание,12,ridge_panel,0.1666666666666666,equal_prior
2024-10-01,Общественное питание,12,catboost,0.1666666666666666,equal_prior
2024-10-01,Общественное питание,12,lightgbm,0.1666666666666666,equal_prior
2024-10-01,Общественное питание,12,chronos_seasonal,0.1666666666666666,equal_prior
2024-10-01,Продовольствие,1,seasonal_growth,0.1879049495741017,matured_paired_errors
2024-10-01,Продовольствие,1,panel_shrink,0.1981080780355568,matured_paired_errors
2024-10-01,Продовольствие,1,ridge_panel,0.1887973421380486,matured_paired_errors
2024-10-01,Продовольствие,1,catboost,0.0964583696673448,matured_paired_errors
2024-10-01,Продовольствие,1,lightgbm,0.1061514294738545,matured_paired_errors
2024-10-01,Продовольствие,1,chronos_seasonal,0.2225798311110932,matured_paired_errors
2024-10-01,Продовольствие,2,seasonal_growth,0.1970502886462808,matured_paired_errors
2024-10-01,Продовольствие,2,panel_shrink,0.2163961130788531,matured_paired_errors
2024-10-01,Продовольствие,2,ridge_panel,0.1907057718259197,matured_paired_errors
2024-10-01,Продовольствие,2,catboost,0.0929231289977646,matured_paired_errors
2024-10-01,Продовольствие,2,lightgbm,0.0985827849748771,matured_paired_errors
2024-10-01,Продовольствие,2,chronos_seasonal,0.2043419124763045,matured_paired_errors
2024-10-01,Продовольствие,3,seasonal_growth,0.2065536561438208,matured_paired_errors
2024-10-01,Продовольствие,3,panel_shrink,0.2255126366993288,matured_paired_errors
2024-10-01,Продовольствие,3,ridge_panel,0.1887172480785537,matured_paired_errors
2024-10-01,Продовольствие,3,catboost,0.0844058025307837,matured_paired_errors
2024-10-01,Продовольствие,3,lightgbm,0.0951819272987506,matured_paired_errors
2024-10-01,Продовольствие,3,chronos_seasonal,0.199628729248762,matured_paired_errors
2024-10-01,Продовольствие,4,seasonal_growth,0.212884997470221,matured_paired_errors
2024-10-01,Продовольствие,4,panel_shrink,0.2365167538523621,matured_paired_errors
2024-10-01,Продовольствие,4,ridge_panel,0.1966181911643798,matured_paired_errors
2024-10-01,Продовольствие,4,catboost,0.0882291957086771,matured_paired_errors
2024-10-01,Продовольствие,4,lightgbm,0.0865951283284506,matured_paired_errors
2024-10-01,Продовольствие,4,chronos_seasonal,0.1791557334759093,matured_paired_errors
2024-10-01,Продовольствие,5,seasonal_growth,0.2168452994982782,matured_paired_errors
2024-10-01,Продовольствие,5,panel_shrink,0.2510539787205232,matured_paired_errors
2024-10-01,Продовольствие,5,ridge_panel,0.2058494377811916,matured_paired_errors
2024-10-01,Продовольствие,5,catboost,0.0865383960545937,matured_paired_errors
2024-10-01,Продовольствие,5,lightgbm,0.0808288135724361,matured_paired_errors
2024-10-01,Продовольствие,5,chronos_seasonal,0.158884074372977,matured_paired_errors
2024-10-01,Продовольствие,6,seasonal_growth,0.2148165841163839,matured_paired_errors
2024-10-01,Продовольствие,6,panel_shrink,0.2659694458969019,matured_paired_errors
2024-10-01,Продовольствие,6,ridge_panel,0.2206015037412951,matured_paired_errors
2024-10-01,Продовольствие,6,catboost,0.0833831537190089,matured_paired_errors
2024-10-01,Продовольствие,6,lightgbm,0.0794594418098201,matured_paired_errors
2024-10-01,Продовольствие,6,chronos_seasonal,0.1357698707165899,matured_paired_errors
2024-10-01,Продовольствие,7,seasonal_growth,0.208503465314991,matured_paired_errors
2024-10-01,Продовольствие,7,panel_shrink,0.2710853780441567,matured_paired_errors
2024-10-01,Продовольствие,7,ridge_panel,0.2193142093941554,matured_paired_errors
2024-10-01,Продовольствие,7,catboost,0.0922754848595502,matured_paired_errors
2024-10-01,Продовольствие,7,lightgbm,0.0935970738851692,matured_paired_errors
2024-10-01,Продовольствие,7,chronos_seasonal,0.1152243885019772,matured_paired_errors
2024-10-01,Продовольствие,8,seasonal_growth,0.2014712415983079,matured_paired_errors
2024-10-01,Продовольствие,8,panel_shrink,0.2737245652531596,matured_paired_errors
2024-10-01,Продовольствие,8,ridge_panel,0.2420097327265779,matured_paired_errors
2024-10-01,Продовольствие,8,catboost,0.0814971577858981,matured_paired_errors
2024-10-01,Продовольствие,8,lightgbm,0.1019309659394453,matured_paired_errors
2024-10-01,Продовольствие,8,chronos_seasonal,0.0993663366966111,matured_paired_errors
2024-10-01,Продовольствие,9,seasonal_growth,0.1666666666666666,equal_prior
2024-10-01,Продовольствие,9,panel_shrink,0.1666666666666666,equal_prior
2024-10-01,Продовольствие,9,ridge_panel,0.1666666666666666,equal_prior
2024-10-01,Продовольствие,9,catboost,0.1666666666666666,equal_prior
2024-10-01,Продовольствие,9,lightgbm,0.1666666666666666,equal_prior
2024-10-01,Продовольствие,9,chronos_seasonal,0.1666666666666666,equal_prior
2024-10-01,Продовольствие,10,seasonal_growth,0.1666666666666666,equal_prior
2024-10-01,Продовольствие,10,panel_shrink,0.1666666666666666,equal_prior
2024-10-01,Продовольствие,10,ridge_panel,0.1666666666666666,equal_prior
2024-10-01,Продовольствие,10,catboost,0.1666666666666666,equal_prior
2024-10-01,Продовольствие,10,lightgbm,0.1666666666666666,equal_prior
2024-10-01,Продовольствие,10,chronos_seasonal,0.1666666666666666,equal_prior
2024-10-01,Продовольствие,11,seasonal_growth,0.1666666666666666,equal_prior
2024-10-01,Продовольствие,11,panel_shrink,0.1666666666666666,equal_prior
2024-10-01,Продовольствие,11,ridge_panel,0.1666666666666666,equal_prior
2024-10-01,Продовольствие,11,catboost,0.1666666666666666,equal_prior
2024-10-01,Продовольствие,11,lightgbm,0.1666666666666666,equal_prior
2024-10-01,Продовольствие,11,chronos_seasonal,0.1666666666666666,equal_prior
2024-10-01,Продовольствие,12,seasonal_growth,0.1666666666666666,equal_prior
2024-10-01,Продовольствие,12,panel_shrink,0.1666666666666666,equal_prior
2024-10-01,Продовольствие,12,ridge_panel,0.1666666666666666,equal_prior
2024-10-01,Продовольствие,12,catboost,0.1666666666666666,equal_prior
2024-10-01,Продовольствие,12,lightgbm,0.1666666666666666,equal_prior
2024-10-01,Продовольствие,12,chronos_seasonal,0.1666666666666666,equal_prior
2024-10-01,Транспорт,1,seasonal_growth,0.1425353732579479,matured_paired_errors
2024-10-01,Транспорт,1,panel_shrink,0.1601128924575708,matured_paired_errors
2024-10-01,Транспорт,1,ridge_panel,0.1460468660378576,matured_paired_errors
2024-10-01,Транспорт,1,catboost,0.1991595498908153,matured_paired_errors
2024-10-01,Транспорт,1,lightgbm,0.19717812392088,matured_paired_errors
2024-10-01,Транспорт,1,chronos_seasonal,0.1549671944349283,matured_paired_errors
2024-10-01,Транспорт,2,seasonal_growth,0.1519982996638585,matured_paired_errors
2024-10-01,Транспорт,2,panel_shrink,0.1706467047083499,matured_paired_errors
2024-10-01,Транспорт,2,ridge_panel,0.1514825447527155,matured_paired_errors
2024-10-01,Транспорт,2,catboost,0.1852365052288337,matured_paired_errors
2024-10-01,Транспорт,2,lightgbm,0.1940304961034546,matured_paired_errors
2024-10-01,Транспорт,2,chronos_seasonal,0.1466054495427873,matured_paired_errors
2024-10-01,Транспорт,3,seasonal_growth,0.1617214420904222,matured_paired_errors
2024-10-01,Транспорт,3,panel_shrink,0.1790626910111152,matured_paired_errors
2024-10-01,Транспорт,3,ridge_panel,0.1576187417508486,matured_paired_errors
2024-10-01,Транспорт,3,catboost,0.1781987574653817,matured_paired_errors
2024-10-01,Транспорт,3,lightgbm,0.1835036396335362,matured_paired_errors
2024-10-01,Транспорт,3,chronos_seasonal,0.1398947280486956,matured_paired_errors
2024-10-01,Транспорт,4,seasonal_growth,0.1671543120685124,matured_paired_errors
2024-10-01,Транспорт,4,panel_shrink,0.1858104896420924,matured_paired_errors
2024-10-01,Транспорт,4,ridge_panel,0.1549112116950424,matured_paired_errors
2024-10-01,Транспорт,4,catboost,0.1826745578596582,matured_paired_errors
2024-10-01,Транспорт,4,lightgbm,0.1766420415239533,matured_paired_errors
2024-10-01,Транспорт,4,chronos_seasonal,0.132807387210741,matured_paired_errors
2024-10-01,Транспорт,5,seasonal_growth,0.1776717872805988,matured_paired_errors
2024-10-01,Транспорт,5,panel_shrink,0.2010026996696845,matured_paired_errors
2024-10-01,Транспорт,5,ridge_panel,0.1618330896462838,matured_paired_errors
2024-10-01,Транспорт,5,catboost,0.1610755428982266,matured_paired_errors
2024-10-01,Транспорт,5,lightgbm,0.1671716060720058,matured_paired_errors
2024-10-01,Транспорт,5,chronos_seasonal,0.1312452744332003,matured_paired_errors
2024-10-01,Транспорт,6,seasonal_growth,0.1859736154190382,matured_paired_errors
2024-10-01,Транспорт,6,panel_shrink,0.2054723423632116,matured_paired_errors
2024-10-01,Транспорт,6,ridge_panel,0.1618333600160787,matured_paired_errors
2024-10-01,Транспорт,6,catboost,0.1477357068944424,matured_paired_errors
2024-10-01,Транспорт,6,lightgbm,0.1668036091480344,matured_paired_errors
2024-10-01,Транспорт,6,chronos_seasonal,0.1321813661591944,matured_paired_errors
2024-10-01,Транспорт,7,seasonal_growth,0.1868861223372438,matured_paired_errors
2024-10-01,Транспорт,7,panel_shrink,0.206847997494621,matured_paired_errors
2024-10-01,Транспорт,7,ridge_panel,0.1637512358735092,matured_paired_errors
2024-10-01,Транспорт,7,catboost,0.1637390203794556,matured_paired_errors
2024-10-01,Транспорт,7,lightgbm,0.1556623109539575,matured_paired_errors
2024-10-01,Транспорт,7,chronos_seasonal,0.1231133129612126,matured_paired_errors
2024-10-01,Транспорт,8,seasonal_growth,0.1739811054067154,matured_paired_errors
2024-10-01,Транспорт,8,panel_shrink,0.2176921520961409,matured_paired_errors
2024-10-01,Транспорт,8,ridge_panel,0.1796420026940894,matured_paired_errors
2024-10-01,Транспорт,8,catboost,0.1605207728282691,matured_paired_errors
2024-10-01,Транспорт,8,lightgbm,0.1496999644409709,matured_paired_errors
2024-10-01,Транспорт,8,chronos_seasonal,0.1184640025338141,matured_paired_errors
2024-10-01,Транспорт,9,seasonal_growth,0.1666666666666666,equal_prior
2024-10-01,Транспорт,9,panel_shrink,0.1666666666666666,equal_prior
2024-10-01,Транспорт,9,ridge_panel,0.1666666666666666,equal_prior
2024-10-01,Транспорт,9,catboost,0.1666666666666666,equal_prior
2024-10-01,Транспорт,9,lightgbm,0.1666666666666666,equal_prior
2024-10-01,Транспорт,9,chronos_seasonal,0.1666666666666666,equal_prior
2024-10-01,Транспорт,10,seasonal_growth,0.1666666666666666,equal_prior
2024-10-01,Транспорт,10,panel_shrink,0.1666666666666666,equal_prior
2024-10-01,Транспорт,10,ridge_panel,0.1666666666666666,equal_prior
2024-10-01,Транспорт,10,catboost,0.1666666666666666,equal_prior
2024-10-01,Транспорт,10,lightgbm,0.1666666666666666,equal_prior
2024-10-01,Транспорт,10,chronos_seasonal,0.1666666666666666,equal_prior
2024-10-01,Транспорт,11,seasonal_growth,0.1666666666666666,equal_prior
2024-10-01,Транспорт,11,panel_shrink,0.1666666666666666,equal_prior
2024-10-01,Транспорт,11,ridge_panel,0.1666666666666666,equal_prior
2024-10-01,Транспорт,11,catboost,0.1666666666666666,equal_prior
2024-10-01,Транспорт,11,lightgbm,0.1666666666666666,equal_prior
2024-10-01,Транспорт,11,chronos_seasonal,0.1666666666666666,equal_prior
2024-10-01,Транспорт,12,seasonal_growth,0.1666666666666666,equal_prior
2024-10-01,Транспорт,12,panel_shrink,0.1666666666666666,equal_prior
2024-10-01,Транспорт,12,ridge_panel,0.1666666666666666,equal_prior
2024-10-01,Транспорт,12,catboost,0.1666666666666666,equal_prior
2024-10-01,Транспорт,12,lightgbm,0.1666666666666666,equal_prior
2024-10-01,Транспорт,12,chronos_seasonal,0.1666666666666666,equal_prior
2024-11-01,Все категории,1,seasonal_growth,0.1877697158301484,matured_paired_errors
2024-11-01,Все категории,1,panel_shrink,0.2000288974598271,matured_paired_errors
2024-11-01,Все категории,1,ridge_panel,0.1776752132972743,matured_paired_errors
2024-11-01,Все категории,1,catboost,0.1203277750530746,matured_paired_errors
2024-11-01,Все категории,1,lightgbm,0.1262703807681706,matured_paired_errors
2024-11-01,Все категории,1,chronos_seasonal,0.1879280175915049,matured_paired_errors
2024-11-01,Все категории,2,seasonal_growth,0.1946457146713221,matured_paired_errors
2024-11-01,Все категории,2,panel_shrink,0.2174445787910173,matured_paired_errors
2024-11-01,Все категории,2,ridge_panel,0.1882172450165651,matured_paired_errors
2024-11-01,Все категории,2,catboost,0.1099308410297807,matured_paired_errors
2024-11-01,Все категории,2,lightgbm,0.1251507635648528,matured_paired_errors
2024-11-01,Все категории,2,chronos_seasonal,0.1646108569264618,matured_paired_errors
2024-11-01,Все категории,3,seasonal_growth,0.1912256767410917,matured_paired_errors
2024-11-01,Все категории,3,panel_shrink,0.2124638970314264,matured_paired_errors
2024-11-01,Все категории,3,ridge_panel,0.1844810451733819,matured_paired_errors
2024-11-01,Все категории,3,catboost,0.1250729326678601,matured_paired_errors
2024-11-01,Все категории,3,lightgbm,0.1519022359269776,matured_paired_errors
2024-11-01,Все категории,3,chronos_seasonal,0.1348542124592621,matured_paired_errors
2024-11-01,Все категории,4,seasonal_growth,0.1910669288744382,matured_paired_errors
2024-11-01,Все категории,4,panel_shrink,0.217309169819178,matured_paired_errors
2024-11-01,Все категории,4,ridge_panel,0.1922248233817569,matured_paired_errors
2024-11-01,Все категории,4,catboost,0.1324289199694628,matured_paired_errors
2024-11-01,Все категории,4,lightgbm,0.1530933025779451,matured_paired_errors
2024-11-01,Все категории,4,chronos_seasonal,0.1138768553772189,matured_paired_errors
2024-11-01,Все категории,5,seasonal_growth,0.1982958001886382,matured_paired_errors
2024-11-01,Все категории,5,panel_shrink,0.2303459599550877,matured_paired_errors
2024-11-01,Все категории,5,ridge_panel,0.2059977128140839,matured_paired_errors
2024-11-01,Все категории,5,catboost,0.1181338554046122,matured_paired_errors
2024-11-01,Все категории,5,lightgbm,0.1454199208156079,matured_paired_errors
2024-11-01,Все категории,5,chronos_seasonal,0.1018067508219697,matured_paired_errors
2024-11-01,Все категории,6,seasonal_growth,0.1988505330833169,matured_paired_errors
2024-11-01,Все категории,6,panel_shrink,0.2358509269957552,matured_paired_errors
2024-11-01,Все категории,6,ridge_panel,0.2173509957465925,matured_paired_errors
2024-11-01,Все категории,6,catboost,0.117463530927304,matured_paired_errors
2024-11-01,Все категории,6,lightgbm,0.1379128017431873,matured_paired_errors
2024-11-01,Все категории,6,chronos_seasonal,0.0925712115038439,matured_paired_errors
2024-11-01,Все категории,7,seasonal_growth,0.1964050119783406,matured_paired_errors
2024-11-01,Все категории,7,panel_shrink,0.2390367398525446,matured_paired_errors
2024-11-01,Все категории,7,ridge_panel,0.2175021300524514,matured_paired_errors
2024-11-01,Все категории,7,catboost,0.1146665009012323,matured_paired_errors
2024-11-01,Все категории,7,lightgbm,0.1510396854696241,matured_paired_errors
2024-11-01,Все категории,7,chronos_seasonal,0.0813499317458069,matured_paired_errors
2024-11-01,Все категории,8,seasonal_growth,0.2025423079561845,matured_paired_errors
2024-11-01,Все категории,8,panel_shrink,0.2441371239861947,matured_paired_errors
2024-11-01,Все категории,8,ridge_panel,0.2341147526000317,matured_paired_errors
2024-11-01,Все категории,8,catboost,0.1080805995458639,matured_paired_errors
2024-11-01,Все категории,8,lightgbm,0.1359055144918566,matured_paired_errors
2024-11-01,Все категории,8,chronos_seasonal,0.0752197014198684,matured_paired_errors
2024-11-01,Все категории,9,seasonal_growth,0.2121883860770414,matured_paired_errors
2024-11-01,Все категории,9,panel_shrink,0.2500247178055272,matured_paired_errors
2024-11-01,Все категории,9,ridge_panel,0.2605378166801513,matured_paired_errors
2024-11-01,Все категории,9,catboost,0.0899874766538688,matured_paired_errors
2024-11-01,Все категории,9,lightgbm,0.1102878306820499,matured_paired_errors
2024-11-01,Все категории,9,chronos_seasonal,0.0769737721013613,matured_paired_errors
2024-11-01,Все категории,10,seasonal_growth,0.1666666666666666,equal_prior
2024-11-01,Все категории,10,panel_shrink,0.1666666666666666,equal_prior
2024-11-01,Все категории,10,ridge_panel,0.1666666666666666,equal_prior
2024-11-01,Все категории,10,catboost,0.1666666666666666,equal_prior
2024-11-01,Все категории,10,lightgbm,0.1666666666666666,equal_prior
2024-11-01,Все категории,10,chronos_seasonal,0.1666666666666666,equal_prior
2024-11-01,Все категории,11,seasonal_growth,0.1666666666666666,equal_prior
2024-11-01,Все категории,11,panel_shrink,0.1666666666666666,equal_prior
2024-11-01,Все категории,11,ridge_panel,0.1666666666666666,equal_prior
2024-11-01,Все категории,11,catboost,0.1666666666666666,equal_prior
2024-11-01,Все категории,11,lightgbm,0.1666666666666666,equal_prior
2024-11-01,Все категории,11,chronos_seasonal,0.1666666666666666,equal_prior
2024-11-01,Все категории,12,seasonal_growth,0.1666666666666666,equal_prior
2024-11-01,Все категории,12,panel_shrink,0.1666666666666666,equal_prior
2024-11-01,Все категории,12,ridge_panel,0.1666666666666666,equal_prior
2024-11-01,Все категории,12,catboost,0.1666666666666666,equal_prior
2024-11-01,Все категории,12,lightgbm,0.1666666666666666,equal_prior
2024-11-01,Все категории,12,chronos_seasonal,0.1666666666666666,equal_prior
2024-11-01,Здоровье,1,seasonal_growth,0.1609761067849912,matured_paired_errors
2024-11-01,Здоровье,1,panel_shrink,0.1847070218660133,matured_paired_errors
2024-11-01,Здоровье,1,ridge_panel,0.1745724899341889,matured_paired_errors
2024-11-01,Здоровье,1,catboost,0.1593721586860945,matured_paired_errors
2024-11-01,Здоровье,1,lightgbm,0.1501181021511734,matured_paired_errors
2024-11-01,Здоровье,1,chronos_seasonal,0.1702541205775384,matured_paired_errors
2024-11-01,Здоровье,2,seasonal_growth,0.1693772407321395,matured_paired_errors
2024-11-01,Здоровье,2,panel_shrink,0.1948136092947435,matured_paired_errors
2024-11-01,Здоровье,2,ridge_panel,0.173946549603691,matured_paired_errors
2024-11-01,Здоровье,2,catboost,0.1488405844686233,matured_paired_errors
2024-11-01,Здоровье,2,lightgbm,0.1435305456154894,matured_paired_errors
2024-11-01,Здоровье,2,chronos_seasonal,0.1694914702853132,matured_paired_errors
2024-11-01,Здоровье,3,seasonal_growth,0.1744944069746257,matured_paired_errors
2024-11-01,Здоровье,3,panel_shrink,0.2016498294291756,matured_paired_errors
2024-11-01,Здоровье,3,ridge_panel,0.1682277371551905,matured_paired_errors
2024-11-01,Здоровье,3,catboost,0.1499937456468589,matured_paired_errors
2024-11-01,Здоровье,3,lightgbm,0.1484287732999133,matured_paired_errors
2024-11-01,Здоровье,3,chronos_seasonal,0.1572055074942357,matured_paired_errors
2024-11-01,Здоровье,4,seasonal_growth,0.1658842104402659,matured_paired_errors
2024-11-01,Здоровье,4,panel_shrink,0.1915300846075104,matured_paired_errors
2024-11-01,Здоровье,4,ridge_panel,0.1778937785367752,matured_paired_errors
2024-11-01,Здоровье,4,catboost,0.1706113225375572,matured_paired_errors
2024-11-01,Здоровье,4,lightgbm,0.1556154927394859,matured_paired_errors
2024-11-01,Здоровье,4,chronos_seasonal,0.1384651111384052,matured_paired_errors
2024-11-01,Здоровье,5,seasonal_growth,0.1579931882271339,matured_paired_errors
2024-11-01,Здоровье,5,panel_shrink,0.1869796508750138,matured_paired_errors
2024-11-01,Здоровье,5,ridge_panel,0.1821666816700704,matured_paired_errors
2024-11-01,Здоровье,5,catboost,0.183509756206002,matured_paired_errors
2024-11-01,Здоровье,5,lightgbm,0.1627164305500585,matured_paired_errors
2024-11-01,Здоровье,5,chronos_seasonal,0.126634292471721,matured_paired_errors
2024-11-01,Здоровье,6,seasonal_growth,0.1546869951507718,matured_paired_errors
2024-11-01,Здоровье,6,panel_shrink,0.1839606904457058,matured_paired_errors
2024-11-01,Здоровье,6,ridge_panel,0.1762105453558521,matured_paired_errors
2024-11-01,Здоровье,6,catboost,0.1809363098973114,matured_paired_errors
2024-11-01,Здоровье,6,lightgbm,0.1811795749751282,matured_paired_errors
2024-11-01,Здоровье,6,chronos_seasonal,0.1230258841752304,matured_paired_errors
2024-11-01,Здоровье,7,seasonal_growth,0.1446472849577618,matured_paired_errors
2024-11-01,Здоровье,7,panel_shrink,0.1669613325052654,matured_paired_errors
2024-11-01,Здоровье,7,ridge_panel,0.1636705831679765,matured_paired_errors
2024-11-01,Здоровье,7,catboost,0.2164770857936149,matured_paired_errors
2024-11-01,Здоровье,7,lightgbm,0.1937254303223916,matured_paired_errors
2024-11-01,Здоровье,7,chronos_seasonal,0.1145182832529896,matured_paired_errors
2024-11-01,Здоровье,8,seasonal_growth,0.1492008106759163,matured_paired_errors
2024-11-01,Здоровье,8,panel_shrink,0.1723708964631685,matured_paired_errors
2024-11-01,Здоровье,8,ridge_panel,0.1539044937761479,matured_paired_errors
2024-11-01,Здоровье,8,catboost,0.2420602494090014,matured_paired_errors
2024-11-01,Здоровье,8,lightgbm,0.1765379039625843,matured_paired_errors
2024-11-01,Здоровье,8,chronos_seasonal,0.1059256457131814,matured_paired_errors
2024-11-01,Здоровье,9,seasonal_growth,0.1579008072021401,matured_paired_errors
2024-11-01,Здоровье,9,panel_shrink,0.1730273952430451,matured_paired_errors
2024-11-01,Здоровье,9,ridge_panel,0.1696397920075986,matured_paired_errors
2024-11-01,Здоровье,9,catboost,0.2117090682923973,matured_paired_errors
2024-11-01,Здоровье,9,lightgbm,0.1788091536018046,matured_paired_errors
2024-11-01,Здоровье,9,chronos_seasonal,0.1089137836530141,matured_paired_errors
2024-11-01,Здоровье,10,seasonal_growth,0.1666666666666666,equal_prior
2024-11-01,Здоровье,10,panel_shrink,0.1666666666666666,equal_prior
2024-11-01,Здоровье,10,ridge_panel,0.1666666666666666,equal_prior
2024-11-01,Здоровье,10,catboost,0.1666666666666666,equal_prior
2024-11-01,Здоровье,10,lightgbm,0.1666666666666666,equal_prior
2024-11-01,Здоровье,10,chronos_seasonal,0.1666666666666666,equal_prior
2024-11-01,Здоровье,11,seasonal_growth,0.1666666666666666,equal_prior
2024-11-01,Здоровье,11,panel_shrink,0.1666666666666666,equal_prior
2024-11-01,Здоровье,11,ridge_panel,0.1666666666666666,equal_prior
2024-11-01,Здоровье,11,catboost,0.1666666666666666,equal_prior
2024-11-01,Здоровье,11,lightgbm,0.1666666666666666,equal_prior
2024-11-01,Здоровье,11,chronos_seasonal,0.1666666666666666,equal_prior
2024-11-01,Здоровье,12,seasonal_growth,0.1666666666666666,equal_prior
2024-11-01,Здоровье,12,panel_shrink,0.1666666666666666,equal_prior
2024-11-01,Здоровье,12,ridge_panel,0.1666666666666666,equal_prior
2024-11-01,Здоровье,12,catboost,0.1666666666666666,equal_prior
2024-11-01,Здоровье,12,lightgbm,0.1666666666666666,equal_prior
2024-11-01,Здоровье,12,chronos_seasonal,0.1666666666666666,equal_prior
2024-11-01,Маркетплейсы,1,seasonal_growth,0.1406146863368135,matured_paired_errors
2024-11-01,Маркетплейсы,1,panel_shrink,0.1449304568788435,matured_paired_errors
2024-11-01,Маркетплейсы,1,ridge_panel,0.2143505682862808,matured_paired_errors
2024-11-01,Маркетплейсы,1,catboost,0.1704098689540016,matured_paired_errors
2024-11-01,Маркетплейсы,1,lightgbm,0.1455805492963683,matured_paired_errors
2024-11-01,Маркетплейсы,1,chronos_seasonal,0.1841138702476921,matured_paired_errors
2024-11-01,Маркетплейсы,2,seasonal_growth,0.1422489029165658,matured_paired_errors
2024-11-01,Маркетплейсы,2,panel_shrink,0.1451323067614866,matured_paired_errors
2024-11-01,Маркетплейсы,2,ridge_panel,0.2235313760598703,matured_paired_errors
2024-11-01,Маркетплейсы,2,catboost,0.1702149614761024,matured_paired_errors
2024-11-01,Маркетплейсы,2,lightgbm,0.1532189127159593,matured_paired_errors
2024-11-01,Маркетплейсы,2,chronos_seasonal,0.1656535400700154,matured_paired_errors
2024-11-01,Маркетплейсы,3,seasonal_growth,0.1486847446719691,matured_paired_errors
2024-11-01,Маркетплейсы,3,panel_shrink,0.1503478250471809,matured_paired_errors
2024-11-01,Маркетплейсы,3,ridge_panel,0.2333694562667665,matured_paired_errors
2024-11-01,Маркетплейсы,3,catboost,0.1696742506485463,matured_paired_errors
2024-11-01,Маркетплейсы,3,lightgbm,0.1570855471998173,matured_paired_errors
2024-11-01,Маркетплейсы,3,chronos_seasonal,0.1408381761657196,matured_paired_errors
2024-11-01,Маркетплейсы,4,seasonal_growth,0.1552909399775066,matured_paired_errors
2024-11-01,Маркетплейсы,4,panel_shrink,0.1568351683784501,matured_paired_errors
2024-11-01,Маркетплейсы,4,ridge_panel,0.2478755314801256,matured_paired_errors
2024-11-01,Маркетплейсы,4,catboost,0.1588861066732291,matured_paired_errors
2024-11-01,Маркетплейсы,4,lightgbm,0.1536618567055516,matured_paired_errors
2024-11-01,Маркетплейсы,4,chronos_seasonal,0.1274503967851368,matured_paired_errors
2024-11-01,Маркетплейсы,5,seasonal_growth,0.1608776818303948,matured_paired_errors
2024-11-01,Маркетплейсы,5,panel_shrink,0.1615325309698839,matured_paired_errors
2024-11-01,Маркетплейсы,5,ridge_panel,0.2514502890313218,matured_paired_errors
2024-11-01,Маркетплейсы,5,catboost,0.1574847326785956,matured_paired_errors
2024-11-01,Маркетплейсы,5,lightgbm,0.1577650929993756,matured_paired_errors
2024-11-01,Маркетплейсы,5,chronos_seasonal,0.1108896724904282,matured_paired_errors
2024-11-01,Маркетплейсы,6,seasonal_growth,0.1641128029969298,matured_paired_errors
2024-11-01,Маркетплейсы,6,panel_shrink,0.1642840191642331,matured_paired_errors
2024-11-01,Маркетплейсы,6,ridge_panel,0.2605383256004051,matured_paired_errors
2024-11-01,Маркетплейсы,6,catboost,0.1616472763579552,matured_paired_errors
2024-11-01,Маркетплейсы,6,lightgbm,0.1513287520344962,matured_paired_errors
2024-11-01,Маркетплейсы,6,chronos_seasonal,0.0980888238459804,matured_paired_errors
2024-11-01,Маркетплейсы,7,seasonal_growth,0.1696502389626664,matured_paired_errors
2024-11-01,Маркетплейсы,7,panel_shrink,0.1685566139022363,matured_paired_errors
2024-11-01,Маркетплейсы,7,ridge_panel,0.2684012750661322,matured_paired_errors
2024-11-01,Маркетплейсы,7,catboost,0.1566787904990843,matured_paired_errors
2024-11-01,Маркетплейсы,7,lightgbm,0.1488428100899084,matured_paired_errors
2024-11-01,Маркетплейсы,7,chronos_seasonal,0.087870271479972,matured_paired_errors
2024-11-01,Маркетплейсы,8,seasonal_growth,0.1850425927940912,matured_paired_errors
2024-11-01,Маркетплейсы,8,panel_shrink,0.1825354330609802,matured_paired_errors
2024-11-01,Маркетплейсы,8,ridge_panel,0.2892727591706907,matured_paired_errors
2024-11-01,Маркетплейсы,8,catboost,0.1230457299345468,matured_paired_errors
2024-11-01,Маркетплейсы,8,lightgbm,0.1330755028089325,matured_paired_errors
2024-11-01,Маркетплейсы,8,chronos_seasonal,0.0870279822307585,matured_paired_errors
2024-11-01,Маркетплейсы,9,seasonal_growth,0.1880665122671805,matured_paired_errors
2024-11-01,Маркетплейсы,9,panel_shrink,0.1911900553219624,matured_paired_errors
2024-11-01,Маркетплейсы,9,ridge_panel,0.2839122260842628,matured_paired_errors
2024-11-01,Маркетплейсы,9,catboost,0.1275123069257979,matured_paired_errors
2024-11-01,Маркетплейсы,9,lightgbm,0.1274266184086079,matured_paired_errors
2024-11-01,Маркетплейсы,9,chronos_seasonal,0.0818922809921884,matured_paired_errors
2024-11-01,Маркетплейсы,10,seasonal_growth,0.1666666666666666,equal_prior
2024-11-01,Маркетплейсы,10,panel_shrink,0.1666666666666666,equal_prior
2024-11-01,Маркетплейсы,10,ridge_panel,0.1666666666666666,equal_prior
2024-11-01,Маркетплейсы,10,catboost,0.1666666666666666,equal_prior
2024-11-01,Маркетплейсы,10,lightgbm,0.1666666666666666,equal_prior
2024-11-01,Маркетплейсы,10,chronos_seasonal,0.1666666666666666,equal_prior
2024-11-01,Маркетплейсы,11,seasonal_growth,0.1666666666666666,equal_prior
2024-11-01,Маркетплейсы,11,panel_shrink,0.1666666666666666,equal_prior
2024-11-01,Маркетплейсы,11,ridge_panel,0.1666666666666666,equal_prior
2024-11-01,Маркетплейсы,11,catboost,0.1666666666666666,equal_prior
2024-11-01,Маркетплейсы,11,lightgbm,0.1666666666666666,equal_prior
2024-11-01,Маркетплейсы,11,chronos_seasonal,0.1666666666666666,equal_prior
2024-11-01,Маркетплейсы,12,seasonal_growth,0.1666666666666666,equal_prior
2024-11-01,Маркетплейсы,12,panel_shrink,0.1666666666666666,equal_prior
2024-11-01,Маркетплейсы,12,ridge_panel,0.1666666666666666,equal_prior
2024-11-01,Маркетплейсы,12,catboost,0.1666666666666666,equal_prior
2024-11-01,Маркетплейсы,12,lightgbm,0.1666666666666666,equal_prior
2024-11-01,Маркетплейсы,12,chronos_seasonal,0.1666666666666666,equal_prior
2024-11-01,Общественное питание,1,seasonal_growth,0.1629140542154739,matured_paired_errors
2024-11-01,Общественное питание,1,panel_shrink,0.1612490966960594,matured_paired_errors
2024-11-01,Общественное питание,1,ridge_panel,0.1394225241393971,matured_paired_errors
2024-11-01,Общественное питание,1,catboost,0.1860127217384576,matured_paired_errors
2024-11-01,Общественное питание,1,lightgbm,0.1896335485410187,matured_paired_errors
2024-11-01,Общественное питание,1,chronos_seasonal,0.1607680546695931,matured_paired_errors
2024-11-01,Общественное питание,2,seasonal_growth,0.1804386401865638,matured_paired_errors
2024-11-01,Общественное питание,2,panel_shrink,0.1759112758600097,matured_paired_errors
2024-11-01,Общественное питание,2,ridge_panel,0.136830407174167,matured_paired_errors
2024-11-01,Общественное питание,2,catboost,0.1784232939196729,matured_paired_errors
2024-11-01,Общественное питание,2,lightgbm,0.1776805881186373,matured_paired_errors
2024-11-01,Общественное питание,2,chronos_seasonal,0.1507157947409492,matured_paired_errors
2024-11-01,Общественное питание,3,seasonal_growth,0.1895306204918534,matured_paired_errors
2024-11-01,Общественное питание,3,panel_shrink,0.1836932551195801,matured_paired_errors
2024-11-01,Общественное питание,3,ridge_panel,0.1461603378290956,matured_paired_errors
2024-11-01,Общественное питание,3,catboost,0.167679247343695,matured_paired_errors
2024-11-01,Общественное питание,3,lightgbm,0.1680811032459037,matured_paired_errors
2024-11-01,Общественное питание,3,chronos_seasonal,0.1448554359698718,matured_paired_errors
2024-11-01,Общественное питание,4,seasonal_growth,0.1958873693499423,matured_paired_errors
2024-11-01,Общественное питание,4,panel_shrink,0.1939678274985121,matured_paired_errors
2024-11-01,Общественное питание,4,ridge_panel,0.158188527431904,matured_paired_errors
2024-11-01,Общественное питание,4,catboost,0.1588152968847625,matured_paired_errors
2024-11-01,Общественное питание,4,lightgbm,0.154238517210582,matured_paired_errors
2024-11-01,Общественное питание,4,chronos_seasonal,0.1389024616242969,matured_paired_errors
2024-11-01,Общественное питание,5,seasonal_growth,0.2000637896819281,matured_paired_errors
2024-11-01,Общественное питание,5,panel_shrink,0.2042914320851444,matured_paired_errors
2024-11-01,Общественное питание,5,ridge_panel,0.1676992595620227,matured_paired_errors
2024-11-01,Общественное питание,5,catboost,0.1432502256001759,matured_paired_errors
2024-11-01,Общественное питание,5,lightgbm,0.1512260582688545,matured_paired_errors
2024-11-01,Общественное питание,5,chronos_seasonal,0.1334692348018741,matured_paired_errors
2024-11-01,Общественное питание,6,seasonal_growth,0.2024583425827955,matured_paired_errors
2024-11-01,Общественное питание,6,panel_shrink,0.2095665080732045,matured_paired_errors
2024-11-01,Общественное питание,6,ridge_panel,0.1697119439976838,matured_paired_errors
2024-11-01,Общественное питание,6,catboost,0.1419228554028511,matured_paired_errors
2024-11-01,Общественное питание,6,lightgbm,0.1520449528603447,matured_paired_errors
2024-11-01,Общественное питание,6,chronos_seasonal,0.1242953970831202,matured_paired_errors
2024-11-01,Общественное питание,7,seasonal_growth,0.2064188995341759,matured_paired_errors
2024-11-01,Общественное питание,7,panel_shrink,0.2131922479562964,matured_paired_errors
2024-11-01,Общественное питание,7,ridge_panel,0.1714863920303653,matured_paired_errors
2024-11-01,Общественное питание,7,catboost,0.1395547211338905,matured_paired_errors
2024-11-01,Общественное питание,7,lightgbm,0.1554820892860559,matured_paired_errors
2024-11-01,Общественное питание,7,chronos_seasonal,0.1138656500592157,matured_paired_errors
2024-11-01,Общественное питание,8,seasonal_growth,0.209881866456026,matured_paired_errors
2024-11-01,Общественное питание,8,panel_shrink,0.210342518432849,matured_paired_errors
2024-11-01,Общественное питание,8,ridge_panel,0.1715209850824683,matured_paired_errors
2024-11-01,Общественное питание,8,catboost,0.1456564579725404,matured_paired_errors
2024-11-01,Общественное питание,8,lightgbm,0.1594846520418263,matured_paired_errors
2024-11-01,Общественное питание,8,chronos_seasonal,0.1031135200142896,matured_paired_errors
2024-11-01,Общественное питание,9,seasonal_growth,0.2019876496396335,matured_paired_errors
2024-11-01,Общественное питание,9,panel_shrink,0.2019169256921495,matured_paired_errors
2024-11-01,Общественное питание,9,ridge_panel,0.1702630487421287,matured_paired_errors
2024-11-01,Общественное питание,9,catboost,0.1559631299966434,matured_paired_errors
2024-11-01,Общественное питание,9,lightgbm,0.1809989569781571,matured_paired_errors
2024-11-01,Общественное питание,9,chronos_seasonal,0.0888702889512876,matured_paired_errors
2024-11-01,Общественное питание,10,seasonal_growth,0.1666666666666666,equal_prior
2024-11-01,Общественное питание,10,panel_shrink,0.1666666666666666,equal_prior
2024-11-01,Общественное питание,10,ridge_panel,0.1666666666666666,equal_prior
2024-11-01,Общественное питание,10,catboost,0.1666666666666666,equal_prior
2024-11-01,Общественное питание,10,lightgbm,0.1666666666666666,equal_prior
2024-11-01,Общественное питание,10,chronos_seasonal,0.1666666666666666,equal_prior
2024-11-01,Общественное питание,11,seasonal_growth,0.1666666666666666,equal_prior
2024-11-01,Общественное питание,11,panel_shrink,0.1666666666666666,equal_prior
2024-11-01,Общественное питание,11,ridge_panel,0.1666666666666666,equal_prior
2024-11-01,Общественное питание,11,catboost,0.1666666666666666,equal_prior
2024-11-01,Общественное питание,11,lightgbm,0.1666666666666666,equal_prior
2024-11-01,Общественное питание,11,chronos_seasonal,0.1666666666666666,equal_prior
2024-11-01,Общественное питание,12,seasonal_growth,0.1666666666666666,equal_prior
2024-11-01,Общественное питание,12,panel_shrink,0.1666666666666666,equal_prior
2024-11-01,Общественное питание,12,ridge_panel,0.1666666666666666,equal_prior
2024-11-01,Общественное питание,12,catboost,0.1666666666666666,equal_prior
2024-11-01,Общественное питание,12,lightgbm,0.1666666666666666,equal_prior
2024-11-01,Общественное питание,12,chronos_seasonal,0.1666666666666666,equal_prior
2024-11-01,Продовольствие,1,seasonal_growth,0.1868758028079747,matured_paired_errors
2024-11-01,Продовольствие,1,panel_shrink,0.1942024231075781,matured_paired_errors
2024-11-01,Продовольствие,1,ridge_panel,0.188092054613546,matured_paired_errors
2024-11-01,Продовольствие,1,catboost,0.099879310784917,matured_paired_errors
2024-11-01,Продовольствие,1,lightgbm,0.1079706213578676,matured_paired_errors
2024-11-01,Продовольствие,1,chronos_seasonal,0.2229797873281162,matured_paired_errors
2024-11-01,Продовольствие,2,seasonal_growth,0.2003749400348317,matured_paired_errors
2024-11-01,Продовольствие,2,panel_shrink,0.2174943271728585,matured_paired_errors
2024-11-01,Продовольствие,2,ridge_panel,0.1892468072009475,matured_paired_errors
2024-11-01,Продовольствие,2,catboost,0.0969061867107758,matured_paired_errors
2024-11-01,Продовольствие,2,lightgbm,0.1031003062363051,matured_paired_errors
2024-11-01,Продовольствие,2,chronos_seasonal,0.1928774326442812,matured_paired_errors
2024-11-01,Продовольствие,3,seasonal_growth,0.2055478032761662,matured_paired_errors
2024-11-01,Продовольствие,3,panel_shrink,0.2248917236261315,matured_paired_errors
2024-11-01,Продовольствие,3,ridge_panel,0.1821199322947984,matured_paired_errors
2024-11-01,Продовольствие,3,catboost,0.0933249828642312,matured_paired_errors
2024-11-01,Продовольствие,3,lightgbm,0.105300188434132,matured_paired_errors
2024-11-01,Продовольствие,3,chronos_seasonal,0.1888153695045403,matured_paired_errors
2024-11-01,Продовольствие,4,seasonal_growth,0.2099034009123909,matured_paired_errors
2024-11-01,Продовольствие,4,panel_shrink,0.2305511295006541,matured_paired_errors
2024-11-01,Продовольствие,4,ridge_panel,0.188018002130428,matured_paired_errors
2024-11-01,Продовольствие,4,catboost,0.0984074838991741,matured_paired_errors
2024-11-01,Продовольствие,4,lightgbm,0.0917127625417108,matured_paired_errors
2024-11-01,Продовольствие,4,chronos_seasonal,0.1814072210156417,matured_paired_errors
2024-11-01,Продовольствие,5,seasonal_growth,0.2180705691320478,matured_paired_errors
2024-11-01,Продовольствие,5,panel_shrink,0.2485480479436623,matured_paired_errors
2024-11-01,Продовольствие,5,ridge_panel,0.1995187131253808,matured_paired_errors
2024-11-01,Продовольствие,5,catboost,0.0852434924218037,matured_paired_errors
2024-11-01,Продовольствие,5,lightgbm,0.0796572673599181,matured_paired_errors
2024-11-01,Продовольствие,5,chronos_seasonal,0.168961910017187,matured_paired_errors
2024-11-01,Продовольствие,6,seasonal_growth,0.211224790643906,matured_paired_errors
2024-11-01,Продовольствие,6,panel_shrink,0.2569632289398519,matured_paired_errors
2024-11-01,Продовольствие,6,ridge_panel,0.2090396130225465,matured_paired_errors
2024-11-01,Продовольствие,6,catboost,0.093831991231521,matured_paired_errors
2024-11-01,Продовольствие,6,lightgbm,0.0840659103297075,matured_paired_errors
2024-11-01,Продовольствие,6,chronos_seasonal,0.1448744658324669,matured_paired_errors
2024-11-01,Продовольствие,7,seasonal_growth,0.2044495893028801,matured_paired_errors
2024-11-01,Продовольствие,7,panel_shrink,0.2620603763535027,matured_paired_errors
2024-11-01,Продовольствие,7,ridge_panel,0.2125099688812758,matured_paired_errors
2024-11-01,Продовольствие,7,catboost,0.1033925473085241,matured_paired_errors
2024-11-01,Продовольствие,7,lightgbm,0.0984438560521868,matured_paired_errors
2024-11-01,Продовольствие,7,chronos_seasonal,0.1191436621016303,matured_paired_errors
2024-11-01,Продовольствие,8,seasonal_growth,0.1986501618127542,matured_paired_errors
2024-11-01,Продовольствие,8,panel_shrink,0.2694356804205969,matured_paired_errors
2024-11-01,Продовольствие,8,ridge_panel,0.2409735601288228,matured_paired_errors
2024-11-01,Продовольствие,8,catboost,0.0940947851371381,matured_paired_errors
2024-11-01,Продовольствие,8,lightgbm,0.0957544791752572,matured_paired_errors
2024-11-01,Продовольствие,8,chronos_seasonal,0.1010913333254306,matured_paired_errors
2024-11-01,Продовольствие,9,seasonal_growth,0.2105758503918222,matured_paired_errors
2024-11-01,Продовольствие,9,panel_shrink,0.280867412880697,matured_paired_errors
2024-11-01,Продовольствие,9,ridge_panel,0.2537812366902548,matured_paired_errors
2024-11-01,Продовольствие,9,catboost,0.0712113722584919,matured_paired_errors
2024-11-01,Продовольствие,9,lightgbm,0.0893342717278184,matured_paired_errors
2024-11-01,Продовольствие,9,chronos_seasonal,0.0942298560509157,matured_paired_errors
2024-11-01,Продовольствие,10,seasonal_growth,0.1666666666666666,equal_prior
2024-11-01,Продовольствие,10,panel_shrink,0.1666666666666666,equal_prior
2024-11-01,Продовольствие,10,ridge_panel,0.1666666666666666,equal_prior
2024-11-01,Продовольствие,10,catboost,0.1666666666666666,equal_prior
2024-11-01,Продовольствие,10,lightgbm,0.1666666666666666,equal_prior
2024-11-01,Продовольствие,10,chronos_seasonal,0.1666666666666666,equal_prior
2024-11-01,Продовольствие,11,seasonal_growth,0.1666666666666666,equal_prior
2024-11-01,Продовольствие,11,panel_shrink,0.1666666666666666,equal_prior
2024-11-01,Продовольствие,11,ridge_panel,0.1666666666666666,equal_prior
2024-11-01,Продовольствие,11,catboost,0.1666666666666666,equal_prior
2024-11-01,Продовольствие,11,lightgbm,0.1666666666666666,equal_prior
2024-11-01,Продовольствие,11,chronos_seasonal,0.1666666666666666,equal_prior
2024-11-01,Продовольствие,12,seasonal_growth,0.1666666666666666,equal_prior
2024-11-01,Продовольствие,12,panel_shrink,0.1666666666666666,equal_prior
2024-11-01,Продовольствие,12,ridge_panel,0.1666666666666666,equal_prior
2024-11-01,Продовольствие,12,catboost,0.1666666666666666,equal_prior
2024-11-01,Продовольствие,12,lightgbm,0.1666666666666666,equal_prior
2024-11-01,Продовольствие,12,chronos_seasonal,0.1666666666666666,equal_prior
2024-11-01,Транспорт,1,seasonal_growth,0.1428558787237223,matured_paired_errors
2024-11-01,Транспорт,1,panel_shrink,0.1606333534867584,matured_paired_errors
2024-11-01,Транспорт,1,ridge_panel,0.1466846842471376,matured_paired_errors
2024-11-01,Транспорт,1,catboost,0.1976947146399915,matured_paired_errors
2024-11-01,Транспорт,1,lightgbm,0.1967139620556721,matured_paired_errors
2024-11-01,Транспорт,1,chronos_seasonal,0.155417406846718,matured_paired_errors
2024-11-01,Транспорт,2,seasonal_growth,0.1530290737344831,matured_paired_errors
2024-11-01,Транспорт,2,panel_shrink,0.1730002502325878,matured_paired_errors
2024-11-01,Транспорт,2,ridge_panel,0.1505167771364786,matured_paired_errors
2024-11-01,Транспорт,2,catboost,0.1873131025935365,matured_paired_errors
2024-11-01,Транспорт,2,lightgbm,0.1911844993449455,matured_paired_errors
2024-11-01,Транспорт,2,chronos_seasonal,0.1449562969579682,matured_paired_errors
2024-11-01,Транспорт,3,seasonal_growth,0.1607775156023419,matured_paired_errors
2024-11-01,Транспорт,3,panel_shrink,0.1809407854067519,matured_paired_errors
2024-11-01,Транспорт,3,ridge_panel,0.1563683783840769,matured_paired_errors
2024-11-01,Транспорт,3,catboost,0.179931625878537,matured_paired_errors
2024-11-01,Транспорт,3,lightgbm,0.1862956558897256,matured_paired_errors
2024-11-01,Транспорт,3,chronos_seasonal,0.1356860388385665,matured_paired_errors
2024-11-01,Транспорт,4,seasonal_growth,0.1653418935424954,matured_paired_errors
2024-11-01,Транспорт,4,panel_shrink,0.1866149935507735,matured_paired_errors
2024-11-01,Транспорт,4,ridge_panel,0.1545963809129306,matured_paired_errors
2024-11-01,Транспорт,4,catboost,0.1853585823765237,matured_paired_errors
2024-11-01,Транспорт,4,lightgbm,0.17782769471921,matured_paired_errors
2024-11-01,Транспорт,4,chronos_seasonal,0.1302604548980664,matured_paired_errors
2024-11-01,Транспорт,5,seasonal_growth,0.1750077537589471,matured_paired_errors
2024-11-01,Транспорт,5,panel_shrink,0.2011617664182045,matured_paired_errors
2024-11-01,Транспорт,5,ridge_panel,0.1629734669665372,matured_paired_errors
2024-11-01,Транспорт,5,catboost,0.1655772925850396,matured_paired_errors
2024-11-01,Транспорт,5,lightgbm,0.1699722954604823,matured_paired_errors
2024-11-01,Транспорт,5,chronos_seasonal,0.125307424810789,matured_paired_errors
2024-11-01,Транспорт,6,seasonal_growth,0.1806659688907957,matured_paired_errors
2024-11-01,Транспорт,6,panel_shrink,0.205581772438232,matured_paired_errors
2024-11-01,Транспорт,6,ridge_panel,0.1647488650678563,matured_paired_errors
2024-11-01,Транспорт,6,catboost,0.153795736469426,matured_paired_errors
2024-11-01,Транспорт,6,lightgbm,0.1723669827257088,matured_paired_errors
2024-11-01,Транспорт,6,chronos_seasonal,0.122840674407981,matured_paired_errors
2024-11-01,Транспорт,7,seasonal_growth,0.1791773527503213,matured_paired_errors
2024-11-01,Транспорт,7,panel_shrink,0.2059161869695493,matured_paired_errors
2024-11-01,Транспорт,7,ridge_panel,0.1648201885694087,matured_paired_errors
2024-11-01,Транспорт,7,catboost,0.1625864849563205,matured_paired_errors
2024-11-01,Транспорт,7,lightgbm,0.1690592438592077,matured_paired_errors
2024-11-01,Транспорт,7,chronos_seasonal,0.1184405428951922,matured_paired_errors
2024-11-01,Транспорт,8,seasonal_growth,0.167186837363494,matured_paired_errors
2024-11-01,Транспорт,8,panel_shrink,0.2095650584572631,matured_paired_errors
2024-11-01,Транспорт,8,ridge_panel,0.1695242034635207,matured_paired_errors
2024-11-01,Транспорт,8,catboost,0.1773968549404278,matured_paired_errors
2024-11-01,Транспорт,8,lightgbm,0.1684376176779819,matured_paired_errors
2024-11-01,Транспорт,8,chronos_seasonal,0.1078894280973124,matured_paired_errors
2024-11-01,Транспорт,9,seasonal_growth,0.1685688273642693,matured_paired_errors
2024-11-01,Транспорт,9,panel_shrink,0.2175667481897079,matured_paired_errors
2024-11-01,Транспорт,9,ridge_panel,0.1937079882803283,matured_paired_errors
2024-11-01,Транспорт,9,catboost,0.153973715233847,matured_paired_errors
2024-11-01,Транспорт,9,lightgbm,0.1594472060529999,matured_paired_errors
2024-11-01,Транспорт,9,chronos_seasonal,0.1067355148788474,matured_paired_errors
2024-11-01,Транспорт,10,seasonal_growth,0.1666666666666666,equal_prior
2024-11-01,Транспорт,10,panel_shrink,0.1666666666666666,equal_prior
2024-11-01,Транспорт,10,ridge_panel,0.1666666666666666,equal_prior
2024-11-01,Транспорт,10,catboost,0.1666666666666666,equal_prior
2024-11-01,Транспорт,10,lightgbm,0.1666666666666666,equal_prior
2024-11-01,Транспорт,10,chronos_seasonal,0.1666666666666666,equal_prior
2024-11-01,Транспорт,11,seasonal_growth,0.1666666666666666,equal_prior
2024-11-01,Транспорт,11,panel_shrink,0.1666666666666666,equal_prior
2024-11-01,Транспорт,11,ridge_panel,0.1666666666666666,equal_prior
2024-11-01,Транспорт,11,catboost,0.1666666666666666,equal_prior
2024-11-01,Транспорт,11,lightgbm,0.1666666666666666,equal_prior
2024-11-01,Транспорт,11,chronos_seasonal,0.1666666666666666,equal_prior
2024-11-01,Транспорт,12,seasonal_growth,0.1666666666666666,equal_prior
2024-11-01,Транспорт,12,panel_shrink,0.1666666666666666,equal_prior
2024-11-01,Транспорт,12,ridge_panel,0.1666666666666666,equal_prior
2024-11-01,Транспорт,12,catboost,0.1666666666666666,equal_prior
2024-11-01,Транспорт,12,lightgbm,0.1666666666666666,equal_prior
2024-11-01,Транспорт,12,chronos_seasonal,0.1666666666666666,equal_prior
2024-12-01,Все категории,1,seasonal_growth,0.18904912041850613,matured_paired_errors
2024-12-01,Все категории,1,panel_shrink,0.20217613855412486,matured_paired_errors
2024-12-01,Все категории,1,ridge_panel,0.1695597551493393,matured_paired_errors
2024-12-01,Все категории,1,catboost,0.12305630595702599,matured_paired_errors
2024-12-01,Все категории,1,lightgbm,0.13101448909639943,matured_paired_errors
2024-12-01,Все категории,1,chronos_seasonal,0.18514419082460432,matured_paired_errors
2024-12-01,Все категории,2,seasonal_growth,0.19524103232580658,matured_paired_errors
2024-12-01,Все категории,2,panel_shrink,0.21891556969501996,matured_paired_errors
2024-12-01,Все категории,2,ridge_panel,0.1817578610929207,matured_paired_errors
2024-12-01,Все категории,2,catboost,0.11448571275033313,matured_paired_errors
2024-12-01,Все категории,2,lightgbm,0.12269602067684109,matured_paired_errors
2024-12-01,Все категории,2,chronos_seasonal,0.16690380345907868,matured_paired_errors
2024-12-01,Все категории,3,seasonal_growth,0.19158551811078856,matured_paired_errors
2024-12-01,Все категории,3,panel_shrink,0.21442324084685443,matured_paired_errors
2024-12-01,Все категории,3,ridge_panel,0.17723736498102144,matured_paired_errors
2024-12-01,Все категории,3,catboost,0.13138131128198194,matured_paired_errors
2024-12-01,Все категории,3,lightgbm,0.15682906428101434,matured_paired_errors
2024-12-01,Все категории,3,chronos_seasonal,0.1285435004983393,matured_paired_errors
2024-12-01,Все категории,4,seasonal_growth,0.19031342678595986,matured_paired_errors
2024-12-01,Все категории,4,panel_shrink,0.21853403216313405,matured_paired_errors
2024-12-01,Все категории,4,ridge_panel,0.1872197272502007,matured_paired_errors
2024-12-01,Все категории,4,catboost,0.1363293705782585,matured_paired_errors
2024-12-01,Все категории,4,lightgbm,0.1594505309273455,matured_paired_errors
2024-12-01,Все категории,4,chronos_seasonal,0.1081529122951013,matured_paired_errors
2024-12-01,Все категории,5,seasonal_growth,0.19608502820519724,matured_paired_errors
2024-12-01,Все категории,5,panel_shrink,0.23079371263192333,matured_paired_errors
2024-12-01,Все категории,5,ridge_panel,0.20146980477304505,matured_paired_errors
2024-12-01,Все категории,5,catboost,0.12393798114800356,matured_paired_errors
2024-12-01,Все категории,5,lightgbm,0.1533863811301268,matured_paired_errors
2024-12-01,Все категории,5,chronos_seasonal,0.09432709211170406,matured_paired_errors
2024-12-01,Все категории,6,seasonal_growth,0.19545931962738955,matured_paired_errors
2024-12-01,Все категории,6,panel_shrink,0.23378101562702625,matured_paired_errors
2024-12-01,Все категории,6,ridge_panel,0.2176358769823309,matured_paired_errors
2024-12-01,Все категории,6,catboost,0.12345158584480528,matured_paired_errors
2024-12-01,Все категории,6,lightgbm,0.14088734824883703,matured_paired_errors
2024-12-01,Все категории,6,chronos_seasonal,0.08878485366961097,matured_paired_errors
2024-12-01,Все категории,7,seasonal_growth,0.19413416737346773,matured_paired_errors
2024-12-01,Все категории,7,panel_shrink,0.24213066127091243,matured_paired_errors
2024-12-01,Все категории,7,ridge_panel,0.2150421644818663,matured_paired_errors
2024-12-01,Все категории,7,catboost,0.11434711136366336,matured_paired_errors
2024-12-01,Все категории,7,lightgbm,0.15859182968502328,matured_paired_errors
2024-12-01,Все категории,7,chronos_seasonal,0.07575406582506684,matured_paired_errors
2024-12-01,Все категории,8,seasonal_growth,0.20186231631763252,matured_paired_errors
2024-12-01,Все категории,8,panel_shrink,0.25533361566064683,matured_paired_errors
2024-12-01,Все категории,8,ridge_panel,0.22181939613607754,matured_paired_errors
2024-12-01,Все категории,8,catboost,0.1031187061597602,matured_paired_errors
2024-12-01,Все категории,8,lightgbm,0.14434776089271179,matured_paired_errors
2024-12-01,Все категории,8,chronos_seasonal,0.07351820483317113,matured_paired_errors
2024-12-01,Все категории,9,seasonal_growth,0.21347682156358538,matured_paired_errors
2024-12-01,Все категории,9,panel_shrink,0.2633641194204945,matured_paired_errors
2024-12-01,Все категории,9,ridge_panel,0.21622818005190814,matured_paired_errors
2024-12-01,Все категории,9,catboost,0.10937663187583874,matured_paired_errors
2024-12-01,Все категории,9,lightgbm,0.1265949328437237,matured_paired_errors
2024-12-01,Все категории,9,chronos_seasonal,0.07095931424444954,matured_paired_errors
2024-12-01,Все категории,10,seasonal_growth,0.22463826890525773,matured_paired_errors
2024-12-01,Все категории,10,panel_shrink,0.2612704289684491,matured_paired_errors
2024-12-01,Все категории,10,ridge_panel,0.22081681332030012,matured_paired_errors
2024-12-01,Все категории,10,catboost,0.09217959431945474,matured_paired_errors
2024-12-01,Все категории,10,lightgbm,0.13440473369433198,matured_paired_errors
2024-12-01,Все категории,10,chronos_seasonal,0.0666901607922063,matured_paired_errors
2024-12-01,Все категории,11,seasonal_growth,0.16666666666666666,equal_prior
2024-12-01,Все категории,11,panel_shrink,0.16666666666666666,equal_prior
2024-12-01,Все категории,11,ridge_panel,0.16666666666666666,equal_prior
2024-12-01,Все категории,11,catboost,0.16666666666666666,equal_prior
2024-12-01,Все категории,11,lightgbm,0.16666666666666666,equal_prior
2024-12-01,Все категории,11,chronos_seasonal,0.16666666666666666,equal_prior
2024-12-01,Все категории,12,seasonal_growth,0.16666666666666666,equal_prior
2024-12-01,Все категории,12,panel_shrink,0.16666666666666666,equal_prior
2024-12-01,Все категории,12,ridge_panel,0.16666666666666666,equal_prior
2024-12-01,Все категории,12,catboost,0.16666666666666666,equal_prior
2024-12-01,Все категории,12,lightgbm,0.16666666666666666,equal_prior
2024-12-01,Все категории,12,chronos_seasonal,0.16666666666666666,equal_prior
2024-12-01,Здоровье,1,seasonal_growth,0.15855115152747873,matured_paired_errors
2024-12-01,Здоровье,1,panel_shrink,0.182443495907205,matured_paired_errors
2024-12-01,Здоровье,1,ridge_panel,0.1806182976649608,matured_paired_errors
2024-12-01,Здоровье,1,catboost,0.15746100779541294,matured_paired_errors
2024-12-01,Здоровье,1,lightgbm,0.14378021241516323,matured_paired_errors
2024-12-01,Здоровье,1,chronos_seasonal,0.1771458346897793,matured_paired_errors
2024-12-01,Здоровье,2,seasonal_growth,0.16811022815159993,matured_paired_errors
2024-12-01,Здоровье,2,panel_shrink,0.19418872793608588,matured_paired_errors
2024-12-01,Здоровье,2,ridge_panel,0.17838297023388466,matured_paired_errors
2024-12-01,Здоровье,2,catboost,0.1469866960052318,matured_paired_errors
2024-12-01,Здоровье,2,lightgbm,0.13803556100217615,matured_paired_errors
2024-12-01,Здоровье,2,chronos_seasonal,0.17429581667102154,matured_paired_errors
2024-12-01,Здоровье,3,seasonal_growth,0.1746219754944059,matured_paired_errors
2024-12-01,Здоровье,3,panel_shrink,0.20325909849601925,matured_paired_errors
2024-12-01,Здоровье,3,ridge_panel,0.17174987758978158,matured_paired_errors
2024-12-01,Здоровье,3,catboost,0.14988466458780347,matured_paired_errors
2024-12-01,Здоровье,3,lightgbm,0.13764953694498694,matured_paired_errors
2024-12-01,Здоровье,3,chronos_seasonal,0.16283484688700278,matured_paired_errors
2024-12-01,Здоровье,4,seasonal_growth,0.17084455896828046,matured_paired_errors
2024-12-01,Здоровье,4,panel_shrink,0.19836347881848648,matured_paired_errors
2024-12-01,Здоровье,4,ridge_panel,0.18382016986092325,matured_paired_errors
2024-12-01,Здоровье,4,catboost,0.16077841839595924,matured_paired_errors
2024-12-01,Здоровье,4,lightgbm,0.14277659809768162,matured_paired_errors
2024-12-01,Здоровье,4,chronos_seasonal,0.1434167758586689,matured_paired_errors
2024-12-01,Здоровье,5,seasonal_growth,0.16364789413151642,matured_paired_errors
2024-12-01,Здоровье,5,panel_shrink,0.19367373933974175,matured_paired_errors
2024-12-01,Здоровье,5,ridge_panel,0.19430572780288274,matured_paired_errors
2024-12-01,Здоровье,5,catboost,0.1742836579121339,matured_paired_errors
2024-12-01,Здоровье,5,lightgbm,0.1360559843595201,matured_paired_errors
2024-12-01,Здоровье,5,chronos_seasonal,0.13803299645420503,matured_paired_errors
2024-12-01,Здоровье,6,seasonal_growth,0.1654365570278309,matured_paired_errors
2024-12-01,Здоровье,6,panel_shrink,0.19567910226351076,matured_paired_errors
2024-12-01,Здоровье,6,ridge_panel,0.19494170358705082,matured_paired_errors
2024-12-01,Здоровье,6,catboost,0.167127460201774,matured_paired_errors
2024-12-01,Здоровье,6,lightgbm,0.13942877826408878,matured_paired_errors
2024-12-01,Здоровье,6,chronos_seasonal,0.1373863986557447,matured_paired_errors
2024-12-01,Здоровье,7,seasonal_growth,0.1492249009485625,matured_paired_errors
2024-12-01,Здоровье,7,panel_shrink,0.1762682207586651,matured_paired_errors
2024-12-01,Здоровье,7,ridge_panel,0.1772791420524728,matured_paired_errors
2024-12-01,Здоровье,7,catboost,0.21076552944436894,matured_paired_errors
2024-12-01,Здоровье,7,lightgbm,0.16509223657973654,matured_paired_errors
2024-12-01,Здоровье,7,chronos_seasonal,0.12136997021619411,matured_paired_errors
2024-12-01,Здоровье,8,seasonal_growth,0.14890955688152957,matured_paired_errors
2024-12-01,Здоровье,8,panel_shrink,0.17819775329599524,matured_paired_errors
2024-12-01,Здоровье,8,ridge_panel,0.16732136663533173,matured_paired_errors
2024-12-01,Здоровье,8,catboost,0.2415659517938314,matured_paired_errors
2024-12-01,Здоровье,8,lightgbm,0.1502699054478921,matured_paired_errors
2024-12-01,Здоровье,8,chronos_seasonal,0.1137354659454199,matured_paired_errors
2024-12-01,Здоровье,9,seasonal_growth,0.15959796543289156,matured_paired_errors
2024-12-01,Здоровье,9,panel_shrink,0.18268934796510283,matured_paired_errors
2024-12-01,Здоровье,9,ridge_panel,0.17494013142951384,matured_paired_errors
2024-12-01,Здоровье,9,catboost,0.21996333755209563,matured_paired_errors
2024-12-01,Здоровье,9,lightgbm,0.1486558827701787,matured_paired_errors
2024-12-01,Здоровье,9,chronos_seasonal,0.11415333485021749,matured_paired_errors
2024-12-01,Здоровье,10,seasonal_growth,0.15491567424073094,matured_paired_errors
2024-12-01,Здоровье,10,panel_shrink,0.17302132271430756,matured_paired_errors
2024-12-01,Здоровье,10,ridge_panel,0.18171347885243444,matured_paired_errors
2024-12-01,Здоровье,10,catboost,0.20140570980679623,matured_paired_errors
2024-12-01,Здоровье,10,lightgbm,0.17537528516494377,matured_paired_errors
2024-12-01,Здоровье,10,chronos_seasonal,0.11356852922078696,matured_paired_errors
2024-12-01,Здоровье,11,seasonal_growth,0.16666666666666666,equal_prior
2024-12-01,Здоровье,11,panel_shrink,0.16666666666666666,equal_prior
2024-12-01,Здоровье,11,ridge_panel,0.16666666666666666,equal_prior
2024-12-01,Здоровье,11,catboost,0.16666666666666666,equal_prior
2024-12-01,Здоровье,11,lightgbm,0.16666666666666666,equal_prior
2024-12-01,Здоровье,11,chronos_seasonal,0.16666666666666666,equal_prior
2024-12-01,Здоровье,12,seasonal_growth,0.16666666666666666,equal_prior
2024-12-01,Здоровье,12,panel_shrink,0.16666666666666666,equal_prior
2024-12-01,Здоровье,12,ridge_panel,0.16666666666666666,equal_prior
2024-12-01,Здоровье,12,catboost,0.16666666666666666,equal_prior
2024-12-01,Здоровье,12,lightgbm,0.16666666666666666,equal_prior
2024-12-01,Здоровье,12,chronos_seasonal,0.16666666666666666,equal_prior
2024-12-01,Маркетплейсы,1,seasonal_growth,0.140274527903622,matured_paired_errors
2024-12-01,Маркетплейсы,1,panel_shrink,0.1483563799132706,matured_paired_errors
2024-12-01,Маркетплейсы,1,ridge_panel,0.2172150665578086,matured_paired_errors
2024-12-01,Маркетплейсы,1,catboost,0.1756301082588117,matured_paired_errors
2024-12-01,Маркетплейсы,1,lightgbm,0.15345021354967242,matured_paired_errors
2024-12-01,Маркетплейсы,1,chronos_seasonal,0.16507370381681463,matured_paired_errors
2024-12-01,Маркетплейсы,2,seasonal_growth,0.13876084344654527,matured_paired_errors
2024-12-01,Маркетплейсы,2,panel_shrink,0.14328755469739002,matured_paired_errors
2024-12-01,Маркетплейсы,2,ridge_panel,0.22636488901493634,matured_paired_errors
2024-12-01,Маркетплейсы,2,catboost,0.17302551880233563,matured_paired_errors
2024-12-01,Маркетплейсы,2,lightgbm,0.14965307696663005,matured_paired_errors
2024-12-01,Маркетплейсы,2,chronos_seasonal,0.16890811707216274,matured_paired_errors
2024-12-01,Маркетплейсы,3,seasonal_growth,0.14547805424288102,matured_paired_errors
2024-12-01,Маркетплейсы,3,panel_shrink,0.14899709554230284,matured_paired_errors
2024-12-01,Маркетплейсы,3,ridge_panel,0.2405184521549813,matured_paired_errors
2024-12-01,Маркетплейсы,3,catboost,0.16335699788728225,matured_paired_errors
2024-12-01,Маркетплейсы,3,lightgbm,0.1555370387535992,matured_paired_errors
2024-12-01,Маркетплейсы,3,chronos_seasonal,0.1461123614189534,matured_paired_errors
2024-12-01,Маркетплейсы,4,seasonal_growth,0.15068817797945527,matured_paired_errors
2024-12-01,Маркетплейсы,4,panel_shrink,0.15431204993864625,matured_paired_errors
2024-12-01,Маркетплейсы,4,ridge_panel,0.25843803406587973,matured_paired_errors
2024-12-01,Маркетплейсы,4,catboost,0.153507729062905,matured_paired_errors
2024-12-01,Маркетплейсы,4,lightgbm,0.14792397990369321,matured_paired_errors
2024-12-01,Маркетплейсы,4,chronos_seasonal,0.1351300290494205,matured_paired_errors
2024-12-01,Маркетплейсы,5,seasonal_growth,0.15669741142238247,matured_paired_errors
2024-12-01,Маркетплейсы,5,panel_shrink,0.1600426087063034,matured_paired_errors
2024-12-01,Маркетплейсы,5,ridge_panel,0.2662861368471429,matured_paired_errors
2024-12-01,Маркетплейсы,5,catboost,0.1476696468206866,matured_paired_errors
2024-12-01,Маркетплейсы,5,lightgbm,0.15455021067278624,matured_paired_errors
2024-12-01,Маркетплейсы,5,chronos_seasonal,0.11475398553069832,matured_paired_errors
2024-12-01,Маркетплейсы,6,seasonal_growth,0.16300360407383163,matured_paired_errors
2024-12-01,Маркетплейсы,6,panel_shrink,0.1656370709955503,matured_paired_errors
2024-12-01,Маркетплейсы,6,ridge_panel,0.27735468550728565,matured_paired_errors
2024-12-01,Маркетплейсы,6,catboost,0.14894679246880532,matured_paired_errors
2024-12-01,Маркетплейсы,6,lightgbm,0.13429748260494295,matured_paired_errors
2024-12-01,Маркетплейсы,6,chronos_seasonal,0.11076036434958411,matured_paired_errors
2024-12-01,Маркетплейсы,7,seasonal_growth,0.16756589679460565,matured_paired_errors
2024-12-01,Маркетплейсы,7,panel_shrink,0.16934336154965718,matured_paired_errors
2024-12-01,Маркетплейсы,7,ridge_panel,0.28437287024719066,matured_paired_errors
2024-12-01,Маркетплейсы,7,catboost,0.15043731235817775,matured_paired_errors
2024-12-01,Маркетплейсы,7,lightgbm,0.12973740257505878,matured_paired_errors
2024-12-01,Маркетплейсы,7,chronos_seasonal,0.09854315647530998,matured_paired_errors
2024-12-01,Маркетплейсы,8,seasonal_growth,0.1706925785048859,matured_paired_errors
2024-12-01,Маркетплейсы,8,panel_shrink,0.17194581525621416,matured_paired_errors
2024-12-01,Маркетплейсы,8,ridge_panel,0.2985919656367841,matured_paired_errors
2024-12-01,Маркетплейсы,8,catboost,0.1353744061806228,matured_paired_errors
2024-12-01,Маркетплейсы,8,lightgbm,0.13158693011671607,matured_paired_errors
2024-12-01,Маркетплейсы,8,chronos_seasonal,0.09180830430477697,matured_paired_errors
2024-12-01,Маркетплейсы,9,seasonal_growth,0.18914728989389545,matured_paired_errors
2024-12-01,Маркетплейсы,9,panel_shrink,0.19599671608018232,matured_paired_errors
2024-12-01,Маркетплейсы,9,ridge_panel,0.31413432853170264,matured_paired_errors
2024-12-01,Маркетплейсы,9,catboost,0.11025637396449839,matured_paired_errors
2024-12-01,Маркетплейсы,9,lightgbm,0.10295405590365769,matured_paired_errors
2024-12-01,Маркетплейсы,9,chronos_seasonal,0.08751123562606343,matured_paired_errors
2024-12-01,Маркетплейсы,10,seasonal_growth,0.18937192832435207,matured_paired_errors
2024-12-01,Маркетплейсы,10,panel_shrink,0.19803530193745428,matured_paired_errors
2024-12-01,Маркетплейсы,10,ridge_panel,0.3133854126380052,matured_paired_errors
2024-12-01,Маркетплейсы,10,catboost,0.09557564113820244,matured_paired_errors
2024-12-01,Маркетплейсы,10,lightgbm,0.12821594336991554,matured_paired_errors
2024-12-01,Маркетплейсы,10,chronos_seasonal,0.07541577259207043,matured_paired_errors
2024-12-01,Маркетплейсы,11,seasonal_growth,0.16666666666666666,equal_prior
2024-12-01,Маркетплейсы,11,panel_shrink,0.16666666666666666,equal_prior
2024-12-01,Маркетплейсы,11,ridge_panel,0.16666666666666666,equal_prior
2024-12-01,Маркетплейсы,11,catboost,0.16666666666666666,equal_prior
2024-12-01,Маркетплейсы,11,lightgbm,0.16666666666666666,equal_prior
2024-12-01,Маркетплейсы,11,chronos_seasonal,0.16666666666666666,equal_prior
2024-12-01,Маркетплейсы,12,seasonal_growth,0.16666666666666666,equal_prior
2024-12-01,Маркетплейсы,12,panel_shrink,0.16666666666666666,equal_prior
2024-12-01,Маркетплейсы,12,ridge_panel,0.16666666666666666,equal_prior
2024-12-01,Маркетплейсы,12,catboost,0.16666666666666666,equal_prior
2024-12-01,Маркетплейсы,12,lightgbm,0.16666666666666666,equal_prior
2024-12-01,Маркетплейсы,12,chronos_seasonal,0.16666666666666666,equal_prior
2024-12-01,Общественное питание,1,seasonal_growth,0.16381943848774588,matured_paired_errors
2024-12-01,Общественное питание,1,panel_shrink,0.16370670612877009,matured_paired_errors
2024-12-01,Общественное питание,1,ridge_panel,0.14233622178223237,matured_paired_errors
2024-12-01,Общественное питание,1,catboost,0.1887709273806405,matured_paired_errors
2024-12-01,Общественное питание,1,lightgbm,0.18155486076668087,matured_paired_errors
2024-12-01,Общественное питание,1,chronos_seasonal,0.15981184545393035,matured_paired_errors
2024-12-01,Общественное питание,2,seasonal_growth,0.18168059202278558,matured_paired_errors
2024-12-01,Общественное питание,2,panel_shrink,0.17925571684287228,matured_paired_errors
2024-12-01,Общественное питание,2,ridge_panel,0.13854315889058202,matured_paired_errors
2024-12-01,Общественное питание,2,catboost,0.18217024379048635,matured_paired_errors
2024-12-01,Общественное питание,2,lightgbm,0.16825532987280437,matured_paired_errors
2024-12-01,Общественное питание,2,chronos_seasonal,0.15009495858046942,matured_paired_errors
2024-12-01,Общественное питание,3,seasonal_growth,0.19055220850083537,matured_paired_errors
2024-12-01,Общественное питание,3,panel_shrink,0.18714980895902728,matured_paired_errors
2024-12-01,Общественное питание,3,ridge_panel,0.1426050581417879,matured_paired_errors
2024-12-01,Общественное питание,3,catboost,0.1730533997487294,matured_paired_errors
2024-12-01,Общественное питание,3,lightgbm,0.16814798750327153,matured_paired_errors
2024-12-01,Общественное питание,3,chronos_seasonal,0.1384915371463485,matured_paired_errors
2024-12-01,Общественное питание,4,seasonal_growth,0.19786109737170637,matured_paired_errors
2024-12-01,Общественное питание,4,panel_shrink,0.19941374448059945,matured_paired_errors
2024-12-01,Общественное питание,4,ridge_panel,0.15626447072519883,matured_paired_errors
2024-12-01,Общественное питание,4,catboost,0.16353516707164945,matured_paired_errors
2024-12-01,Общественное питание,4,lightgbm,0.1508256514216986,matured_paired_errors
2024-12-01,Общественное питание,4,chronos_seasonal,0.13209986892914732,matured_paired_errors
2024-12-01,Общественное питание,5,seasonal_growth,0.19868582565131088,matured_paired_errors
2024-12-01,Общественное питание,5,panel_shrink,0.20631501537109442,matured_paired_errors
2024-12-01,Общественное питание,5,ridge_panel,0.1717762224240107,matured_paired_errors
2024-12-01,Общественное питание,5,catboost,0.1490581998439862,matured_paired_errors
2024-12-01,Общественное питание,5,lightgbm,0.15156927028799927,matured_paired_errors
2024-12-01,Общественное питание,5,chronos_seasonal,0.12259546642159856,matured_paired_errors
2024-12-01,Общественное питание,6,seasonal_growth,0.1985396485797784,matured_paired_errors
2024-12-01,Общественное питание,6,panel_shrink,0.2098560060118868,matured_paired_errors
2024-12-01,Общественное питание,6,ridge_panel,0.17595090123135332,matured_paired_errors
2024-12-01,Общественное питание,6,catboost,0.14950203011787483,matured_paired_errors
2024-12-01,Общественное питание,6,lightgbm,0.1486757716408068,matured_paired_errors
2024-12-01,Общественное питание,6,chronos_seasonal,0.11747564241829987,matured_paired_errors
2024-12-01,Общественное питание,7,seasonal_growth,0.20061740013150525,matured_paired_errors
2024-12-01,Общественное питание,7,panel_shrink,0.21410402468896805,matured_paired_errors
2024-12-01,Общественное питание,7,ridge_panel,0.1797045496509324,matured_paired_errors
2024-12-01,Общественное питание,7,catboost,0.14472270720332842,matured_paired_errors
2024-12-01,Общественное питание,7,lightgbm,0.15498405520609346,matured_paired_errors
2024-12-01,Общественное питание,7,chronos_seasonal,0.1058672631191725,matured_paired_errors
2024-12-01,Общественное питание,8,seasonal_growth,0.20134868686373358,matured_paired_errors
2024-12-01,Общественное питание,8,panel_shrink,0.2124935086201244,matured_paired_errors
2024-12-01,Общественное питание,8,ridge_panel,0.17620937994574581,matured_paired_errors
2024-12-01,Общественное питание,8,catboost,0.14365672531892737,matured_paired_errors
2024-12-01,Общественное питание,8,lightgbm,0.1716921439601412,matured_paired_errors
2024-12-01,Общественное питание,8,chronos_seasonal,0.09459955529132738,matured_paired_errors
2024-12-01,Общественное питание,9,seasonal_growth,0.19482388916706123,matured_paired_errors
2024-12-01,Общественное питание,9,panel_shrink,0.2057314743917809,matured_paired_errors
2024-12-01,Общественное питание,9,ridge_panel,0.1691099468775271,matured_paired_errors
2024-12-01,Общественное питание,9,catboost,0.15221677467463246,matured_paired_errors
2024-12-01,Общественное питание,9,lightgbm,0.19723958148730625,matured_paired_errors
2024-12-01,Общественное питание,9,chronos_seasonal,0.080878333401692,matured_paired_errors
2024-12-01,Общественное питание,10,seasonal_growth,0.19526581658284387,matured_paired_errors
2024-12-01,Общественное питание,10,panel_shrink,0.1806383872847553,matured_paired_errors
2024-12-01,Общественное питание,10,ridge_panel,0.1562990564476368,matured_paired_errors
2024-12-01,Общественное питание,10,catboost,0.16250948543584812,matured_paired_errors
2024-12-01,Общественное питание,10,lightgbm,0.23003518832262848,matured_paired_errors
2024-12-01,Общественное питание,10,chronos_seasonal,0.07525206592628733,matured_paired_errors
2024-12-01,Общественное питание,11,seasonal_growth,0.16666666666666666,equal_prior
2024-12-01,Общественное питание,11,panel_shrink,0.16666666666666666,equal_prior
2024-12-01,Общественное питание,11,ridge_panel,0.16666666666666666,equal_prior
2024-12-01,Общественное питание,11,catboost,0.16666666666666666,equal_prior
2024-12-01,Общественное питание,11,lightgbm,0.16666666666666666,equal_prior
2024-12-01,Общественное питание,11,chronos_seasonal,0.16666666666666666,equal_prior
2024-12-01,Общественное питание,12,seasonal_growth,0.16666666666666666,equal_prior
2024-12-01,Общественное питание,12,panel_shrink,0.16666666666666666,equal_prior
2024-12-01,Общественное питание,12,ridge_panel,0.16666666666666666,equal_prior
2024-12-01,Общественное питание,12,catboost,0.16666666666666666,equal_prior
2024-12-01,Общественное питание,12,lightgbm,0.16666666666666666,equal_prior
2024-12-01,Общественное питание,12,chronos_seasonal,0.16666666666666666,equal_prior
2024-12-01,Продовольствие,1,seasonal_growth,0.18622055174444657,matured_paired_errors
2024-12-01,Продовольствие,1,panel_shrink,0.19346881489512008,matured_paired_errors
2024-12-01,Продовольствие,1,ridge_panel,0.18545928089007646,matured_paired_errors
2024-12-01,Продовольствие,1,catboost,0.10102503429326427,matured_paired_errors
2024-12-01,Продовольствие,1,lightgbm,0.10569319257520188,matured_paired_errors
2024-12-01,Продовольствие,1,chronos_seasonal,0.22813312560189064,matured_paired_errors
2024-12-01,Продовольствие,2,seasonal_growth,0.19984177681330745,matured_paired_errors
2024-12-01,Продовольствие,2,panel_shrink,0.21713941735870906,matured_paired_errors
2024-12-01,Продовольствие,2,ridge_panel,0.1878491312551842,matured_paired_errors
2024-12-01,Продовольствие,2,catboost,0.09721648329627325,matured_paired_errors
2024-12-01,Продовольствие,2,lightgbm,0.10003163504033634,matured_paired_errors
2024-12-01,Продовольствие,2,chronos_seasonal,0.19792155623618968,matured_paired_errors
2024-12-01,Продовольствие,3,seasonal_growth,0.20376804334540488,matured_paired_errors
2024-12-01,Продовольствие,3,panel_shrink,0.2226537884524265,matured_paired_errors
2024-12-01,Продовольствие,3,ridge_panel,0.18264200587804225,matured_paired_errors
2024-12-01,Продовольствие,3,catboost,0.10068743691439008,matured_paired_errors
2024-12-01,Продовольствие,3,lightgbm,0.11169042032825448,matured_paired_errors
2024-12-01,Продовольствие,3,chronos_seasonal,0.1785583050814818,matured_paired_errors
2024-12-01,Продовольствие,4,seasonal_growth,0.20633839657311442,matured_paired_errors
2024-12-01,Продовольствие,4,panel_shrink,0.2274442555311304,matured_paired_errors
2024-12-01,Продовольствие,4,ridge_panel,0.19694322877550363,matured_paired_errors
2024-12-01,Продовольствие,4,catboost,0.10081605552989452,matured_paired_errors
2024-12-01,Продовольствие,4,lightgbm,0.09195337017463237,matured_paired_errors
2024-12-01,Продовольствие,4,chronos_seasonal,0.1765046934157246,matured_paired_errors
2024-12-01,Продовольствие,5,seasonal_growth,0.2066668268060366,matured_paired_errors
2024-12-01,Продовольствие,5,panel_shrink,0.23213074091240277,matured_paired_errors
2024-12-01,Продовольствие,5,ridge_panel,0.20780630732801592,matured_paired_errors
2024-12-01,Продовольствие,5,catboost,0.09257710838878297,matured_paired_errors
2024-12-01,Продовольствие,5,lightgbm,0.08813851798934005,matured_paired_errors
2024-12-01,Продовольствие,5,chronos_seasonal,0.17268049857542164,matured_paired_errors
2024-12-01,Продовольствие,6,seasonal_growth,0.19861914748438686,matured_paired_errors
2024-12-01,Продовольствие,6,panel_shrink,0.23430569390998746,matured_paired_errors
2024-12-01,Продовольствие,6,ridge_panel,0.2196360618493255,matured_paired_errors
2024-12-01,Продовольствие,6,catboost,0.09756953095241988,matured_paired_errors
2024-12-01,Продовольствие,6,lightgbm,0.0956610389800077,matured_paired_errors
2024-12-01,Продовольствие,6,chronos_seasonal,0.1542085268238726,matured_paired_errors
2024-12-01,Продовольствие,7,seasonal_growth,0.18595052121169864,matured_paired_errors
2024-12-01,Продовольствие,7,panel_shrink,0.22864783186308613,matured_paired_errors
2024-12-01,Продовольствие,7,ridge_panel,0.21852575564198023,matured_paired_errors
2024-12-01,Продовольствие,7,catboost,0.12327757336855945,matured_paired_errors
2024-12-01,Продовольствие,7,lightgbm,0.11534211268793253,matured_paired_errors
2024-12-01,Продовольствие,7,chronos_seasonal,0.12825620522674297,matured_paired_errors
2024-12-01,Продовольствие,8,seasonal_growth,0.18884233903308806,matured_paired_errors
2024-12-01,Продовольствие,8,panel_shrink,0.2442130261683968,matured_paired_errors
2024-12-01,Продовольствие,8,ridge_panel,0.24502075937644568,matured_paired_errors
2024-12-01,Продовольствие,8,catboost,0.1014838569489338,matured_paired_errors
2024-12-01,Продовольствие,8,lightgbm,0.11346405755675053,matured_paired_errors
2024-12-01,Продовольствие,8,chronos_seasonal,0.10697596091638518,matured_paired_errors
2024-12-01,Продовольствие,9,seasonal_growth,0.20560004861434378,matured_paired_errors
2024-12-01,Продовольствие,9,panel_shrink,0.2703886853234369,matured_paired_errors
2024-12-01,Продовольствие,9,ridge_panel,0.24548088797766715,matured_paired_errors
2024-12-01,Продовольствие,9,catboost,0.08916354366947399,matured_paired_errors
2024-12-01,Продовольствие,9,lightgbm,0.08955134324462607,matured_paired_errors
2024-12-01,Продовольствие,9,chronos_seasonal,0.099815491170452,matured_paired_errors
2024-12-01,Продовольствие,10,seasonal_growth,0.21777612132380247,matured_paired_errors
2024-12-01,Продовольствие,10,panel_shrink,0.269417183922863,matured_paired_errors
2024-12-01,Продовольствие,10,ridge_panel,0.26391446551123715,matured_paired_errors
2024-12-01,Продовольствие,10,catboost,0.07603911330709791,matured_paired_errors
2024-12-01,Продовольствие,10,lightgbm,0.07961897995370229,matured_paired_errors
2024-12-01,Продовольствие,10,chronos_seasonal,0.09323413598129712,matured_paired_errors
2024-12-01,Продовольствие,11,seasonal_growth,0.16666666666666666,equal_prior
2024-12-01,Продовольствие,11,panel_shrink,0.16666666666666666,equal_prior
2024-12-01,Продовольствие,11,ridge_panel,0.16666666666666666,equal_prior
2024-12-01,Продовольствие,11,catboost,0.16666666666666666,equal_prior
2024-12-01,Продовольствие,11,lightgbm,0.16666666666666666,equal_prior
2024-12-01,Продовольствие,11,chronos_seasonal,0.16666666666666666,equal_prior
2024-12-01,Продовольствие,12,seasonal_growth,0.16666666666666666,equal_prior
2024-12-01,Продовольствие,12,panel_shrink,0.16666666666666666,equal_prior
2024-12-01,Продовольствие,12,ridge_panel,0.16666666666666666,equal_prior
2024-12-01,Продовольствие,12,catboost,0.16666666666666666,equal_prior
2024-12-01,Продовольствие,12,lightgbm,0.16666666666666666,equal_prior
2024-12-01,Продовольствие,12,chronos_seasonal,0.16666666666666666,equal_prior
2024-12-01,Транспорт,1,seasonal_growth,0.14258101392681666,matured_paired_errors
2024-12-01,Транспорт,1,panel_shrink,0.16119148237237474,matured_paired_errors
2024-12-01,Транспорт,1,ridge_panel,0.14718936100301006,matured_paired_errors
2024-12-01,Транспорт,1,catboost,0.19731729417066507,matured_paired_errors
2024-12-01,Транспорт,1,lightgbm,0.19587846667966702,matured_paired_errors
2024-12-01,Транспорт,1,chronos_seasonal,0.15584238184746646,matured_paired_errors
2024-12-01,Транспорт,2,seasonal_growth,0.15274506046058256,matured_paired_errors
2024-12-01,Транспорт,2,panel_shrink,0.17374047807566256,matured_paired_errors
2024-12-01,Транспорт,2,ridge_panel,0.15032951777201925,matured_paired_errors
2024-12-01,Транспорт,2,catboost,0.18834470820059696,matured_paired_errors
2024-12-01,Транспорт,2,lightgbm,0.19105900625045064,matured_paired_errors
2024-12-01,Транспорт,2,chronos_seasonal,0.14378122924068804,matured_paired_errors
2024-12-01,Транспорт,3,seasonal_growth,0.16061521354670516,matured_paired_errors
2024-12-01,Транспорт,3,panel_shrink,0.1825010229367306,matured_paired_errors
2024-12-01,Транспорт,3,ridge_panel,0.15456633524664048,matured_paired_errors
2024-12-01,Транспорт,3,catboost,0.18306868306439678,matured_paired_errors
2024-12-01,Транспорт,3,lightgbm,0.18763846350572883,matured_paired_errors
2024-12-01,Транспорт,3,chronos_seasonal,0.13161028169979824,matured_paired_errors
2024-12-01,Транспорт,4,seasonal_growth,0.16431022377158053,matured_paired_errors
2024-12-01,Транспорт,4,panel_shrink,0.18861100331048064,matured_paired_errors
2024-12-01,Транспорт,4,ridge_panel,0.15418251863303004,matured_paired_errors
2024-12-01,Транспорт,4,catboost,0.18731081732738125,matured_paired_errors
2024-12-01,Транспорт,4,lightgbm,0.18169291288362122,matured_paired_errors
2024-12-01,Транспорт,4,chronos_seasonal,0.12389252407390636,matured_paired_errors
2024-12-01,Транспорт,5,seasonal_growth,0.17346686053409127,matured_paired_errors
2024-12-01,Транспорт,5,panel_shrink,0.20223278900219072,matured_paired_errors
2024-12-01,Транспорт,5,ridge_panel,0.16303422987624283,matured_paired_errors
2024-12-01,Транспорт,5,catboost,0.1643597238065586,matured_paired_errors
2024-12-01,Транспорт,5,lightgbm,0.1761004849286944,matured_paired_errors
2024-12-01,Транспорт,5,chronos_seasonal,0.12080591185222211,matured_paired_errors
2024-12-01,Транспорт,6,seasonal_growth,0.17776697852930845,matured_paired_errors
2024-12-01,Транспорт,6,panel_shrink,0.20595523287906775,matured_paired_errors
2024-12-01,Транспорт,6,ridge_panel,0.1651345624879054,matured_paired_errors
2024-12-01,Транспорт,6,catboost,0.1595603114384611,matured_paired_errors
2024-12-01,Транспорт,6,lightgbm,0.17701388727628564,matured_paired_errors
2024-12-01,Транспорт,6,chronos_seasonal,0.11456902738897158,matured_paired_errors
2024-12-01,Транспорт,7,seasonal_growth,0.1773441202565647,matured_paired_errors
2024-12-01,Транспорт,7,panel_shrink,0.209652149160444,matured_paired_errors
2024-12-01,Транспорт,7,ridge_panel,0.16872318434589184,matured_paired_errors
2024-12-01,Транспорт,7,catboost,0.15716252222448673,matured_paired_errors
2024-12-01,Транспорт,7,lightgbm,0.1778702175000902,matured_paired_errors
2024-12-01,Транспорт,7,chronos_seasonal,0.10924780651252253,matured_paired_errors
2024-12-01,Транспорт,8,seasonal_growth,0.1649434575269875,matured_paired_errors
2024-12-01,Транспорт,8,panel_shrink,0.21008310508446432,matured_paired_errors
2024-12-01,Транспорт,8,ridge_panel,0.16905493753612497,matured_paired_errors
2024-12-01,Транспорт,8,catboost,0.16542678819142603,matured_paired_errors
2024-12-01,Транспорт,8,lightgbm,0.1851544961427135,matured_paired_errors
2024-12-01,Транспорт,8,chronos_seasonal,0.10533721551828368,matured_paired_errors
2024-12-01,Транспорт,9,seasonal_growth,0.16564840490017646,matured_paired_errors
2024-12-01,Транспорт,9,panel_shrink,0.21330053430833573,matured_paired_errors
2024-12-01,Транспорт,9,ridge_panel,0.17778015012995735,matured_paired_errors
2024-12-01,Транспорт,9,catboost,0.16829927469807207,matured_paired_errors
2024-12-01,Транспорт,9,lightgbm,0.17642587052760622,matured_paired_errors
2024-12-01,Транспорт,9,chronos_seasonal,0.09854576543585206,matured_paired_errors
2024-12-01,Транспорт,10,seasonal_growth,0.16032447877343498,matured_paired_errors
2024-12-01,Транспорт,10,panel_shrink,0.2030392872539205,matured_paired_errors
2024-12-01,Транспорт,10,ridge_panel,0.18437993416660586,matured_paired_errors
2024-12-01,Транспорт,10,catboost,0.17912137880542278,matured_paired_errors
2024-12-01,Транспорт,10,lightgbm,0.1823636127892994,matured_paired_errors
2024-12-01,Транспорт,10,chronos_seasonal,0.09077130821131649,matured_paired_errors
2024-12-01,Транспорт,11,seasonal_growth,0.16666666666666666,equal_prior
2024-12-01,Транспорт,11,panel_shrink,0.16666666666666666,equal_prior
2024-12-01,Транспорт,11,ridge_panel,0.16666666666666666,equal_prior
2024-12-01,Транспорт,11,catboost,0.16666666666666666,equal_prior
2024-12-01,Транспорт,11,lightgbm,0.16666666666666666,equal_prior
2024-12-01,Транспорт,11,chronos_seasonal,0.16666666666666666,equal_prior
2024-12-01,Транспорт,12,seasonal_growth,0.16666666666666666,equal_prior
2024-12-01,Транспорт,12,panel_shrink,0.16666666666666666,equal_prior
2024-12-01,Транспорт,12,ridge_panel,0.16666666666666666,equal_prior
2024-12-01,Транспорт,12,catboost,0.16666666666666666,equal_prior
2024-12-01,Транспорт,12,lightgbm,0.16666666666666666,equal_prior
2024-12-01,Транспорт,12,chronos_seasonal,0.16666666666666666,equal_prior
