territory_id,forecast_h01,forecast_h03,forecast_h06,forecast_h12,next_month_proxy_probability_history,next_month_proxy_probability_news,origin_month,last_observed_spending,selected_detector,alert_in_last_observed_month
1,28261.568942199097,33702.90187688991,33581.4127817943,40803.4686388261,0.009667795386521266,0.016985912970860096,2024-12-01,36320.0,bayesian_runlength,False
2,21430.10158970774,25735.208239108917,25260.411369893536,31139.729912101066,0.055467298424045526,0.10212433558410804,2024-12-01,28136.0,bayesian_runlength,False
3,21181.231218370536,25472.144176005975,25435.946221710168,30294.782246287847,0.013310831826108201,0.02360434120378341,2024-12-01,27367.0,bayesian_runlength,False
4,23446.467637620397,28435.396091407452,28161.562743233986,35065.485097050885,0.023822749820018578,0.04260826816357957,2024-12-01,31036.0,bayesian_runlength,False
5,20762.51155861109,25676.32883259456,27189.43075584175,31106.27066236642,0.04211779006773651,0.07645445583045474,2024-12-01,27742.0,bayesian_runlength,False
6,25862.391694039463,30480.453205897233,30942.60246279388,36664.02895174203,0.019283900071470794,0.0350574254916978,2024-12-01,32452.0,bayesian_runlength,False
7,38192.44946100881,44860.50094155905,45095.611356160574,53731.105342418676,0.011165234691750903,0.019532448481761763,2024-12-01,47558.0,bayesian_runlength,False
8,30707.214908437243,35816.3688368191,36744.23980219783,45069.01342587197,0.02213140869087166,0.04068631097809966,2024-12-01,40031.0,bayesian_runlength,False
9,19051.741880188474,22712.836633520255,23270.92074391909,26816.17726187744,0.03179709161093276,0.058299700863163384,2024-12-01,24136.0,bayesian_runlength,False
10,30303.230325663222,37008.977788164586,37947.79030404134,44981.1763779786,0.013567330693182136,0.023797738819307707,2024-12-01,39907.0,bayesian_runlength,False
11,24328.96801135962,29191.545716262826,32304.849181934977,34791.37845717397,0.028160865765197083,0.049065035253250094,2024-12-01,30659.0,bayesian_runlength,False
12,32781.31033370272,39710.684092039744,40935.33040295073,48279.26924556996,0.014367110690874343,0.0256205070594667,2024-12-01,42595.0,bayesian_runlength,False
13,21473.632600112564,26448.460064482,28107.372513571856,32499.881810870145,0.032425460152042264,0.056785430435068854,2024-12-01,29431.0,bayesian_runlength,True
14,24188.337739406517,30072.40733107373,32279.57994867423,37005.05696918242,0.028513856434605456,0.05127851238506541,2024-12-01,33305.0,bayesian_runlength,False
15,24728.549162142936,30264.95676454272,32909.48742501485,36440.022695290674,0.0812019655581419,0.1408924179678038,2024-12-01,32963.0,bayesian_runlength,False
16,20899.028835677054,25467.12215159808,26186.36222134233,30638.74105704538,0.02307595293792413,0.041845703160363935,2024-12-01,27711.0,bayesian_runlength,False
17,23734.48349278498,29635.543263840395,31140.030847859303,36426.81371647402,0.022506952873827712,0.039959427529114744,2024-12-01,33059.0,bayesian_runlength,False
18,27584.64312915349,33124.90763436955,35096.456679873234,40480.01378680493,0.02339773283300355,0.04259537216320286,2024-12-01,36204.0,bayesian_runlength,False
19,19638.232093008475,25172.956585466676,25800.098352074874,30525.952788053088,0.041958565589322615,0.07434732997562576,2024-12-01,27961.0,bayesian_runlength,False
20,20662.411625574314,25199.26137084497,26595.122994267804,30774.861509943228,0.0557640632693607,0.0999245307470981,2024-12-01,28507.0,bayesian_runlength,False
21,35009.463007417304,41216.93127149268,40734.18721129323,47947.252706298255,0.017433776475672413,0.030537590104982464,2024-12-01,42485.0,bayesian_runlength,False
22,19704.429839496333,23895.63153312561,23023.04446478715,26325.156591760613,0.05466411960520993,0.10440343681416406,2024-12-01,23441.0,bayesian_runlength,False
23,27405.805659844118,32517.815687536215,31995.284152909742,37943.95373906827,0.017314935665054564,0.030471355294230448,2024-12-01,33374.0,bayesian_runlength,False
25,30743.374463715158,36103.85857586599,35865.92639123186,41728.973889615125,0.017587142397013467,0.030720286706367166,2024-12-01,36830.0,bayesian_runlength,False
26,30962.27422000317,36373.263449382444,35836.09678048264,42240.014084071554,0.018925262981053494,0.033337595762274,2024-12-01,37249.0,bayesian_runlength,False
27,30630.15482823517,36047.06396115685,35222.939618095596,41684.540430910216,0.021239337976252718,0.03746116690621857,2024-12-01,36718.0,bayesian_runlength,False
28,28810.838181919295,33515.49208534393,33217.61690307811,39754.45103107972,0.011238841483766948,0.019801441904626967,2024-12-01,35246.0,bayesian_runlength,False
29,31101.81090944587,36369.15705044738,36381.97212446229,42370.135759063436,0.020658726898526793,0.036233096524456554,2024-12-01,37273.0,bayesian_runlength,False
30,17693.42151165088,21226.285029232808,20923.741058490923,24348.604882189626,0.01491677239187956,0.026750759691099798,2024-12-01,22044.0,bayesian_runlength,False
31,19587.51648025175,23356.244058495053,22766.46775985706,26495.247074269253,0.018160089754616405,0.03263911602901161,2024-12-01,24091.0,bayesian_runlength,False
32,20557.44860446049,25032.97081695003,24347.51653270343,28498.024315139646,0.01799007061585601,0.0320353160056189,2024-12-01,25860.0,bayesian_runlength,False
33,18821.12185720225,22939.564635749062,22958.997982312438,26577.096893955695,0.011839847320971722,0.020789117223668448,2024-12-01,23835.0,bayesian_runlength,False
34,16700.722970862924,20031.832095525526,19564.374603289252,21638.654734976113,0.030249322596461587,0.0542199046311374,2024-12-01,19335.0,bayesian_runlength,False
35,20402.41089444245,24039.418461680973,24785.105758881044,28730.319846485854,0.030302223148911775,0.05466105089411841,2024-12-01,25634.0,bayesian_runlength,False
36,19354.315891262188,23469.402843730677,23405.572150534048,26835.690831749136,0.013005836229576151,0.023143800966836162,2024-12-01,24103.0,bayesian_runlength,False
37,18263.67507835857,22442.25461022027,22531.272568660086,25088.4276382842,0.03814899271212779,0.06988348956963676,2024-12-01,22004.0,bayesian_runlength,False
38,28534.049682647266,33963.68679890254,33464.237614497106,39484.694195973,0.009410698581868828,0.016448678001188932,2024-12-01,34976.0,bayesian_runlength,False
39,21585.09432196918,26400.999320867766,26085.70135924839,30436.550593733107,0.018528960151267624,0.033110613215178296,2024-12-01,27313.0,bayesian_runlength,False
40,27788.53611369985,32980.84117712167,32966.95861421795,39011.613797985745,0.01638783924694072,0.02887691632440531,2024-12-01,34137.0,bayesian_runlength,False
41,19241.381417401306,23535.414917458067,23052.506188272928,26515.61032063955,0.016117961266196034,0.02957770490690918,2024-12-01,24010.0,bayesian_runlength,False
42,27460.54188044292,32501.710945223378,32101.74422574081,38534.16298634408,0.014736568476532184,0.026075194425806646,2024-12-01,33604.0,bayesian_runlength,False
43,20139.49797146859,24432.653244830555,24670.44254331469,28359.431789517097,0.015738531514345604,0.028867831907260905,2024-12-01,25457.0,bayesian_runlength,False
44,30410.35687062638,36188.42259424263,35998.463484755215,44103.45070098892,0.014760199539754857,0.026086478652589562,2024-12-01,38174.0,bayesian_runlength,False
45,20117.213288596242,23697.98372090597,23864.197878925766,27337.144601472835,0.03385629121786228,0.06175900623477766,2024-12-01,24615.0,bayesian_runlength,False
46,18807.414694215102,22382.528835167202,21988.5633204694,25254.717960055295,0.030878126067566687,0.056315127787232064,2024-12-01,22953.0,bayesian_runlength,False
47,18894.113874196002,22405.4093576527,22666.80444715027,25548.163909269446,0.04369977273736718,0.07936358169773315,2024-12-01,23203.0,bayesian_runlength,False
48,19340.052727872077,22970.27634746276,22853.676681110283,26210.319380189598,0.013707387159920937,0.023837410170905293,2024-12-01,23697.0,bayesian_runlength,False
49,22563.78361927281,27518.201877002695,26431.810890720113,30959.149745678988,0.00924342918399149,0.016043855705750863,2024-12-01,27879.0,bayesian_runlength,False
50,23138.50824286608,27401.095512769156,27664.06609092012,33256.80687658605,0.01491662527670431,0.026734983984316608,2024-12-01,30039.0,bayesian_runlength,False
51,25729.750570861215,30578.193182028346,29869.690149885944,35067.55402690876,0.013697871574155588,0.024100040903812,2024-12-01,31207.0,bayesian_runlength,False
52,18273.6955546448,22291.183975364544,22275.412957168315,25142.403502318914,0.03246486591975466,0.05853716107849077,2024-12-01,22561.0,bayesian_runlength,False
53,19851.1930468929,24320.72450345126,24440.05642068333,28088.94820586631,0.012832591790731972,0.022849543061919893,2024-12-01,25374.0,bayesian_runlength,False
54,21046.48318730891,25050.185623826612,25986.384490085005,30165.760244369205,0.027295602734202947,0.049835006217934054,2024-12-01,26873.0,bayesian_runlength,False
55,27390.57222828495,32178.789159646883,32664.553149681808,38647.61730078984,0.019386508728397863,0.03448980939575188,2024-12-01,34248.0,bayesian_runlength,False
56,19068.941603725747,22675.508689585924,22660.6663130027,26127.36498600529,0.012064403841791917,0.021257574315222755,2024-12-01,23313.0,bayesian_runlength,False
57,30606.67603119034,36062.82917462693,35205.95690131447,41409.89369623454,0.017890225020863283,0.03120279896917938,2024-12-01,36757.0,bayesian_runlength,False
58,19603.71891060493,23068.62412956871,22437.438363927595,26138.2913627324,0.02516619651169252,0.04550241437902002,2024-12-01,23484.0,bayesian_runlength,False
59,19292.53035953002,22692.037972029444,23106.064166712797,26246.929309029205,0.015893828041984817,0.02838617277246874,2024-12-01,23706.0,bayesian_runlength,False
60,21146.291393058294,25255.64760200238,24870.82901468839,29220.76788641605,0.016980145232259696,0.030921643211439528,2024-12-01,26373.0,bayesian_runlength,False
61,20989.219411539452,24805.24330446608,25007.495689315678,28660.58633221924,0.02396266793443606,0.04325291922903618,2024-12-01,25393.0,bayesian_runlength,False
62,20687.53762700742,25455.083685149955,24646.276993967247,27639.517885087298,0.3085061050813942,0.4642444486455331,2024-12-01,23685.0,bayesian_runlength,False
63,19479.71974031886,23172.61772731426,23291.71280292182,26811.18713877679,0.013823716444382687,0.02467697590358949,2024-12-01,24270.0,bayesian_runlength,False
64,20911.50843382915,22638.066452968123,24031.87158769854,26953.31628560282,,,2024-12-01,24085.0,bayesian_runlength,False
65,18711.834069779776,22886.40749092477,22037.33816093435,25661.70220933256,0.014564884848422215,0.025666077559589374,2024-12-01,23283.0,bayesian_runlength,False
66,29026.497676183826,34216.266332905456,34299.90458817688,40421.64890184889,0.014687041896102626,0.02579824543490795,2024-12-01,35687.0,bayesian_runlength,False
67,21369.790022148933,25659.084987852013,26065.41444634443,30277.660498949033,0.009804457370209997,0.017327846529142987,2024-12-01,27015.0,bayesian_runlength,True
68,18915.69023731275,22233.458000166578,22759.37488916276,26464.50359404963,0.020152072978577417,0.036235645097782675,2024-12-01,23447.0,bayesian_runlength,False
69,19064.01835427033,22717.86545035477,22537.44480778266,25953.288838281052,0.012872016014552158,0.022972330079814144,2024-12-01,23593.0,bayesian_runlength,False
70,20449.437441477483,24735.661808195524,24259.86291438953,28866.075276232794,0.033859860243649446,0.06351681563812771,2024-12-01,25879.0,bayesian_runlength,False
71,21401.170522325527,25674.862562201575,25989.776796854658,29614.85676889134,0.01120502104236344,0.019590897958502763,2024-12-01,26184.0,bayesian_runlength,False
72,16455.712429169078,19526.2679310901,19399.711962693957,22044.11714922604,0.034969936564583665,0.06491773971970964,2024-12-01,19859.0,bayesian_runlength,False
73,30863.310919324478,36714.357104901035,36664.05382301188,42696.504101542305,0.026874102400295127,0.04723330768348759,2024-12-01,37509.0,bayesian_runlength,False
74,20046.72755726821,23845.891242955237,24419.45449376483,28010.23766226906,0.1281878251248392,0.2253033268643808,2024-12-01,25018.0,bayesian_runlength,True
75,28216.123454435583,33248.982271373025,33185.54903590621,38553.96883542589,0.01603529537089704,0.028108363999314556,2024-12-01,34123.0,bayesian_runlength,False
76,33326.77407058771,38923.13105741943,38436.11149479563,46126.804329040235,0.021756734132995406,0.038464159500379735,2024-12-01,40481.0,bayesian_runlength,False
77,29684.181741229397,33941.2022108692,33898.65239892398,39943.704423426614,0.013240308105588244,0.02339041989830337,2024-12-01,35489.0,bayesian_runlength,False
78,16789.15788442762,19961.676321940984,20530.703006518168,22327.781078610045,0.4913383536366433,0.655040371961947,2024-12-01,20222.0,bayesian_runlength,True
79,23678.113036060942,27824.07719545294,28374.07464540131,33123.34216853051,0.01434226107411641,0.025881111134047566,2024-12-01,29788.0,bayesian_runlength,False
80,18782.44035210572,22654.42398687398,22369.48670845219,25088.838018316084,0.02246049993806876,0.03966209864592786,2024-12-01,22527.0,bayesian_runlength,False
81,26366.435897148887,31116.769497901398,31137.116188775773,37189.78052302742,0.01422092110305565,0.025080386422567425,2024-12-01,32888.0,bayesian_runlength,False
82,17087.17241467739,19416.925903388816,19009.376903156386,21924.765664800045,0.05017119199130254,0.09288885433366231,2024-12-01,19858.0,bayesian_runlength,False
83,23471.563797386934,27493.69632362259,26598.028786127183,31380.792090349605,0.01889576705769359,0.03314300051706982,2024-12-01,27654.0,bayesian_runlength,False
107,33419.58492018313,36708.6657078426,36858.552840613396,41485.39222497092,,,2024-12-01,34649.0,bayesian_runlength,False
108,24686.249443005265,27498.325354624394,26202.5241507751,30190.135988550493,,,2024-12-01,26958.0,bayesian_runlength,False
109,18145.495360154502,20366.953538160673,20325.220854115287,22867.357667229022,,,2024-12-01,21156.0,bayesian_runlength,False
111,25491.421863917865,27606.48919325354,26746.14090965662,32352.920494196565,,,2024-12-01,28169.0,bayesian_runlength,False
113,23482.06288570883,26580.869134562527,26216.315135999484,29016.294184243365,,,2024-12-01,25688.0,bayesian_runlength,False
114,24118.956903096456,28184.52774473557,27089.258110244253,30630.976601388244,,,2024-12-01,27316.0,bayesian_runlength,False
116,19026.61274703852,20722.47164161707,20942.989712842533,21594.001641323586,,,2024-12-01,19017.0,bayesian_runlength,False
140,20188.32779583976,21855.166700326,21917.883424061878,24601.44426535782,,,2024-12-01,22618.0,bayesian_runlength,False
167,26410.884074797723,30358.980214362055,30640.860094416254,36013.43783334331,0.04735710331435938,0.08341750044127318,2024-12-01,32016.0,bayesian_runlength,False
168,20464.320536495365,22923.867091424218,23261.969296269737,27236.842647945934,0.03637636223782518,0.06450036127269866,2024-12-01,24522.0,bayesian_runlength,False
169,22285.423178432724,26355.423804072532,26196.58817643512,31301.84929368445,0.017041958433552083,0.03004006736381785,2024-12-01,27883.0,bayesian_runlength,False
173,18914.762250586617,22518.767017781574,22134.42722926563,26462.15071102535,0.018012734894466864,0.03148012993624713,2024-12-01,24011.0,bayesian_runlength,False
174,21908.635987351186,25894.295253234282,25662.426639212994,29837.006944249246,,,2024-12-01,26876.0,bayesian_runlength,False
176,17989.992174536525,20845.83688427579,20990.797222197085,24377.42147545678,,,2024-12-01,22094.0,bayesian_runlength,False
177,19312.672656564526,21904.18337983956,21607.58208880952,24901.824141370496,,,2024-12-01,22450.0,bayesian_runlength,False
179,21303.998676750358,25300.387229088374,25238.650319236483,28942.440394777455,,,2024-12-01,25756.0,bayesian_runlength,False
181,18161.991746057636,21991.97295668135,22736.26589125127,25153.76883283257,0.07933873206641748,0.13628654343616814,2024-12-01,22794.0,bayesian_runlength,True
184,19069.299549140094,23306.0709774316,23788.1180778653,26902.290282741753,0.020259561579247767,0.0362537674590473,2024-12-01,24387.0,bayesian_runlength,True
185,18571.35947128942,21441.171773402162,21523.888345273856,25931.293509204817,0.1367994832544328,0.23259832074340717,2024-12-01,23853.0,bayesian_runlength,False
186,21368.556151481695,25157.961782008137,24854.94428509245,30263.608484462053,,,2024-12-01,28453.0,bayesian_runlength,False
188,19973.11987951833,23134.182705579464,23230.889350559723,26646.919254987497,0.08723163106253275,0.15876421950064828,2024-12-01,23808.0,bayesian_runlength,False
190,21087.072204583375,22675.656641573478,23396.414993269227,26058.586475552736,,,2024-12-01,24128.0,bayesian_runlength,False
191,20237.699621088184,22720.487495546007,23957.283933169725,26831.50198023048,0.44138395137907854,0.6125599356827076,2024-12-01,24343.0,bayesian_runlength,False
192,20843.715682846334,22033.383868673074,21561.63467162101,26558.668467993597,,,2024-12-01,23495.0,bayesian_runlength,False
193,20607.051789466328,22991.211693296595,21813.50497054022,25248.10748999883,,,2024-12-01,23229.0,bayesian_runlength,False
194,25127.341818406887,29325.052354241267,29288.46286855919,35017.11539523961,0.01308444084071332,0.023015593996374113,2024-12-01,31341.0,bayesian_runlength,False
195,20656.666716248714,23755.648389058657,23949.01699681254,28279.491097009908,0.04423314054852658,0.08272429717903991,2024-12-01,25488.0,bayesian_runlength,False
196,23239.216125121427,26280.498766255445,28063.803504477833,31516.76048005493,0.018331759195063937,0.03182116608715017,2024-12-01,28058.0,bayesian_runlength,False
197,19262.509984891618,22555.914918088805,23086.45515609731,27991.09922874948,,,2024-12-01,25027.0,bayesian_runlength,False
198,22106.40658618124,26183.4520117676,25651.831507109437,31354.656842116663,0.016830840378041383,0.03032388774007862,2024-12-01,28232.0,bayesian_runlength,False
200,17391.325691794256,19536.774908475374,19144.985439209206,23271.345803655317,,,2024-12-01,21230.0,bayesian_runlength,False
201,22743.624321946103,26480.189365389157,25548.43366645328,30505.565120826785,0.01545801263463355,0.027092863261280232,2024-12-01,27773.0,bayesian_runlength,False
202,20283.782632584294,23327.918735519008,22999.12143882457,27691.745967070765,,,2024-12-01,25180.0,bayesian_runlength,False
203,22303.366254120363,26394.714532331756,25709.817622436716,30988.011132950465,0.059622313434707336,0.10685921246542811,2024-12-01,28160.0,bayesian_runlength,False
204,19946.954248051366,23381.62702765465,23187.795246375972,27412.322294751244,0.017773065907616695,0.03128595922842039,2024-12-01,24139.0,bayesian_runlength,False
205,19402.491874066698,22775.88713000549,23131.878049136376,27362.479803701644,0.01305707384381146,0.023262818841288314,2024-12-01,24147.0,bayesian_runlength,False
206,41559.454434010055,48900.91809825996,49610.37152973667,58712.8084505819,0.014203076002940648,0.024937807008403395,2024-12-01,51653.0,bayesian_runlength,False
207,40620.24394861159,49571.48681034463,50258.56568469783,55000.05631337062,0.013557055876342615,0.023891567344849853,2024-12-01,49397.0,bayesian_runlength,False
208,32319.2314207729,39295.800412675126,39543.746853264514,45152.233116049545,0.00914727820784007,0.016132415032194498,2024-12-01,40784.0,bayesian_runlength,False
209,34287.598886091466,41331.337344104795,42166.365155968146,48148.550949109434,0.02638871100076735,0.04810105976541125,2024-12-01,43152.0,bayesian_runlength,False
210,29741.727204084717,35988.556445442344,35796.71030535521,41296.759006106324,0.022470971779489337,0.04131024336255152,2024-12-01,37372.0,bayesian_runlength,False
211,28436.958227518393,34068.31482937276,34144.418291714646,38567.91503059352,0.01509153647976325,0.026372957450007308,2024-12-01,34658.0,bayesian_runlength,False
212,31891.506252858137,38386.40596973039,40007.59302475484,45494.079478867825,0.016704637292259593,0.02936045636890405,2024-12-01,40564.0,bayesian_runlength,False
213,34194.59505220489,41292.86636009123,42424.07284826876,48595.385951690376,0.010405705287723213,0.018336141798244027,2024-12-01,43744.0,bayesian_runlength,False
214,30267.11359311573,36051.366875935775,36853.019352343064,42325.54393705852,0.01562648619636528,0.027757119473417028,2024-12-01,38049.0,bayesian_runlength,False
215,30129.169750153633,36975.89377647443,38320.56823477969,43032.529906564014,0.026543870337560192,0.04808346589865628,2024-12-01,39114.0,bayesian_runlength,False
216,27406.63970053028,33386.11528283475,33372.37180821566,38264.574821063674,0.02118864314583771,0.03775694537856412,2024-12-01,34280.0,bayesian_runlength,False
217,31462.26701170909,37295.37720990561,38151.17991284156,43535.50568974688,0.01649650001123891,0.029410742099236026,2024-12-01,38856.0,bayesian_runlength,False
218,35237.972420605794,43965.78566252405,45461.373550602155,47459.838403813395,0.06736902140460944,0.12172519065636249,2024-12-01,42350.0,bayesian_runlength,False
219,24200.23440416675,30092.50868854958,30513.318684340957,34225.31616536975,0.05441540525938942,0.09814499666476804,2024-12-01,31326.0,bayesian_runlength,False
220,27541.81507776434,33331.247482764,34624.10948975545,39276.10594161693,0.017727237263942052,0.03156420325807935,2024-12-01,35649.0,bayesian_runlength,False
221,32123.592151413824,38970.80197717423,39454.35368731003,43927.73556607908,0.023948301291373677,0.042517590783723976,2024-12-01,39529.0,bayesian_runlength,False
222,38662.8791583662,45069.733644253116,46551.745164527,56192.08039633918,0.0135741886786546,0.02387227251677609,2024-12-01,48791.0,bayesian_runlength,False
223,27599.7045170181,33589.948990869314,33934.465897670365,38385.36075175059,0.03388324721484089,0.06216306764137326,2024-12-01,34316.0,bayesian_runlength,False
224,36755.46353074503,43679.712488589226,44380.45214245047,51574.19019579749,0.009763749707980836,0.017111493204864645,2024-12-01,45815.0,bayesian_runlength,False
225,42333.91873759944,50509.07198867935,53864.82729125803,57567.88345750197,0.01700178734308146,0.029885742373995283,2024-12-01,51020.0,bayesian_runlength,False
226,29604.53212692255,34763.18095688574,36364.387736055316,40633.796332980986,0.04992821835343541,0.08972825853124193,2024-12-01,37060.0,bayesian_runlength,False
227,37276.96406033023,45145.069218517085,46221.79676379563,51847.474356030005,0.05068685511182791,0.08965505123834071,2024-12-01,45538.0,bayesian_runlength,False
228,38731.34868801785,45634.46004592938,47772.47178775341,51993.4738652333,0.032494236657268874,0.058073381332968986,2024-12-01,46163.0,bayesian_runlength,False
229,37035.14478260077,44057.32681897276,45629.8369641307,51408.99976065123,0.00939123309700971,0.016294886290946584,2024-12-01,45666.0,bayesian_runlength,False
230,26263.851866683668,31923.505310693352,32639.758253826167,37982.87493039981,0.09638812101186146,0.1693374041447788,2024-12-01,35160.0,bayesian_runlength,False
231,28545.140994451194,34181.725457560424,34925.35270822371,39753.11288245302,0.015567840225157897,0.027686305410590754,2024-12-01,35823.0,bayesian_runlength,False
232,22724.45669408363,28121.419700037157,28631.36070458099,32801.88190886155,0.03153914051580459,0.05625122040817664,2024-12-01,29132.0,bayesian_runlength,False
233,21306.38649477571,25721.146018238447,25818.388185106298,30477.300401894026,0.1074230649842435,0.19817200047962075,2024-12-01,27473.0,bayesian_runlength,False
234,35180.02130840226,42482.479396828,43328.78275269843,48333.286501320705,0.014711282647364612,0.025755242810865595,2024-12-01,43178.0,bayesian_runlength,False
235,21683.523309215754,26947.42370558204,27042.006429927307,30631.00713800501,0.027944964795184924,0.050725699996658345,2024-12-01,27422.0,bayesian_runlength,False
236,30073.516552422774,36006.43179299406,36504.73383681244,41174.286505719654,0.024660832066971353,0.04353863487357548,2024-12-01,36867.0,bayesian_runlength,False
237,29799.651618026986,34838.15537354085,35315.76448080396,40917.85042547692,0.01811576744876574,0.03300144697227632,2024-12-01,36861.0,bayesian_runlength,False
238,22157.896424843377,27283.388983847526,27741.695631922423,31331.142708752064,0.026226133367769654,0.04953802169275987,2024-12-01,28318.0,bayesian_runlength,False
239,27531.547739639398,33650.918177204,33918.74198185303,38054.77307813824,0.02519469629850425,0.04568384685427144,2024-12-01,34191.0,bayesian_runlength,False
240,28002.180193940054,33477.960766064265,34174.94008062759,38437.69212276996,0.015493271742713354,0.027650353471802187,2024-12-01,34507.0,bayesian_runlength,False
241,27286.141567652165,33327.75032605044,34000.86278246553,37208.98650796525,0.0534277627579886,0.0931837872723135,2024-12-01,32893.0,bayesian_runlength,False
242,21954.867207818144,26941.05587505694,28037.23748984793,31561.058191194126,0.009858307674523016,0.017485575319977877,2024-12-01,28147.0,bayesian_runlength,False
243,25402.345442380807,32432.88177628208,30851.125981954083,34949.301770022175,0.20237127610983222,0.3395535238556428,2024-12-01,31339.0,bayesian_runlength,False
269,30256.256205366513,35586.02421589855,35341.23907876725,42792.289201629465,0.02084097813335049,0.03689307328463183,2024-12-01,37090.0,bayesian_runlength,False
270,25411.75594742362,29829.224521332864,29574.04698120631,34844.02886791143,0.02243689138570574,0.03966389248674773,2024-12-01,30975.0,bayesian_runlength,False
271,23339.799670947243,27937.641808961933,27425.298679727806,32248.80202600694,0.01635766578954784,0.028948600323316535,2024-12-01,28724.0,bayesian_runlength,False
272,19926.153183923354,24031.866981760242,23715.03291525955,27565.818192032413,0.038551098435844006,0.06815784133788566,2024-12-01,24648.0,bayesian_runlength,False
273,17993.226226834813,20970.93907805608,21421.19756659482,24741.521607462557,0.02045025467656476,0.03623024819571583,2024-12-01,22107.0,bayesian_runlength,False
274,22805.813802345267,27052.97788920035,27162.49848126258,30976.428248643148,0.01857914017027482,0.03262401471508692,2024-12-01,27771.0,bayesian_runlength,False
275,19079.540913675864,22947.9633419221,23548.698011960394,26098.693155661367,0.021981281360188697,0.039277341751759856,2024-12-01,23755.0,bayesian_runlength,False
276,17293.513789377994,20729.03208700467,21660.033652719103,24563.749557820316,0.032606464491903304,0.05989704000249993,2024-12-01,22221.0,bayesian_runlength,False
277,17230.558745311562,20622.827039179894,20734.59384693909,24208.44351094559,0.020618811657109166,0.03688697103663429,2024-12-01,21784.0,bayesian_runlength,False
278,30683.91871084802,36505.8183093719,36368.78391883677,44012.037230734604,0.0200371041410979,0.035431067940100036,2024-12-01,37837.0,bayesian_runlength,False
279,16492.367873898504,19251.907259771382,19618.10485873588,22054.085009718467,0.014546573924814638,0.025510241800959284,2024-12-01,20065.0,bayesian_runlength,False
280,17811.71747390817,21805.954608939966,21434.205288767327,24821.950879580203,0.024504676953796906,0.04385456134444861,2024-12-01,22732.0,bayesian_runlength,False
281,18178.82292281929,21793.733720452554,21288.887318276586,23713.312375712638,0.028061416348544213,0.05059321970872779,2024-12-01,21440.0,bayesian_runlength,False
282,16426.02310077568,19996.459740884624,20298.018547289386,22729.02967445738,0.022110459403087757,0.04015393657297154,2024-12-01,20333.0,bayesian_runlength,False
283,19817.234058045065,23813.493095792088,24172.358327071874,27388.081698502625,0.02116360372722537,0.0372295376130842,2024-12-01,24240.0,bayesian_runlength,False
284,19264.691664903094,23361.39759550969,23356.695848320902,26246.842988514112,0.01705568620367672,0.0306086929287998,2024-12-01,23945.0,bayesian_runlength,False
285,18047.363461870642,22006.549598879457,22134.3153549885,25799.879097748097,0.048427341156612264,0.08911191333167959,2024-12-01,23048.0,bayesian_runlength,False
286,32091.477959935226,37588.123192196304,37299.45764408923,43182.890050948605,,,2024-12-01,36748.0,bayesian_runlength,False
287,16463.166710313373,19875.423464620355,19999.720589922323,23789.51729730607,0.029066769806265314,0.052710277879800496,2024-12-01,21582.0,bayesian_runlength,False
288,18159.468667247784,21973.14340590502,22393.896435209903,25480.829990714832,0.03209331002753929,0.05836193679742386,2024-12-01,22627.0,bayesian_runlength,False
289,18612.922452197246,22597.522015043745,22674.130883065212,26274.059963487118,0.012019646248731053,0.021233490558828557,2024-12-01,23688.0,bayesian_runlength,False
290,16405.4402792724,19585.758251546147,20335.42138260338,22164.595597441454,0.02569762307416138,0.04538458646492241,2024-12-01,19869.0,bayesian_runlength,False
291,18158.732863229787,20303.1609976964,22016.220817572463,26084.721676605313,,,2024-12-01,23465.0,bayesian_runlength,False
292,15758.741879537818,19813.472387066588,19439.57195350759,23010.359471636817,0.015166258628920553,0.026965802690793916,2024-12-01,20664.0,bayesian_runlength,False
293,19100.68895139396,22340.713237008633,22379.501025563477,26792.29116194607,0.026232556455728463,0.04920770331287278,2024-12-01,24275.0,bayesian_runlength,False
294,22510.276712453193,26765.546114995173,26972.10832230269,32278.028401042327,0.025798529182852158,0.04706259645275429,2024-12-01,29031.0,bayesian_runlength,False
295,20592.688161607177,24887.022590131168,25035.170371642558,29435.579714748266,0.027420284029471186,0.048962618869200586,2024-12-01,26084.0,bayesian_runlength,False
296,20590.809388689893,24994.159005113353,25531.9544372437,29621.242191779667,0.012041489013829938,0.021459296850090404,2024-12-01,26220.0,bayesian_runlength,False
297,20589.7606044947,26408.934362722714,24753.79610153739,30214.387101794207,0.02234665575396869,0.04048351580421769,2024-12-01,26858.0,bayesian_runlength,False
298,21744.0291832106,26055.678861876404,26314.420040055473,30673.72658766194,0.01461986651185592,0.025778418925323114,2024-12-01,27377.0,bayesian_runlength,False
300,19434.95156928587,23634.46342199299,23900.98248100773,27850.11772188401,0.01924589397327831,0.03391390251631029,2024-12-01,25064.0,bayesian_runlength,False
301,26816.744673847723,31868.59830248698,32682.44046841131,38500.11244559537,0.008679657697785273,0.015290200031428256,2024-12-01,34049.0,bayesian_runlength,False
302,18492.75868863333,21665.061336610415,22345.571354988162,24631.530478089775,0.06697784026839856,0.1154107466754242,2024-12-01,21599.0,bayesian_runlength,True
303,25705.09180011876,30540.965741753374,30287.22515412967,36883.02441597931,0.024494548380849773,0.043367038141327745,2024-12-01,33296.0,bayesian_runlength,False
304,15680.336906117842,19999.840866843402,19940.48687842131,21911.85587241855,0.37887852871589794,0.5580796544670134,2024-12-01,18960.0,bayesian_runlength,False
305,19404.394953969935,23039.78375800045,23094.21959046131,27274.752502656112,0.009371921329940943,0.016620285837041872,2024-12-01,24746.0,bayesian_runlength,False
306,17687.64501523785,22242.7755436317,21747.92312493105,26604.62706392532,0.07052496758751699,0.13035337174865003,2024-12-01,24402.0,bayesian_runlength,False
307,22658.998213577972,27157.746111781904,27260.13787685547,32527.92277460866,0.014644739679556273,0.02575169360483359,2024-12-01,29540.0,bayesian_runlength,False
308,22807.3672656021,27828.916706087046,28095.738821720734,32223.923392482044,0.022722278826511698,0.04018237247320812,2024-12-01,28469.0,bayesian_runlength,False
309,44504.24254316622,54099.813628990494,55378.6276226344,66293.35201012222,0.08221362128766804,0.14520787848122624,2024-12-01,60891.0,bayesian_runlength,False
311,42516.79559435228,52660.49571488118,55468.256595212144,61905.89209883782,,,2024-12-01,56054.0,bayesian_runlength,False
312,43014.51504827174,51606.742649066466,54328.90486177192,62309.79817242523,0.017079739412307376,0.030469554283893866,2024-12-01,55604.0,bayesian_runlength,False
314,28486.793236630103,35330.99252761281,38168.253758500185,44962.93369028435,0.34965909211856894,0.5206919681548066,2024-12-01,42147.0,bayesian_runlength,False
315,41053.09663071717,52348.38054973977,54984.99829568234,65964.27824660558,,,2024-12-01,63334.0,bayesian_runlength,False
316,45099.926670830464,54516.01175219867,59402.45224491255,65984.10762918102,0.837020250457607,0.9190226108847734,2024-12-01,61696.0,bayesian_runlength,True
317,27580.08461259293,35236.26232680105,37343.2338231826,43542.946279773954,0.28789556427445595,0.4470947366673096,2024-12-01,40588.0,bayesian_runlength,False
318,44727.67447153137,59271.42562085002,59580.14627983855,69861.6951103795,0.3642068280014668,0.5478437338483463,2024-12-01,65393.0,bayesian_runlength,False
319,38263.8350433748,46743.208219921,51516.7940428039,58000.00874451932,0.33220831337042306,0.5052264770005536,2024-12-01,52977.0,bayesian_runlength,False
320,28490.471318482872,35451.86540108166,36498.87873641981,44572.21358840389,0.4070755663029278,0.5809231224019259,2024-12-01,43057.0,bayesian_runlength,False
321,24595.11305498436,30169.151434838146,30899.59439761944,36072.50707904895,0.0641608701222801,0.11663056320855979,2024-12-01,33847.0,bayesian_runlength,False
323,32020.977432786312,40120.833127227466,40711.97348911678,50755.444747173235,0.6842496481055799,0.8224758797100731,2024-12-01,47083.0,bayesian_runlength,False
324,30464.77380733845,36816.79577758098,39256.49188459635,45021.873402472076,0.40072748764990984,0.5750446993600581,2024-12-01,42232.0,bayesian_runlength,False
325,43177.442862818905,51398.56511261679,54141.00486127439,61972.7623466245,0.015084609695690159,0.027119774914605748,2024-12-01,54311.0,bayesian_runlength,False
326,30160.27697327725,37206.09954943803,38736.73708658858,45909.68603187138,0.23270608919525076,0.37079554633825546,2024-12-01,42726.0,bayesian_runlength,False
327,42519.942130438474,49173.91570552683,52019.241797773444,58021.75649033695,0.016870410825141683,0.03021296423246054,2024-12-01,51869.0,bayesian_runlength,False
329,28925.31082369545,35363.651131624065,37056.840110017445,43403.54684659161,0.6863137573617383,0.8218671986809418,2024-12-01,42813.0,bayesian_runlength,False
330,44130.71688533695,52501.22313999533,54794.33330659711,60690.43861366801,0.011526382010244932,0.020107867369163646,2024-12-01,54028.0,bayesian_runlength,True
331,48175.538630228686,60023.04756830961,64865.97642295898,76948.17712361843,0.7914602028826467,0.8913640050242986,2024-12-01,72705.0,bayesian_runlength,False
332,50797.86671652256,56924.56772733748,62078.86070671522,75823.03234402271,0.03193271806271376,0.05957732451430958,2024-12-01,68048.0,bayesian_runlength,False
333,40025.57652339731,49011.84000816282,51291.18457089685,59710.37558962496,0.14932195443259288,0.25493632298786795,2024-12-01,54725.0,bayesian_runlength,False
334,41331.7457557076,47371.70250606127,54553.233950599846,57288.36300934571,0.0662414939068444,0.12174493712193564,2024-12-01,52704.0,bayesian_runlength,False
335,36862.46118547263,45293.053205631266,48592.36302672926,56366.90703510999,0.8169816867803478,0.907315608866131,2024-12-01,52365.0,bayesian_runlength,False
336,30440.734427635238,37240.9412172452,39060.444457392514,46533.251135856335,0.7189207956208805,0.8438843274374029,2024-12-01,44231.0,bayesian_runlength,False
337,25040.695239361372,31414.725256451376,33330.049273319775,37104.87677446368,0.4418538939993863,0.6237386415500418,2024-12-01,34005.0,bayesian_runlength,False
338,37094.43592000137,46471.03510341677,47945.926082394224,58040.66616551838,0.3540940838014727,0.5261150896082785,2024-12-01,53868.0,bayesian_runlength,False
339,24132.189881363363,30266.59529994044,31548.99225288229,36323.42747351603,0.538529291405391,0.709445290425813,2024-12-01,34546.0,bayesian_runlength,False
340,40182.18910285833,47438.98748111305,47493.17210044938,62136.36185373465,0.6465610479959149,0.809078601036052,2024-12-01,58947.0,bayesian_runlength,False
341,44427.3946946974,55747.56127521966,59407.993796278155,70165.0660598693,0.5735494427892252,0.7457357882474706,2024-12-01,64626.0,bayesian_runlength,False
342,28670.560809419614,34828.18228812681,36309.317066770614,40836.87931326659,0.07162247789267161,0.12778516982073232,2024-12-01,38102.0,bayesian_runlength,False
343,26239.412636379064,33012.47694077038,34577.09946209915,41307.93971694207,0.6023251668671292,0.7597520848735108,2024-12-01,39585.0,bayesian_runlength,False
345,31533.392040444753,36309.18028292548,36575.23211203466,43485.58455168373,0.015169904446288037,0.026607329824594177,2024-12-01,38849.0,bayesian_runlength,False
346,24700.023699647216,28443.108854633963,27757.55443655704,33137.86315825312,0.016274147005559417,0.029529710049832444,2024-12-01,30127.0,bayesian_runlength,False
347,22232.46138046948,26224.896429437096,26911.104524045742,30444.777875137654,0.061629069548437686,0.10880159902994085,2024-12-01,27779.0,bayesian_runlength,False
348,23380.21412932669,26520.569647565924,27738.981803946546,33133.34661692978,0.04506384416497385,0.08334100495303434,2024-12-01,29696.0,bayesian_runlength,False
349,19562.162297733023,23921.6532326148,24784.5602708119,27600.744949293396,0.0977364233702598,0.17692097474553495,2024-12-01,25099.0,bayesian_runlength,False
351,25576.355432060547,30045.569198720586,30188.62151695025,36246.91914675607,0.00886644847084042,0.015560069339840365,2024-12-01,32458.0,bayesian_runlength,False
352,23940.304443357498,26868.819376744876,28019.67626854698,32047.551695494916,0.034537788360100914,0.06186576179098113,2024-12-01,28993.0,bayesian_runlength,False
353,25299.01043423819,29102.074059263592,29709.878808712652,35886.07385595653,,,2024-12-01,32175.0,bayesian_runlength,False
354,36951.345454271686,43106.62880195071,43088.03279214056,50796.21131771861,0.016541331549023652,0.028983004044358225,2024-12-01,44813.0,bayesian_runlength,False
355,33622.94601078228,39136.14680696532,39004.03503449294,46093.64007368259,0.01836818620484892,0.032203751364955895,2024-12-01,40376.0,bayesian_runlength,False
356,20696.13637486809,24347.778413471955,24658.7608499981,28853.583511936456,0.034245568093544836,0.06068627200416499,2024-12-01,25553.0,bayesian_runlength,False
357,23102.07786414905,26934.933204800098,26160.69437363226,30330.75231597441,0.024410657188329687,0.04260231371853485,2024-12-01,27017.0,bayesian_runlength,False
358,17515.19049737045,20817.635640013403,21216.226140962066,23855.064053725553,0.050721906353343234,0.09045095463064629,2024-12-01,21197.0,bayesian_runlength,False
359,17338.103317086712,20484.993314797663,21439.6824641119,23125.691647280117,0.028106167178347567,0.04951464836712594,2024-12-01,20710.0,bayesian_runlength,False
360,21853.68118763803,26656.460297620884,26791.228712907046,30593.79291437506,0.016472285085411906,0.029425822668616004,2024-12-01,27779.0,bayesian_runlength,False
361,18612.98001711414,21918.65743618906,21343.412145208316,24901.260938248495,0.017390887782861006,0.030954903249829774,2024-12-01,22674.0,bayesian_runlength,False
362,32188.198954068677,37321.70416055444,37069.61394337366,43488.34056923254,0.016006675217614653,0.02814665657977248,2024-12-01,38329.0,bayesian_runlength,False
363,16671.11382879903,19879.730672685342,19682.249438933857,23161.77187205681,0.020030687551402915,0.03684709597845251,2024-12-01,20563.0,bayesian_runlength,False
364,19561.41050002396,23157.17362429922,23320.80108469616,27272.720726559524,0.030324416988599837,0.05345062919399208,2024-12-01,24147.0,bayesian_runlength,False
365,16663.482040259456,18767.441374041882,19455.89955820565,21683.52850604497,0.26475344890196684,0.41027845008458363,2024-12-01,19191.0,bayesian_runlength,False
366,20365.771315924827,23767.99755423459,23436.807011272125,26397.10744485084,0.017504959153751345,0.031040263412323334,2024-12-01,24031.0,bayesian_runlength,False
367,17990.18971413584,21352.18646906876,21712.03675002459,24540.930835069288,0.018593835179812127,0.03340838350641816,2024-12-01,22015.0,bayesian_runlength,False
368,28767.951780176998,33965.707947871866,33846.7604815738,39762.75432790726,0.019045928971817914,0.03349335025789567,2024-12-01,34989.0,bayesian_runlength,False
369,19908.239369457173,24177.55469930681,24180.839015005797,28074.472573758514,0.015763823596195537,0.027893350670438823,2024-12-01,24997.0,bayesian_runlength,False
370,24109.100575366312,29196.05135040074,28135.05508838513,31254.695500027818,0.2676773947524554,0.4120185722330934,2024-12-01,27947.0,bayesian_runlength,True
371,27998.64396256706,33091.930732508605,33330.94681306469,38726.43883124056,0.03248728707171316,0.05718973950093398,2024-12-01,34046.0,bayesian_runlength,False
372,16311.814332060747,19445.79184050007,19154.034048900256,22271.108664970758,0.03803916487565385,0.06808886205274192,2024-12-01,19973.0,bayesian_runlength,False
373,31917.237774649,37379.52393020172,37319.57922031159,44587.270296486284,0.015400196197014698,0.027077566693091876,2024-12-01,38854.0,bayesian_runlength,False
374,25414.834802095564,30136.495862131873,30189.872306416968,34930.82446491646,0.04290742594300118,0.0754697369488933,2024-12-01,30496.0,bayesian_runlength,False
375,31493.439055056486,36804.437897120835,37101.33092442948,43769.80559428226,0.014390926102683173,0.025090515559730294,2024-12-01,38613.0,bayesian_runlength,False
376,16444.620706542697,19184.043615903014,18258.553654270883,21886.286754236622,0.02531586755385388,0.045483819347730534,2024-12-01,20072.0,bayesian_runlength,False
377,20282.096127624227,23901.34536521363,24471.756468478896,26992.618400068826,0.017255536063865713,0.030306915919631267,2024-12-01,24243.0,bayesian_runlength,False
378,19241.919108058184,22536.471055934,22394.13239490961,25550.867569581707,0.030527939204144528,0.054907806537631984,2024-12-01,22728.0,bayesian_runlength,False
379,34045.58132815067,39812.46082813192,40012.83537950001,47585.01736736789,0.014846849733627787,0.026091834232348073,2024-12-01,41686.0,bayesian_runlength,False
380,28544.784990602442,33433.24153642926,33276.99285183842,38320.74974108098,0.025282014839172678,0.04501802579920646,2024-12-01,33861.0,bayesian_runlength,False
381,19323.24337681081,23023.8511516965,22873.19292850764,26178.781902928953,0.01940648554777624,0.03371259291957249,2024-12-01,23442.0,bayesian_runlength,True
382,22187.729520732802,26297.187454391373,25918.85708894951,28973.58249325985,0.036722319893660794,0.06536291287815287,2024-12-01,25590.0,bayesian_runlength,False
383,20804.83530456446,24519.779634485833,24469.20550526671,27833.214656539196,0.01584572954115946,0.02770231868749506,2024-12-01,25252.0,bayesian_runlength,True
384,17405.529125281893,20546.034205395365,20850.218533803836,23527.196238179342,0.059845939646063724,0.10765833809376536,2024-12-01,21030.0,bayesian_runlength,False
385,30254.321925073313,35007.616161386504,34849.8729011523,40735.52148471101,0.017999067839445597,0.03166495359217431,2024-12-01,35971.0,bayesian_runlength,False
386,19932.479901930823,23867.5623621863,23276.72697964829,27384.85758545578,0.01730932544883163,0.03155938658164368,2024-12-01,24884.0,bayesian_runlength,False
387,22733.101148922713,26975.27627238747,27160.45433663275,31520.231694154794,0.02481366000446904,0.043720049422694945,2024-12-01,27926.0,bayesian_runlength,False
388,26777.55531953122,30877.811645294154,31097.82781668941,34721.085890208975,0.018901306827373354,0.033005495211732114,2024-12-01,31624.0,bayesian_runlength,False
389,17697.45856965697,21594.92665532445,21584.779118784445,25619.830221959433,,,2024-12-01,22665.0,bayesian_runlength,False
390,19294.205840859562,22088.18773760055,22148.672305171403,25622.596138363297,0.03464331495854801,0.06171819293240494,2024-12-01,22859.0,bayesian_runlength,False
391,18299.952747488565,20916.663413422055,20393.258349169115,24158.426701282166,0.019675883591354443,0.035309924748194624,2024-12-01,22402.0,bayesian_runlength,False
392,21970.082194764615,25912.60077661942,26278.36129082836,31197.265914705895,0.02011384230107998,0.03638207954494347,2024-12-01,27565.0,bayesian_runlength,False
393,19594.246761697577,23545.88779502801,23386.207302198356,27661.64621189239,0.02246420695292538,0.04125609643312883,2024-12-01,24566.0,bayesian_runlength,False
395,15075.081842952393,18740.81195663027,19682.139146905156,20981.454982483774,0.09000213497387836,0.15659905800770532,2024-12-01,18516.0,bayesian_runlength,False
396,17766.48119232047,20563.677876491725,21049.310476066603,23674.526628743715,0.08613098215536164,0.15324858850037773,2024-12-01,20887.0,bayesian_runlength,False
397,25923.85720671498,30531.702084886634,30895.42987148013,36140.773937476566,0.015314411416626731,0.026904479246625975,2024-12-01,31952.0,bayesian_runlength,False
398,18712.193491451995,22295.015595439814,22218.12653027489,25105.06196723553,0.022264204607427625,0.039673016766808504,2024-12-01,22646.0,bayesian_runlength,False
401,17207.283900214014,21805.34438926122,21657.871106012935,25301.468917349972,0.7634327276574336,0.8756559890544906,2024-12-01,24031.0,bayesian_runlength,False
402,17914.39419797575,23894.158439175168,23342.93023732951,27023.13498486749,0.11515602539597752,0.204676542404603,2024-12-01,24404.0,bayesian_runlength,False
403,17599.637469867957,22321.319979189975,23863.47940977045,26189.142708173684,0.08082844305217893,0.1491143386265361,2024-12-01,23844.0,bayesian_runlength,False
404,22019.215811871145,27088.189172030972,27579.62654019245,33390.53532662581,0.03576447560141695,0.06478501476889006,2024-12-01,29551.0,bayesian_runlength,False
405,27507.136118399307,33800.7058797145,36111.312529770774,41994.40476262509,0.017737825830308786,0.031491713111195974,2024-12-01,37642.0,bayesian_runlength,False
408,21550.994972891192,26350.790867682856,28258.55382190707,34897.964593159326,0.8097579513520914,0.8958906686884017,2024-12-01,32497.0,bayesian_runlength,False
409,19467.627479611387,25304.495447868874,25639.833677802722,29293.04496207825,,,2024-12-01,26039.0,bayesian_runlength,False
410,25822.594116498338,32021.492787840256,32070.25902259384,38950.40266747673,0.07285278456562877,0.13005828431252608,2024-12-01,34776.0,bayesian_runlength,False
413,27861.82626649483,35760.578590266734,36257.841677365854,43886.17094474713,0.5849450794641076,0.7479782418981544,2024-12-01,39586.0,bayesian_runlength,False
414,21188.849098493818,25397.809066439226,27632.21599484546,31561.129477216655,0.049528179716123305,0.0899550710890077,2024-12-01,28958.0,bayesian_runlength,False
416,21953.98235177337,28878.602304899145,28137.297485132956,32938.57173701925,0.04856453090423192,0.08815281187276419,2024-12-01,29999.0,bayesian_runlength,False
417,22069.214205412434,23830.025855384807,23931.59378700309,28987.93311708285,,,2024-12-01,27187.0,bayesian_runlength,False
418,34138.84149298814,40681.659219413974,40814.90152177568,48657.2997834743,0.01854174008442121,0.03270273265084108,2024-12-01,42282.0,bayesian_runlength,False
419,30898.823836578944,36831.27693311703,36943.65519244191,43326.94333056259,0.019168717090811152,0.033934836554286286,2024-12-01,38036.0,bayesian_runlength,False
420,28089.83522080857,33646.563154536365,34148.06904234997,40724.25950162539,0.015897288702732656,0.027951118101510186,2024-12-01,35113.0,bayesian_runlength,False
421,25250.923487454762,30179.45981755514,30510.27887746198,36589.32656843174,0.015027173868525213,0.02650236916375551,2024-12-01,31393.0,bayesian_runlength,False
422,30350.80210923135,36596.12277236879,36951.31227174601,42861.051535447536,0.021479981919995398,0.03785756408695854,2024-12-01,37269.0,bayesian_runlength,False
423,19381.276883691793,23741.42792969273,23662.51589872888,27891.148599478875,0.017297817219161894,0.031229885015488457,2024-12-01,24711.0,bayesian_runlength,False
424,18210.410488594724,22852.86337952468,23269.720006250773,25897.93679552283,0.019302240282216186,0.03453721734799727,2024-12-01,23119.0,bayesian_runlength,False
425,20897.677749433635,25677.506604008217,25827.186550524642,29200.10819532975,0.02198753276610063,0.03954279794902829,2024-12-01,25957.0,bayesian_runlength,False
428,20396.95854176639,24695.345381381947,24925.9121602008,28427.51855634496,0.02862218640787052,0.050732447422216,2024-12-01,25198.0,bayesian_runlength,False
429,19997.539870532983,25046.071666849708,25513.49366305529,28982.94061044381,0.010961959001481732,0.019265704543427714,2024-12-01,25011.0,bayesian_runlength,False
430,32844.163621429936,39329.225197024774,39676.830686756606,46860.80379471668,0.022841165524316497,0.040406937647458764,2024-12-01,40753.0,bayesian_runlength,False
431,21606.465808856577,26091.030174453543,26349.92467493302,30123.183439475135,0.014593432917742557,0.02591687412726895,2024-12-01,26680.0,bayesian_runlength,False
432,21777.65597456642,26799.715955469615,27561.26984746226,31427.830473515787,0.03372494858054533,0.06101552379052692,2024-12-01,28334.0,bayesian_runlength,False
433,18888.976928061456,22595.220971077582,21145.98839852686,24746.686231201533,0.14217909415505223,0.2421815382878229,2024-12-01,21711.0,bayesian_runlength,False
434,19167.348697854195,23155.5416609614,23844.38012459744,27224.14177858333,0.07488671144237395,0.13133435586090486,2024-12-01,24037.0,bayesian_runlength,False
435,20667.547869829126,25650.320811639016,26058.366062770547,30059.810324241993,0.020702760590905315,0.03646590108137886,2024-12-01,26938.0,bayesian_runlength,False
436,18126.60379551888,21922.928783692558,22432.260610681657,25750.77122691011,0.05017409541090929,0.08828061808366953,2024-12-01,22407.0,bayesian_runlength,False
437,18273.327427858145,22656.85056283967,23281.093728480377,25779.431995493087,0.0144313450721176,0.025656908576069046,2024-12-01,23059.0,bayesian_runlength,False
438,19535.648193042183,23362.41825515341,23574.070630596943,28088.91791509283,0.048665199561973654,0.08608370495048717,2024-12-01,24718.0,bayesian_runlength,False
440,23693.275038975557,28382.51827582888,27621.311443434974,33253.836014710774,0.056834305771105896,0.10176748614142982,2024-12-01,29325.0,bayesian_runlength,False
441,20005.599313423172,24701.712779099253,25094.486986821765,28858.219411172377,0.022412554671643527,0.04158677569171609,2024-12-01,25665.0,bayesian_runlength,False
442,19286.585485949538,24192.684593073227,24665.89165682527,27967.394165922407,0.012547088894710368,0.0225086152919,2024-12-01,25098.0,bayesian_runlength,False
443,24045.017127865744,29108.862119316105,29877.965320179934,36246.60369572599,0.013801384098178736,0.02458835799917146,2024-12-01,31443.0,bayesian_runlength,False
444,18957.59522404647,23151.286181211533,23654.15453814857,26891.63997418402,0.018048513008719763,0.032382492750564054,2024-12-01,24041.0,bayesian_runlength,False
445,17958.38548917846,21992.074412855163,22869.081049579767,25282.19129571809,0.014405603200665855,0.025640830441796686,2024-12-01,22410.0,bayesian_runlength,False
446,20612.91138584539,24604.658930390495,25100.29478131026,29536.4110321088,0.01543404542011161,0.027573063853246968,2024-12-01,26514.0,bayesian_runlength,False
447,16976.94268394985,20987.344329709922,21521.47886460304,23478.85763300014,0.034999499833946957,0.0639864975619635,2024-12-01,20762.0,bayesian_runlength,False
448,31543.83349522314,37969.757168793476,37985.662107845215,44652.280998137096,0.008377149570907712,0.014622532235762016,2024-12-01,40040.0,bayesian_runlength,False
449,25063.144481543903,31111.305816903117,31124.727549736574,36174.25601305807,0.018468734460857495,0.03314218428604474,2024-12-01,32768.0,bayesian_runlength,False
450,30392.972092216038,36026.10922403394,35287.4985090953,41383.84031572641,0.016362780598618135,0.029362712611097515,2024-12-01,37258.0,bayesian_runlength,False
451,28462.853256794926,33439.93709336753,33026.0802181365,40504.58324741887,0.017785635220107655,0.03274784427078289,2024-12-01,36070.0,bayesian_runlength,True
452,29135.019798842208,35137.12061872167,35119.29253983457,41799.43010877551,0.009036345810313982,0.015905140280889695,2024-12-01,37386.0,bayesian_runlength,False
453,24407.676203698644,28355.47441670068,28668.241439031564,33764.22930627622,0.012525339217059202,0.02268047853308893,2024-12-01,30877.0,bayesian_runlength,False
455,27894.987173711314,33555.62950764523,33592.4751366452,40883.868910942874,0.05979834757090972,0.10742035825960716,2024-12-01,37309.0,bayesian_runlength,False
456,18901.59715255806,24056.956411051797,24721.6781918213,28080.046233769426,0.039879571058031554,0.07230855913108317,2024-12-01,25200.0,bayesian_runlength,False
457,21059.43256706916,25475.6919012788,26327.778749769197,30514.285773885334,0.038088233634316515,0.07084163179836483,2024-12-01,27282.0,bayesian_runlength,False
458,24272.69232761334,29540.50187363574,30576.492249867682,36192.66336870257,0.013266199629872445,0.02341243849734664,2024-12-01,32161.0,bayesian_runlength,False
459,27796.7111561509,33332.20901589103,32790.26679122198,39511.99171308469,0.010411275121245093,0.01864165167993281,2024-12-01,35834.0,bayesian_runlength,False
460,23146.908850575066,28371.779848154198,29127.52567167694,33520.13814063294,0.015051546043165397,0.026938572485164545,2024-12-01,30250.0,bayesian_runlength,False
461,30281.341036704172,34029.51411314924,34193.78709390501,37110.85171105355,,,2024-12-01,31183.0,bayesian_runlength,False
462,19750.283217736807,21405.05881662738,21464.65966287727,22813.762534305155,,,2024-12-01,20451.0,bayesian_runlength,False
478,31297.627406466767,36741.38112055012,36330.05445061005,43928.26886578594,0.012327506629999522,0.021618954097155123,2024-12-01,38358.0,bayesian_runlength,False
479,20860.457870212667,24817.892587554874,24382.638227551364,29302.23577462258,0.012607953131533746,0.02233433243592156,2024-12-01,26138.0,bayesian_runlength,False
480,22546.135200770575,26452.58159268851,26563.38078453264,31788.473798850966,0.013805952023866318,0.024231729044241503,2024-12-01,27764.0,bayesian_runlength,False
481,29920.6036830622,35129.490560643106,34713.581333199785,41686.13921112953,0.013683921895771441,0.02410926487347404,2024-12-01,36436.0,bayesian_runlength,False
482,21143.701216977996,24781.11288034852,24573.845095141183,29264.95986027552,0.020487489911895425,0.036687479717983265,2024-12-01,26196.0,bayesian_runlength,False
483,16048.02960966502,17754.123916420853,17970.383681549287,22150.799636103406,,,2024-12-01,20202.0,bayesian_runlength,False
484,14592.734121408432,17234.903760669415,17641.447186823636,20768.31566446832,0.11363416415862934,0.20419249293444253,2024-12-01,18601.0,bayesian_runlength,False
485,16285.942091586723,19055.668262060906,19429.649925778136,22748.843198429873,0.01541268237567853,0.027559486870369816,2024-12-01,20469.0,bayesian_runlength,False
486,19459.29370819272,23548.242230206233,23384.99988741274,27644.235070955805,0.011458755193623528,0.020303884616682016,2024-12-01,24695.0,bayesian_runlength,False
487,17215.776828025388,19697.49348162845,19345.388696803202,22400.94004568055,0.058727314886290266,0.1055365763802739,2024-12-01,20367.0,bayesian_runlength,False
489,18839.54208701433,21475.42086132629,21768.06454535144,25585.99666559047,0.018289947719114463,0.03204232583405033,2024-12-01,23082.0,bayesian_runlength,False
490,15612.572650867744,18574.755665030745,18325.477885724475,21848.993846656023,0.06109076014773926,0.11013159771786975,2024-12-01,19530.0,bayesian_runlength,False
491,15804.292645853991,18918.70776052364,18669.86222917191,21625.982172647666,0.02331512264129558,0.041594576917443685,2024-12-01,19620.0,bayesian_runlength,False
492,16346.696019200288,18893.18628246072,18974.110669298847,21494.29855242255,0.03356552105151435,0.058979805102414566,2024-12-01,19542.0,bayesian_runlength,True
493,16052.908953172138,19744.83200003044,19137.24241622919,21750.519751485943,0.15839574395686523,0.26614304619545553,2024-12-01,19515.0,bayesian_runlength,False
494,16630.31758619104,20158.255016688177,20211.001360320985,23079.93972045522,0.02309551606518957,0.041408835655797525,2024-12-01,20963.0,bayesian_runlength,False
495,18393.865784405465,22347.813477144242,21909.82521508431,25720.31673696943,0.013355248561674467,0.023636504331517275,2024-12-01,23087.0,bayesian_runlength,False
496,15531.528813039273,18375.73005720386,18663.133975119683,21695.769351843468,0.03465712159335377,0.063301690909311,2024-12-01,19533.0,bayesian_runlength,False
497,19954.329892193196,24125.52693380808,24655.289458349955,28128.6076895209,0.046085610703494664,0.08083989710861032,2024-12-01,24606.0,bayesian_runlength,False
498,24183.643343626176,28928.87907103836,29400.495986972917,34000.64843570846,0.029400371815422873,0.051743525028282555,2024-12-01,29601.0,bayesian_runlength,False
499,15636.22953443397,17873.27905188435,17667.629962681127,20759.298730766746,0.09551012456376645,0.16776306933324417,2024-12-01,18897.0,bayesian_runlength,False
500,20985.511063021306,23112.549414397876,22932.56611707331,26632.681275473937,,,2024-12-01,24936.0,bayesian_runlength,False
501,18216.415014921862,21712.447863668345,21818.886049981953,25284.334527842904,0.014478594061524137,0.025631123396207506,2024-12-01,22908.0,bayesian_runlength,False
502,12956.01024593732,15287.940578109496,16090.208942576808,18009.32720900044,0.06891858524212321,0.1213654825731634,2024-12-01,16864.0,bayesian_runlength,False
503,14750.013246219007,17903.188076042698,18200.827246396428,20329.544657348462,0.35658082033553307,0.518189176979954,2024-12-01,17616.0,bayesian_runlength,False
504,34318.82338703159,40932.19530070083,41298.06395702161,49547.98533049408,0.008460477936634356,0.014725430887907306,2024-12-01,43606.0,bayesian_runlength,False
505,26128.714363208826,31750.876110111916,32554.74014503206,39047.884486342264,0.00863757671036551,0.01524296108595856,2024-12-01,34822.0,bayesian_runlength,False
506,31419.868864937147,37109.35008589682,37354.63606960432,43899.67937526285,0.019117834524452995,0.0336140721951194,2024-12-01,38925.0,bayesian_runlength,False
507,32607.359592314755,39122.78120211123,39779.30170740749,47509.606521991795,0.01080116144272349,0.01890397681627085,2024-12-01,41471.0,bayesian_runlength,False
508,26866.778270005358,31790.12470695151,32295.545810670887,37960.4014846157,0.014620335507274686,0.025906264023179703,2024-12-01,33451.0,bayesian_runlength,False
509,29780.01122196958,35908.78935724242,36325.442104160225,43168.59949277138,0.008111233711147517,0.01418814818387644,2024-12-01,38242.0,bayesian_runlength,False
510,28258.27477608293,33867.67580453587,34275.7129960768,41314.03659672802,0.007926938056761484,0.013869592054055776,2024-12-01,36572.0,bayesian_runlength,False
511,25919.967606713875,30971.92057893468,32247.157587811704,38168.74734182785,0.011366751122088943,0.02013193856234877,2024-12-01,33877.0,bayesian_runlength,False
512,26585.18408500347,31551.48132446855,31803.53135200013,38484.616489025786,0.010352772296409254,0.018275809914922808,2024-12-01,33882.0,bayesian_runlength,False
514,19056.124945393363,22047.373098285883,22689.992542905853,26144.253313379606,,,2024-12-01,25140.0,bayesian_runlength,False
515,24662.582552025393,29399.626281532936,30318.12731917751,35226.93187857541,0.009014725207184625,0.01587603206642177,2024-12-01,30997.0,bayesian_runlength,False
516,19143.792402917123,22978.082984742916,23632.49772397045,27704.897606915158,0.016528316966210262,0.029917665654953646,2024-12-01,25065.0,bayesian_runlength,False
517,25876.859908084632,31353.17290231666,31613.62064469115,38007.45004503586,0.03410948267496545,0.0603332187241442,2024-12-01,32791.0,bayesian_runlength,False
518,22616.316692783683,27460.05076147134,28275.506401307077,32228.943278373077,0.016082691672921062,0.029134066603199595,2024-12-01,28928.0,bayesian_runlength,False
519,19355.968723247595,22753.262790152206,23730.930894714158,27693.80699954131,0.04266751629749321,0.07861498565388637,2024-12-01,25390.0,bayesian_runlength,False
520,17360.448631731637,21330.001344828328,21923.823318644398,25409.47489895387,0.05853811096871749,0.10515216925704583,2024-12-01,22568.0,bayesian_runlength,False
521,19053.141311555344,22929.605732236898,23971.40657484593,27612.125754020424,0.010701454266042472,0.018753800549023043,2024-12-01,24785.0,bayesian_runlength,False
522,17068.862966000594,20602.73363825107,21531.893035958055,25023.909459855426,0.02899475545679927,0.05198245967975089,2024-12-01,22750.0,bayesian_runlength,False
523,19659.29068449796,23809.865154793948,23733.15359600822,28748.508013796854,0.03386166080077683,0.06160001242767666,2024-12-01,25422.0,bayesian_runlength,False
524,19676.330487086154,24037.253158485688,24976.483546175732,28757.57748823036,0.03129835152609119,0.05739481570528919,2024-12-01,25874.0,bayesian_runlength,False
525,17482.064141072995,21106.862453778507,19836.495443191685,24917.778310985912,0.028583819640854668,0.05085550451660663,2024-12-01,23324.0,bayesian_runlength,True
527,21935.254548881785,26635.811049257325,26992.42854392624,30954.280419995885,0.012963695071510059,0.023097445272265014,2024-12-01,27892.0,bayesian_runlength,False
528,18341.205278237685,22340.3357131569,22835.118679783565,27052.722239924213,0.02145343948766714,0.03912002743277631,2024-12-01,24465.0,bayesian_runlength,False
529,22543.140766850145,26958.652938895073,27867.036271239893,32711.295666040278,0.00998758392155666,0.0176969774509671,2024-12-01,28859.0,bayesian_runlength,False
530,20928.818833723486,24898.3702094474,25659.906585260575,30257.112097710007,0.01443826696497101,0.02562324988933574,2024-12-01,27112.0,bayesian_runlength,False
531,17765.689567057358,21475.73193233951,22467.442290338324,25763.91043690467,0.02734997709976978,0.049580960392178595,2024-12-01,23135.0,bayesian_runlength,False
532,19390.950917037266,24033.92796205447,24611.215302094057,28554.055225461783,0.018196673332479974,0.03318343675519755,2024-12-01,25614.0,bayesian_runlength,False
533,19559.88313975511,23601.34614666342,24547.78384224995,28210.99155227858,0.01254648902655748,0.022407837860205154,2024-12-01,25131.0,bayesian_runlength,False
534,18257.527603865183,21741.970366906804,22579.051776219243,25921.261665974944,0.041346562328468686,0.07471552038736302,2024-12-01,23921.0,bayesian_runlength,False
535,23146.989345874295,27603.25044076671,28824.292612910875,32701.11258283683,0.014244305146242248,0.025210086916073838,2024-12-01,29195.0,bayesian_runlength,False
536,19434.09658653103,23587.785275704362,24371.41472953021,27708.587924127278,0.011291255692688948,0.020132810465487663,2024-12-01,24835.0,bayesian_runlength,False
537,17686.099727755885,21423.11604748686,21888.484930924355,25466.553103489838,0.029121024108025636,0.05356117270247082,2024-12-01,23042.0,bayesian_runlength,False
538,18962.36086764634,22916.94510648159,24235.998055947963,27069.712420902353,0.017667887182439602,0.031119831971281726,2024-12-01,24253.0,bayesian_runlength,False
539,18294.43332835132,22216.17825412552,23027.38897239134,26428.144642016698,0.016299321174530132,0.029208072088141752,2024-12-01,24041.0,bayesian_runlength,False
540,20264.429391806254,24306.518454959478,26226.441887301015,29825.258949920848,0.011515699783837575,0.020405964279323535,2024-12-01,26589.0,bayesian_runlength,False
541,19240.552206468852,23670.191047150973,25072.916798005717,28512.110672595936,0.03353768896821198,0.06311904981055073,2024-12-01,25584.0,bayesian_runlength,False
542,18034.93781678095,21943.35354796573,22813.28693638352,25763.00349777298,0.10064588159119496,0.17474806743580287,2024-12-01,21950.0,bayesian_runlength,True
543,21309.792764610833,25458.173723348486,25996.780989624764,30624.135856724348,0.01255941500257865,0.02261419806190305,2024-12-01,27292.0,bayesian_runlength,False
544,18867.434268328136,22857.795860450533,23872.53846792462,27102.363581770212,0.01691663710029971,0.030275587215995943,2024-12-01,24775.0,bayesian_runlength,False
545,22155.96946062972,26128.10361421955,26684.481232539587,31707.491748148568,0.035453117099946536,0.06375786430460703,2024-12-01,28925.0,bayesian_runlength,False
546,18963.903502765534,22087.810746132236,22406.147811382893,27509.74903998341,0.030134752080686295,0.05472131191273427,2024-12-01,25415.0,bayesian_runlength,False
547,20763.516543642392,25026.376918923506,25924.70912692678,29784.511885171807,0.02982606691004772,0.053404727745840916,2024-12-01,26327.0,bayesian_runlength,False
548,16500.14503847374,20211.292099161255,21308.810517217596,23525.927912541174,0.03175462214860408,0.057361527326419505,2024-12-01,21533.0,bayesian_runlength,False
549,18535.457816626964,22386.417615334034,22812.164300260556,26604.45217509122,0.01868820653658319,0.033505428586898464,2024-12-01,24002.0,bayesian_runlength,False
550,18747.026992991716,22825.655781151618,23435.698519431757,27155.293756697116,0.008151621814329062,0.0142041036130477,2024-12-01,24347.0,bayesian_runlength,False
552,21445.020938175716,25293.71928589382,26347.96417535344,30832.41064262021,0.018967088792452427,0.03484590283918636,2024-12-01,27841.0,bayesian_runlength,False
553,20521.699713560087,24935.557277233354,26065.264770399714,28580.200312843073,0.014641906925575454,0.02623728076498865,2024-12-01,25919.0,bayesian_runlength,False
554,23490.44743181012,28788.9340428353,29586.856393465296,35705.602489088924,0.01268813461025396,0.022567716005819135,2024-12-01,31104.0,bayesian_runlength,False
555,20144.756972273746,23451.517792670093,24480.873011851345,29101.687392341628,0.029403544471122835,0.055979885202972875,2024-12-01,26428.0,bayesian_runlength,False
556,16522.477735229855,19406.38629322982,20318.22594841259,24173.353185860848,0.05415433815884874,0.09805981657917019,2024-12-01,21935.0,bayesian_runlength,False
557,17853.559790432348,22111.330283587286,22984.389021507293,25911.442188350236,0.02712807092828882,0.04857472206189563,2024-12-01,23779.0,bayesian_runlength,False
558,21387.731149387026,25518.8015313548,26120.146980143207,31583.773374548353,0.08646063300084086,0.15262824140095907,2024-12-01,28475.0,bayesian_runlength,False
559,21645.97705443799,26032.203185116847,26631.706574551437,32171.89800859493,0.017012218751961326,0.030803979413669885,2024-12-01,28625.0,bayesian_runlength,False
560,18977.6914264357,22616.678912023803,23011.472840119895,27140.577379992814,0.01870576760063944,0.03454127976161561,2024-12-01,24465.0,bayesian_runlength,False
561,19779.201310438715,23932.322895452664,24204.31234561924,29136.804880937307,0.035081718708447736,0.06424878093955394,2024-12-01,26428.0,bayesian_runlength,False
562,19608.741016137516,23425.29733193639,25011.82102945534,27707.478071604914,0.014156920122461291,0.02517893815042272,2024-12-01,25222.0,bayesian_runlength,False
563,18165.671081132412,22260.800637924916,22744.902841916213,26206.88458301801,0.008399284396875543,0.01472906713347247,2024-12-01,23621.0,bayesian_runlength,False
564,19243.139473525724,23206.68663455477,24278.445537375406,27916.956335826297,0.02702608948521225,0.04990097480658867,2024-12-01,25323.0,bayesian_runlength,False
565,17194.737603591748,20947.693235114108,21212.611120461894,24274.63252562469,0.021038663398641043,0.037133961258711407,2024-12-01,21667.0,bayesian_runlength,False
566,18480.548707663114,22152.92016437932,23066.12778420134,26506.187617409294,0.023646913099201347,0.043239726882381486,2024-12-01,24005.0,bayesian_runlength,False
567,17557.406012470165,21449.49114583146,22199.742712262807,25664.06499729267,0.025169326622119327,0.045086079612427,2024-12-01,23440.0,bayesian_runlength,False
568,19367.550387241114,23146.648231528066,23839.88337625144,27596.894616453912,0.011122170795943047,0.01931102421668309,2024-12-01,24617.0,bayesian_runlength,False
569,18656.612587493502,22512.557664678825,23595.06070126615,26891.46678617114,0.02174399958104573,0.03977724443255833,2024-12-01,24377.0,bayesian_runlength,False
570,19026.025422660616,23404.990072641816,24106.50827697174,27673.56445553421,0.012796240795525436,0.022833327904841938,2024-12-01,25026.0,bayesian_runlength,False
571,20150.619432888845,24645.203170457728,25827.320017919566,30277.249597995884,0.017714936956459405,0.03146261601708792,2024-12-01,27391.0,bayesian_runlength,False
572,20087.652801745586,25216.969162923553,25984.904632699163,30522.50472124142,0.04609622116325343,0.08368262879753545,2024-12-01,27834.0,bayesian_runlength,False
574,25756.060171661466,31499.149689632442,32329.641986758346,37374.44692012307,0.0672586892762135,0.11966565245360665,2024-12-01,34354.0,bayesian_runlength,False
578,26876.53693725574,32384.036930601294,33474.513649559594,39205.845986036446,0.19062270210233262,0.3248761546058891,2024-12-01,35211.0,bayesian_runlength,False
579,29957.198390006648,36559.26921903948,36757.110348273876,43538.92244132584,0.03222297849845102,0.058561515347765304,2024-12-01,38723.0,bayesian_runlength,False
580,28962.17648065755,35300.10713292844,35563.70735301317,41378.27869019089,0.03323611771400665,0.059822172982288556,2024-12-01,37479.0,bayesian_runlength,False
581,32116.63517818909,39052.02397780254,39740.7268274439,47089.76625481997,0.03486740091071643,0.0635394443004913,2024-12-01,42782.0,bayesian_runlength,False
582,36802.01694383531,42408.21109313356,44601.19940238327,51637.073039274146,0.017775008892870155,0.03201365340634713,2024-12-01,46243.0,bayesian_runlength,False
583,25065.17499316576,30396.653624412178,30300.101997685397,38882.18502992649,0.19991067445152105,0.33300812163038185,2024-12-01,36195.0,bayesian_runlength,False
584,24062.38370175034,29049.229257247887,30183.796312459417,34235.07604845531,0.024719587967605382,0.04430372993493382,2024-12-01,31401.0,bayesian_runlength,False
585,31687.72291186852,37720.97887411088,38689.409283312845,44076.13675722155,0.010817985569686354,0.018859195056028972,2024-12-01,38911.0,bayesian_runlength,True
586,24489.590835802224,29287.330334448838,30199.594450379143,36334.4485561496,0.12459421104017883,0.21785339312302376,2024-12-01,33605.0,bayesian_runlength,False
587,27750.986327010138,33231.27117592667,33773.39207504637,40965.14003819693,0.05753044284978431,0.10814669224153772,2024-12-01,38211.0,bayesian_runlength,False
588,28911.871532517667,34339.26212773014,35397.79657927055,41109.207290142454,0.012835471757701947,0.02282091526197802,2024-12-01,37246.0,bayesian_runlength,False
589,26820.557767788312,32646.402249200535,33398.251272115784,39222.50317428669,0.03736159659590237,0.06778176048007718,2024-12-01,35649.0,bayesian_runlength,False
591,26603.479522183377,31943.21415156642,32486.933881895584,38613.845953214666,0.03769228192978404,0.07052566287804989,2024-12-01,35117.0,bayesian_runlength,False
592,23023.833877006662,28894.524024735125,29712.980509489214,34632.041379954,0.014565900682540276,0.025600198172756158,2024-12-01,30724.0,bayesian_runlength,False
593,23687.33633605484,28746.998203629482,29388.65807316301,35048.25605304969,0.0981096852951102,0.1737568054969499,2024-12-01,31965.0,bayesian_runlength,False
594,26957.026017526292,32768.02502549761,33641.86896519122,38835.998734642904,0.021484259266240844,0.03993418469498252,2024-12-01,34758.0,bayesian_runlength,False
595,25482.0542674013,30257.50474260664,31352.355533211652,36311.088500926475,0.026296045340924848,0.04715468933199464,2024-12-01,32885.0,bayesian_runlength,False
598,22635.20613313467,27560.217563094797,27898.954394764685,33592.89154922831,0.130365189918394,0.22438995451032123,2024-12-01,30996.0,bayesian_runlength,False
599,23683.911903483884,28611.570164375502,29400.938727023622,34010.407443760276,0.03532413714512377,0.06342564107700376,2024-12-01,31143.0,bayesian_runlength,False
600,27716.544355781723,33764.47830665291,34014.4068152454,39646.93625874431,0.029608261247056716,0.05300963252320031,2024-12-01,36000.0,bayesian_runlength,False
601,25916.500617875794,30606.696982560283,30940.616371383883,36936.970296847554,0.018996022854731304,0.03345286178657338,2024-12-01,33248.0,bayesian_runlength,False
602,21331.91623444939,26421.268928867008,26782.938626606003,31476.956382886696,0.2336412466068547,0.37818503385810875,2024-12-01,28814.0,bayesian_runlength,False
603,26417.51643053673,32550.190829997653,32820.7460299196,38162.18787300477,0.011611158959030275,0.020470382447296712,2024-12-01,34649.0,bayesian_runlength,False
604,24612.75174771665,29281.82463027016,30547.94625529169,35646.28617501052,0.01809237944299203,0.03246588944076828,2024-12-01,32333.0,bayesian_runlength,False
605,24309.100418325557,29028.836429351148,29607.62732300031,35938.62677933734,0.030529971676870774,0.05535521702736301,2024-12-01,32175.0,bayesian_runlength,False
606,22334.71471798452,26354.466607566366,27773.221989485643,32144.902093409488,0.03857887472437199,0.07019982611330815,2024-12-01,29783.0,bayesian_runlength,False
607,24319.456326243344,28604.733433038982,29686.102156758618,35690.11162099239,0.058925521355501866,0.10608939039827568,2024-12-01,32144.0,bayesian_runlength,False
608,55802.235240860115,65933.99630641862,67026.26737872695,77675.15211657902,0.011524185042019092,0.020092361236166915,2024-12-01,69451.0,bayesian_runlength,False
612,53572.325455220554,63772.731554560894,64278.19068677889,75105.26139443065,0.010775401635771816,0.01879751366794038,2024-12-01,66752.0,bayesian_runlength,False
613,44030.18731006459,53518.840566501975,54661.09610873029,62862.89388448207,0.01852019449353297,0.033267845122777535,2024-12-01,56841.0,bayesian_runlength,False
614,48550.177689642136,56329.296718786565,58640.42552883354,68061.14527096502,0.6519502042652172,0.8000879824880651,2024-12-01,60444.0,bayesian_runlength,False
615,50040.25778844142,56526.26229910235,57508.16128003739,71472.34238213161,0.36623467188561104,0.5372553626417003,2024-12-01,62120.0,bayesian_runlength,False
616,47721.750738006005,57251.771284860486,58432.756033104124,68038.50386749739,0.01651716276833131,0.029668703305851793,2024-12-01,61003.0,bayesian_runlength,False
618,47112.54578149753,56185.664065515375,58979.46920938629,70101.65539906113,0.1550755260834967,0.26891843552729244,2024-12-01,63777.0,bayesian_runlength,False
619,50251.75841837966,61999.548217132215,64525.13008730927,75641.34455142294,0.2007205030173397,0.3364194737251511,2024-12-01,68491.0,bayesian_runlength,False
621,46197.07038173997,55915.473038904194,59121.78034629005,67269.80944652933,0.11969921015902688,0.214370753464034,2024-12-01,61105.0,bayesian_runlength,False
666,40500.20644992269,47832.07380393496,48098.852928449414,57330.618978208746,0.011120375988983765,0.019457545392278335,2024-12-01,50327.0,bayesian_runlength,False
667,33313.33280021493,39542.93686775626,39892.02999935946,47603.93327354223,0.008751476162064502,0.015410184306605547,2024-12-01,42151.0,bayesian_runlength,False
668,25024.814053165628,30015.137660216373,30901.328847578046,34268.3828354915,0.011835919602615355,0.020546147678744298,2024-12-01,30681.0,bayesian_runlength,True
669,26591.238594350172,32337.955031493613,32256.14126968695,36752.330613932136,0.026400669878880685,0.04666386450744794,2024-12-01,32485.0,bayesian_runlength,False
670,32499.938517892213,37293.45092293109,38206.75920382203,45929.47070577506,0.02809169937989507,0.050103319757968064,2024-12-01,40287.0,bayesian_runlength,False
671,32242.020330908825,39192.30860146118,40030.56867884491,46728.5837329987,0.008656621513239043,0.015145260672561903,2024-12-01,42115.0,bayesian_runlength,False
674,31820.81895164328,38362.49658193045,38966.34989799553,46534.76529653548,0.010591549394822986,0.018972031648533724,2024-12-01,41161.0,bayesian_runlength,False
675,33976.74202346966,40961.79172210014,42026.24047708011,48600.68488070361,0.014746532872081818,0.026055363612427378,2024-12-01,42865.0,bayesian_runlength,False
676,33348.2575379018,39924.73983970002,40658.550667187825,48487.68149263291,0.009110658170163719,0.015967722187490235,2024-12-01,42337.0,bayesian_runlength,False
677,28945.57889822748,34917.92159124957,35893.80006867579,42557.75020637473,0.017471273739784528,0.031061360782066,2024-12-01,37099.0,bayesian_runlength,False
678,51368.2334720742,59081.947100877434,61131.85742950986,68593.23291440832,0.015074249608605938,0.02649190348767588,2024-12-01,62503.0,bayesian_runlength,False
679,35325.69616217848,41794.27936535442,42028.03342830457,50157.93600285726,0.012124971652386891,0.02147159010390337,2024-12-01,44063.0,bayesian_runlength,False
680,31986.902455052998,37909.92259363801,38253.287073999716,46075.0154087994,0.015996941408356873,0.02853360944870079,2024-12-01,40223.0,bayesian_runlength,False
681,26204.54872590004,29646.344088083093,32826.06110406756,34621.70418632527,,,2024-12-01,31079.0,bayesian_runlength,False
683,19985.624821991576,24992.511119155453,24503.833194463015,29105.04037066509,0.032626468839235555,0.05837539710063475,2024-12-01,27144.0,bayesian_runlength,False
685,27076.8781748699,33453.13375008724,34145.90606267881,38163.270895974616,0.024301226419137237,0.04463114491711827,2024-12-01,33287.0,bayesian_runlength,False
686,32247.016231000118,37849.1026112688,39032.55039642468,45025.6800115303,0.01584977627396455,0.02763379789589114,2024-12-01,39676.0,bayesian_runlength,False
687,22258.362502690314,26034.890712023043,26731.14477402835,30317.559679961658,0.02671429085183016,0.04813374802106207,2024-12-01,27034.0,bayesian_runlength,False
689,33395.95357454235,41139.844863153965,42258.00785463779,48075.068693566274,0.01107889629326761,0.01938753992435977,2024-12-01,42733.0,bayesian_runlength,False
690,22792.7816641035,27984.302689604916,28634.74644985199,32977.084237266245,0.019166354688939867,0.03421594605018537,2024-12-01,29216.0,bayesian_runlength,False
691,19601.491162155395,24247.58184032938,24356.938145364482,27568.102542089655,0.06922743741125628,0.13274499910149382,2024-12-01,25221.0,bayesian_runlength,False
692,21516.99804748366,26124.13351820225,26556.560558577443,31304.266439603573,0.025990246458640235,0.04804051498644559,2024-12-01,28803.0,bayesian_runlength,False
693,35553.94199017783,41397.642954831164,41955.97028311898,49217.36054654068,0.024943433788279592,0.04391577447505353,2024-12-01,43594.0,bayesian_runlength,False
694,27767.196531024776,34650.2234639658,34240.21169147061,39494.219016449344,0.034360148068716415,0.06379510719839408,2024-12-01,35782.0,bayesian_runlength,False
695,25188.590072956442,30829.87918407349,31092.280112310036,37086.026755645005,0.012425626787188197,0.02210705266931284,2024-12-01,32816.0,bayesian_runlength,False
696,20325.69375667878,25055.042128096433,24845.275724456744,29445.832287456302,0.017461819116049465,0.03149551457987123,2024-12-01,26339.0,bayesian_runlength,False
697,23279.576315186725,28023.524359316205,28069.606479464637,32756.66371659292,0.01380309593159946,0.02468761607169225,2024-12-01,29815.0,bayesian_runlength,False
698,23092.992836640715,28463.318887473557,28359.261184143357,32139.153058372834,0.013382548905907798,0.024032360526014613,2024-12-01,28923.0,bayesian_runlength,False
699,22348.311611939673,26601.445051745988,27203.54227525767,31286.20021605206,0.019456114441348538,0.03515005021012807,2024-12-01,28260.0,bayesian_runlength,False
701,24062.11999179089,29354.479121054996,29041.402248006176,34593.68676911505,0.023464162225857635,0.04247102894744611,2024-12-01,30846.0,bayesian_runlength,False
702,36002.14617193416,44978.700425506024,46079.261623226375,52710.6215715842,0.006993152185651869,0.012189906613229561,2024-12-01,47365.0,bayesian_runlength,False
703,22656.5099750728,27778.102373879734,27954.002038109513,32535.07671318316,0.02388612342228681,0.04332987483880549,2024-12-01,29286.0,bayesian_runlength,False
704,23705.047862341384,28737.17213851315,29359.321916982866,33737.83795992762,0.012964499341343293,0.02258644664849507,2024-12-01,30114.0,bayesian_runlength,False
705,26315.4990873424,31730.02015800836,32259.946965487652,37450.6829866017,0.007944888375698456,0.013925990972299074,2024-12-01,33423.0,bayesian_runlength,False
706,20653.14689110551,24595.733627253834,24942.33654521214,28752.322290114706,0.018959720172318395,0.03452009081922131,2024-12-01,25979.0,bayesian_runlength,False
708,32678.071125835533,40079.550460152255,41732.51345748617,46801.91702716921,0.011918400959459608,0.021234890547811486,2024-12-01,41610.0,bayesian_runlength,False
710,24346.353288374277,29754.910324431366,30272.422073102432,35668.558546365864,0.019742261294033763,0.036135560396532866,2024-12-01,32014.0,bayesian_runlength,False
711,24987.906200396214,30333.255837584744,31615.43634421649,37705.325179737534,0.02435935411629072,0.043919767443289515,2024-12-01,33093.0,bayesian_runlength,False
712,21118.281181572715,25969.762100846354,26828.80779269567,30521.19834772879,0.03454472389901405,0.0629244580393497,2024-12-01,27485.0,bayesian_runlength,False
713,21905.3166204291,28644.559211455264,27399.325237468376,32692.77310272731,0.1501187023666657,0.25630977800576593,2024-12-01,29787.0,bayesian_runlength,False
714,24519.25287905211,29663.79600280924,30427.651732496754,34351.53648113461,0.008679302360132542,0.015041060929059165,2024-12-01,30977.0,bayesian_runlength,False
715,21781.32524313902,26709.912971920945,27119.196904761346,30948.681143563997,0.04457434790875482,0.08482866708171191,2024-12-01,27437.0,bayesian_runlength,False
716,39231.388170380436,48211.780245635884,48291.306021591765,55686.36858397681,0.03230728260285365,0.057928285566845296,2024-12-01,49125.0,bayesian_runlength,True
717,22870.353364453527,28148.307151149776,29216.263988036808,33563.953671637464,0.016877812852667283,0.030701773398611316,2024-12-01,30018.0,bayesian_runlength,False
718,43436.251265299725,51417.64924862866,55225.783949075325,58864.424943132755,0.0851872940996759,0.15281106750974657,2024-12-01,53774.0,bayesian_runlength,False
719,23330.564342719375,28197.416194980615,28284.251729946336,32894.491845691984,0.012997015943955964,0.023546525250124024,2024-12-01,29391.0,bayesian_runlength,False
720,40941.53844352592,49877.519903037784,52502.14632840607,57432.450188729126,0.07045999749912005,0.12757129018948185,2024-12-01,51886.0,bayesian_runlength,False
721,21665.031433295047,27313.44351070254,28364.370523251728,32281.8897026356,0.08408170427954753,0.153570679002423,2024-12-01,29418.0,bayesian_runlength,False
722,28644.68450714651,34536.998584270244,35766.26362223485,42570.66639859893,0.015907610641920825,0.02820076767084063,2024-12-01,38141.0,bayesian_runlength,False
723,22748.57551964752,27497.277695475364,28205.90107743199,31787.069475121854,0.020033974919594074,0.035386796189628415,2024-12-01,28303.0,bayesian_runlength,False
724,25235.30321578599,30006.83008683672,31618.297393108427,35646.73745409357,,,2024-12-01,31475.0,bayesian_runlength,False
725,27819.20337435898,33518.04959194016,33957.10466265739,40546.343223598684,0.009628528139290531,0.017101698667349115,2024-12-01,36129.0,bayesian_runlength,False
726,36751.39573757951,44849.31006458688,46994.83139626633,52613.842771428855,0.40439095845413525,0.5845417290386139,2024-12-01,47772.0,bayesian_runlength,True
727,37195.39801916429,44143.72992577316,44324.287472614975,53300.217060546194,0.010426136171282963,0.018281481058797067,2024-12-01,46941.0,bayesian_runlength,False
731,26811.646214531615,32033.109740316315,32076.085604710468,38574.80700838362,0.010680322944147237,0.018905013364103614,2024-12-01,34239.0,bayesian_runlength,False
734,24756.337519239038,30098.478801745798,30690.0177196509,36497.43546082007,0.0147483310742238,0.02623124136548597,2024-12-01,32722.0,bayesian_runlength,False
735,21097.48311566734,25665.961420951935,26350.456518046703,30075.151208705538,0.013220779551795634,0.02312860779859735,2024-12-01,27231.0,bayesian_runlength,False
736,19052.346120786315,23950.085736437162,24038.08279405408,27332.007232847936,0.011789235348979786,0.020822479386897064,2024-12-01,24597.0,bayesian_runlength,False
737,21121.612515005076,25378.032768396584,25530.778211462253,30392.720672834133,0.03547223978842568,0.06400487850588826,2024-12-01,27988.0,bayesian_runlength,False
738,23000.94616140075,27990.145473804467,28272.09952276574,33135.98401774885,0.009868605926122355,0.0175600924704593,2024-12-01,29719.0,bayesian_runlength,False
739,24125.231405773757,30089.97560283683,30346.79246853856,34700.23048342505,0.014499766604676187,0.025768221155951537,2024-12-01,31660.0,bayesian_runlength,False
741,28481.394668840287,33353.364126579465,34012.427598868795,40709.09695891719,0.012400809015656685,0.02183217596748311,2024-12-01,36154.0,bayesian_runlength,False
742,21323.016870463092,26186.272523470823,26289.821781736213,30695.570468204787,0.0226537957857979,0.04125736233207197,2024-12-01,27393.0,bayesian_runlength,False
743,18562.44858347366,23065.2776392157,23364.673312268937,26591.339711881043,0.020150670891643165,0.03627465477376371,2024-12-01,23780.0,bayesian_runlength,False
744,22257.19084547896,27428.85639213786,28047.424114132453,32839.59138939999,0.015878070881938024,0.02890097871964002,2024-12-01,29290.0,bayesian_runlength,False
745,24104.284016224654,29421.28893549788,29837.94855593232,34654.88543084857,0.011245096676780857,0.019851387162796587,2024-12-01,31222.0,bayesian_runlength,False
746,17839.485563894537,21592.952380292107,21726.06736799985,25846.24579917008,0.014694223668367798,0.026360066284094763,2024-12-01,23360.0,bayesian_runlength,False
747,22785.318910893024,27819.129784725334,28131.73304181733,33315.06106685002,0.021068797932549,0.03788001879925917,2024-12-01,30507.0,bayesian_runlength,False
748,31286.466867062853,37642.99485522247,38292.79562261187,46175.44104334166,0.010716163821387337,0.018843060666572667,2024-12-01,40345.0,bayesian_runlength,False
749,21885.099491970017,26886.22463641734,27460.179255207877,32397.947419424665,0.027746607923618598,0.04982400781509742,2024-12-01,29115.0,bayesian_runlength,False
751,24350.132654867964,29394.442964286147,29713.108881235345,34541.69441770413,0.016251166171748183,0.028629913618634394,2024-12-01,30748.0,bayesian_runlength,False
752,21059.893745709473,24963.22635841788,25526.586488366105,30862.359839291763,0.008361547611636847,0.014617913369000576,2024-12-01,27705.0,bayesian_runlength,False
753,19370.488667895675,23364.04366032045,23632.85990534888,28128.688264950346,0.03536073246854499,0.0627282201851359,2024-12-01,26080.0,bayesian_runlength,False
754,25728.83756222952,30935.200185314818,31009.074266444197,35646.499534989896,0.009206654147692568,0.016173307009538965,2024-12-01,32126.0,bayesian_runlength,False
755,22097.055381796046,26993.817897021527,27617.459897407738,32780.75658094651,0.028378201178049595,0.0501363624606149,2024-12-01,29432.0,bayesian_runlength,False
756,23908.404251646472,29193.763826256472,29298.48833148897,34663.520140542554,0.0178829390186183,0.03161235349509987,2024-12-01,31298.0,bayesian_runlength,False
757,33103.8482819433,39406.14906242648,39635.373522623384,47622.924345065374,0.009987020978668909,0.017540879562041214,2024-12-01,41671.0,bayesian_runlength,False
758,21115.949632961187,25778.244983320343,26361.04456303139,30114.021408931832,0.036046003442184615,0.0640437086209627,2024-12-01,27864.0,bayesian_runlength,False
760,21688.912525512686,26075.04264760287,26410.603707440874,30684.357408059557,0.01587496213954242,0.028846341021765174,2024-12-01,27338.0,bayesian_runlength,False
761,19341.039164502617,24172.47380545048,25190.057430678356,28707.906402462446,0.019099289438704845,0.034149651714993574,2024-12-01,25884.0,bayesian_runlength,False
763,29328.385841635267,35391.98838802322,35839.23883390056,42231.87397378565,0.008489440688814342,0.01476949560438086,2024-12-01,37345.0,bayesian_runlength,False
764,21607.97399465858,25832.902804237117,25821.19391613368,31081.4405154054,0.011937324285265078,0.021058579434454966,2024-12-01,27985.0,bayesian_runlength,False
765,20588.57547980477,24925.97974983243,25360.738043323367,29623.07301778488,0.013983773456162165,0.025110482611217993,2024-12-01,26681.0,bayesian_runlength,False
766,27884.149294442428,33155.71025471977,33255.48492932693,39028.767792672035,0.01305127302593067,0.023000842220117727,2024-12-01,34622.0,bayesian_runlength,False
767,28577.692834240315,35260.620561556745,36010.58350786273,41890.84710447911,0.009936388633774372,0.01735969190277791,2024-12-01,37192.0,bayesian_runlength,False
769,22431.047839876275,27041.337131107848,27830.680908716047,33046.246402766,0.10382632339191453,0.18396836187458845,2024-12-01,29929.0,bayesian_runlength,False
770,19637.525731287144,24609.772566451975,25357.55315006224,30344.041136034735,0.28242603398239713,0.4362650481829152,2024-12-01,28501.0,bayesian_runlength,False
771,19615.18788551633,23964.29975802092,24608.311241300275,28249.940363257643,0.04298225744309624,0.07764996515928818,2024-12-01,25716.0,bayesian_runlength,False
773,18770.82203126551,23016.763373879287,24034.746003293414,27104.32646049212,0.06096580021756454,0.11014408774427435,2024-12-01,25027.0,bayesian_runlength,False
774,18139.423551978514,22005.79753130767,22341.256622488083,26134.65916911261,0.01716698531701259,0.031076143628014412,2024-12-01,24001.0,bayesian_runlength,False
775,48679.250257727006,57154.507725831274,56500.12157730986,68848.67274443395,0.015171434471961358,0.026856320989655853,2024-12-01,60780.0,bayesian_runlength,False
776,35907.30614638135,42812.9341108699,42487.08358951508,51234.78717832488,0.009408024794546156,0.016405752369831595,2024-12-01,45466.0,bayesian_runlength,False
777,40857.73686440199,48143.66269690955,47477.12999399031,58316.159778228015,0.013947266255173283,0.024731791729670015,2024-12-01,51607.0,bayesian_runlength,False
778,37871.6415415201,45017.183354935616,44103.501302275006,52551.053016231584,0.01706903923700348,0.030368360323065047,2024-12-01,47238.0,bayesian_runlength,False
779,32446.12450111327,38338.940531823835,37816.653378182076,45403.83293190454,0.010262142151831024,0.018160631115092165,2024-12-01,41375.0,bayesian_runlength,False
780,29698.177445078494,36377.15808131233,35705.461430422874,42689.40922779323,0.014963213569241423,0.026534907256560106,2024-12-01,38841.0,bayesian_runlength,False
781,28659.916142386766,34488.90072954458,33273.56453238995,41153.14381972884,0.02824946429262441,0.050081315440102955,2024-12-01,37953.0,bayesian_runlength,True
782,41289.60453720485,48435.85760676646,47981.16146639313,58033.51298320005,0.010930973407977473,0.019185184735290566,2024-12-01,51699.0,bayesian_runlength,False
783,29740.104516824475,35419.37349176515,34518.02734104037,42210.4064278198,0.013057101342264184,0.023037464668793757,2024-12-01,37931.0,bayesian_runlength,False
784,31962.457607270175,38300.354687406645,37156.51291032046,45805.08901742793,0.016819362886125105,0.029524867243186724,2024-12-01,40878.0,bayesian_runlength,False
785,41780.41736171961,48949.547995160494,48291.64398027538,59750.15859026167,0.010152865892094532,0.017846991580416995,2024-12-01,52846.0,bayesian_runlength,False
787,25001.214034678767,28859.97451510377,29091.967043478973,35985.376620617935,0.011924567493912571,0.021129887511982172,2024-12-01,32172.0,bayesian_runlength,False
788,23726.606090786066,29460.909978405914,28966.620241872493,34156.120276878144,0.04617745182344237,0.08484330053321856,2024-12-01,30540.0,bayesian_runlength,False
789,29888.022220720373,35924.76929643991,35131.04988105261,42239.46277687567,0.01064080372285796,0.018764772447230564,2024-12-01,38118.0,bayesian_runlength,False
790,26747.732888606097,32792.11596749646,31096.10949738895,38763.47350983058,0.0656020133875388,0.11700917094798233,2024-12-01,35915.0,bayesian_runlength,True
791,29496.405796851766,35567.85802527387,34853.332111165386,42566.134973565495,0.01151052077596314,0.020439715972773078,2024-12-01,37949.0,bayesian_runlength,False
792,29010.371495716492,33875.827674917,35574.69782550072,41424.74135029194,0.024440331596552567,0.0449610867372101,2024-12-01,37312.0,bayesian_runlength,False
793,21939.950419737026,27288.810404179174,26413.593633833825,30421.923532576766,0.04992676113543897,0.09127712843170287,2024-12-01,27739.0,bayesian_runlength,False
794,34753.59012244191,41809.90912468473,41017.20297795117,49305.961644382616,0.013206572836570828,0.023492899560250094,2024-12-01,44161.0,bayesian_runlength,False
795,23881.42310568034,28772.600406909754,28450.83285098898,32421.806677813882,0.018923962259032662,0.03387266097937856,2024-12-01,29132.0,bayesian_runlength,False
796,28978.32798409065,34879.415920716085,34990.53934388294,43171.14337460079,0.028835028921909225,0.053771479862032345,2024-12-01,38900.0,bayesian_runlength,False
797,28968.668724720294,35229.55286773186,35637.81566587495,43306.65013822785,0.04112589130127318,0.07326832087588905,2024-12-01,39155.0,bayesian_runlength,False
798,25610.589957435182,31065.425308076145,30862.017782029674,35677.31542583838,0.01448261483045571,0.026130093510759636,2024-12-01,32266.0,bayesian_runlength,False
799,32976.909989665044,39097.17720277853,38634.96075462073,47059.20622955715,0.009209542301918474,0.016156646651998653,2024-12-01,41574.0,bayesian_runlength,False
800,26736.294084558365,33108.90437952544,32112.120694355755,38679.18038071097,0.01432517120157966,0.025438839819413528,2024-12-01,34915.0,bayesian_runlength,False
801,32596.53908808237,39271.28707681282,39029.74004410035,46344.26169170673,0.028775174821553246,0.05204275832632894,2024-12-01,41017.0,bayesian_runlength,False
802,26189.59211378432,32105.83407364645,31956.693629108046,38002.54184523916,0.0239568522110062,0.04280121967831606,2024-12-01,34800.0,bayesian_runlength,False
803,32251.865822955922,38401.5445855622,38027.46860981571,45949.324598231266,0.017024456603592152,0.030192706691921832,2024-12-01,41245.0,bayesian_runlength,False
804,25246.01289841307,30011.144663700616,29480.052118241918,35384.86670550084,0.012441939599942237,0.02198328618376018,2024-12-01,32709.0,bayesian_runlength,False
805,28684.026219574836,34453.280295108765,33674.94667835399,41116.25277225474,0.03871160633030796,0.06876278389989354,2024-12-01,37896.0,bayesian_runlength,False
806,28041.119194183353,34465.446190347524,34239.29544285456,41982.68771733105,0.03178885291368538,0.056103832997556925,2024-12-01,38158.0,bayesian_runlength,True
807,28714.085543248475,34283.981469211736,33039.282263165864,41229.8396633603,0.038513496261246734,0.06931451166171221,2024-12-01,37459.0,bayesian_runlength,False
808,25579.909492221508,32080.506357976672,31939.031275399135,38403.53770485317,0.04759010865880758,0.08924105132151891,2024-12-01,33942.0,bayesian_runlength,False
809,36257.66671780494,42337.5579423773,42367.46169451241,51250.587215836735,0.011099433251477617,0.019435670326443187,2024-12-01,45159.0,bayesian_runlength,False
810,23622.121738402806,27774.40020922721,28285.14961431484,33352.85251114184,0.012614063859755035,0.022130855637341948,2024-12-01,29457.0,bayesian_runlength,False
811,27026.816063715443,31784.000333988064,31650.0782127394,38470.64005701988,0.012433539021381652,0.021860563390532453,2024-12-01,34089.0,bayesian_runlength,False
812,35383.29378951064,41330.161864725305,41412.80787429019,50238.348779687476,0.012583982356802921,0.022128699514284894,2024-12-01,43980.0,bayesian_runlength,False
813,34084.649151545374,39505.356555433325,39443.833544882276,47707.70014310056,0.020366988372646076,0.035939130174758506,2024-12-01,41589.0,bayesian_runlength,False
814,27718.83846141558,32479.634655939364,32970.09765610574,39397.07915075012,0.01571407773284179,0.02761469817369876,2024-12-01,34506.0,bayesian_runlength,False
815,23747.976392580982,28347.92006324741,28624.04096105717,34362.68776927753,0.010028434142761005,0.01762836513494961,2024-12-01,30305.0,bayesian_runlength,False
817,23013.437006931184,27377.940959341362,27061.73119059488,32865.361508682334,0.015468721845080281,0.02778483257417427,2024-12-01,29563.0,bayesian_runlength,False
818,33220.67162513918,39259.90990222604,39422.26907332313,48459.95545219975,0.015096062001197091,0.026873359556473877,2024-12-01,42172.0,bayesian_runlength,False
819,31116.730876644106,36464.783630874066,36871.17191859891,43953.332743109924,0.012316782780181145,0.021564806049259328,2024-12-01,38809.0,bayesian_runlength,False
820,32271.93367015884,38076.67021738295,38561.08882181606,46813.562757720494,0.009660632567222261,0.017034721578058375,2024-12-01,40946.0,bayesian_runlength,False
821,23833.81060964845,27835.07199704325,27543.36760852441,32863.08555911352,0.016207255067537226,0.028672868847686633,2024-12-01,29129.0,bayesian_runlength,False
822,25589.843109066307,30093.92367694478,30522.916843497733,36718.58803260098,0.01250658221844137,0.02208505035369929,2024-12-01,32945.0,bayesian_runlength,False
823,23828.917734480325,28273.357577402505,28248.45255896975,34028.73242271486,0.009702424049169513,0.017024611333306253,2024-12-01,30215.0,bayesian_runlength,False
824,35825.6049518259,41657.15661641121,41913.34087325165,50149.4631501122,0.018382615719791526,0.03220681393688503,2024-12-01,44105.0,bayesian_runlength,False
825,23934.419655062273,28110.05665291484,28096.93617422058,34303.161297527644,0.014518746128671134,0.025847362216484975,2024-12-01,30624.0,bayesian_runlength,False
826,22668.1100984827,26245.190244349837,26818.66532807487,32536.171540477393,0.01572669667561574,0.028206415296939007,2024-12-01,28776.0,bayesian_runlength,False
827,22783.993402087704,27337.96190510133,27353.394015812504,32603.121536068702,0.027198212273668764,0.0496835651743477,2024-12-01,29610.0,bayesian_runlength,False
828,21691.26480447512,25796.146721625213,25398.40206919117,30788.085925114952,0.01671823329355004,0.02985029640008272,2024-12-01,27902.0,bayesian_runlength,False
829,21085.221160379893,24266.43823626537,23882.23496988311,29459.05744497936,0.022778945423976155,0.04204538487771166,2024-12-01,26453.0,bayesian_runlength,False
830,29180.629691134287,34410.67054333033,34336.31321498419,42018.23915235288,0.012285318599112612,0.02174976221004387,2024-12-01,36816.0,bayesian_runlength,False
831,20615.939809547788,24504.311728830948,24339.315532072145,29460.62146354628,0.016528398146659115,0.029205521763504282,2024-12-01,26964.0,bayesian_runlength,False
832,24418.169600935125,29220.467190197545,29142.95088656898,35183.7050698383,0.01649280663868689,0.029416604460697278,2024-12-01,31548.0,bayesian_runlength,False
833,22687.051144848592,27006.318737734084,27195.520435741957,32880.46288628112,0.017356198171860866,0.031108543380376084,2024-12-01,29295.0,bayesian_runlength,False
834,20631.020945837077,24047.19369973283,24229.35995097806,28998.45114450938,0.034112975756549355,0.06161044013800293,2024-12-01,25949.0,bayesian_runlength,False
835,19888.089863245183,23056.21791559228,22872.586847231196,27707.06016376346,0.010556769997393132,0.018642593740922427,2024-12-01,25136.0,bayesian_runlength,False
836,20769.69957673669,23965.877835917698,23289.59021535076,29478.932347073598,0.05220309829822057,0.09346832746300589,2024-12-01,27232.0,bayesian_runlength,False
838,20286.124455427496,25206.391859896965,23801.939841516734,28682.837093716716,0.05388536042919091,0.09718025917421565,2024-12-01,25672.0,bayesian_runlength,False
839,21589.157500767535,25505.537583122463,25568.978116353443,30764.573476644902,0.02338600816561432,0.042682089693012105,2024-12-01,27589.0,bayesian_runlength,False
840,19086.283058043642,22693.844539345475,22435.804677113858,27451.45295527193,0.05594246612186814,0.0998694643118016,2024-12-01,25342.0,bayesian_runlength,False
841,33947.9371038203,40084.33668644854,40076.45780642639,48787.76755045064,0.012824730249565833,0.022707164976216068,2024-12-01,42854.0,bayesian_runlength,False
842,47015.74772842766,55412.34962273379,54619.14147092702,66333.6582419595,0.008568901366756759,0.014954917702700053,2024-12-01,58667.0,bayesian_runlength,False
843,41999.844589161105,50005.36385290094,49894.681189568604,60381.23038613371,0.009661201123732047,0.016912512280078874,2024-12-01,53165.0,bayesian_runlength,False
844,32894.37595759068,39020.20045173706,39205.619243656896,46322.985843423325,0.010540530618888516,0.018658266428046986,2024-12-01,41913.0,bayesian_runlength,False
846,34670.058716378175,42633.064493512924,42118.61713594047,51346.972939981366,0.03186432601165268,0.05597502536781571,2024-12-01,46104.0,bayesian_runlength,False
847,39198.871716463254,47242.8490997819,47031.93076770106,54798.58031498463,0.016186668529959234,0.028896784419188425,2024-12-01,49702.0,bayesian_runlength,False
848,36636.548133170414,44451.530423668286,45686.248989419946,49823.678667284505,0.01029073073524707,0.018082063167364923,2024-12-01,44607.0,bayesian_runlength,False
849,27824.007687647027,34011.75124559672,34108.68103772168,40740.002151017165,0.02698802165045174,0.04887052775992623,2024-12-01,37195.0,bayesian_runlength,False
850,32514.051850504184,34454.80430047184,37168.11283392772,46635.130570398556,,,2024-12-01,43858.0,bayesian_runlength,False
851,25395.00433644091,30684.81061150931,30527.963674327722,37225.48291592177,0.011092561137797673,0.019523416587949628,2024-12-01,33591.0,bayesian_runlength,False
852,24065.03618048245,30061.91051809289,30135.98707829758,36754.76014562487,0.04422788019283944,0.08104674025276365,2024-12-01,33665.0,bayesian_runlength,False
853,39883.008218815055,47786.3502420876,48950.61353925937,58200.328638287094,0.01591558410575648,0.02849605326164284,2024-12-01,50803.0,bayesian_runlength,False
854,43831.95738437706,50456.18534110159,51235.4816331008,62832.85303619004,0.2560598500272253,0.41852886675093126,2024-12-01,55060.0,bayesian_runlength,False
855,31358.64158192498,37996.643280988945,38901.12227235779,44964.94305128529,0.14028931978476833,0.2472789339325227,2024-12-01,39855.0,bayesian_runlength,False
856,36730.392284251604,44439.6131608274,44669.00547398515,52225.10405795605,0.014892811081867104,0.02642338330513843,2024-12-01,47005.0,bayesian_runlength,False
857,28674.84677485118,34478.148829677106,34112.369233817764,39937.19367843844,0.014341719897214477,0.025612115306269112,2024-12-01,36064.0,bayesian_runlength,False
858,42875.99962792365,53917.81436282383,52012.53858089227,60608.228540935044,,,2024-12-01,54458.0,bayesian_runlength,False
859,28974.76633232755,35352.52074089512,37445.44893245306,44270.72100030015,0.13966261627664714,0.24951808461432035,2024-12-01,38568.0,bayesian_runlength,False
860,40235.038134006536,46848.39570228692,46203.384578516576,57784.81682828343,0.02196206207314946,0.039056369630614915,2024-12-01,52051.0,bayesian_runlength,True
870,25488.720549696904,31989.404555230733,31933.167001625137,37032.47527971292,0.03570522410642086,0.06417224037304262,2024-12-01,33699.0,bayesian_runlength,False
871,30370.65743368889,37193.498539998196,36216.4266924376,44045.88920909097,0.05470835625425224,0.0985810411557915,2024-12-01,40620.0,bayesian_runlength,False
872,41812.20789206878,49440.69476721957,50796.52261142749,60620.11900716659,0.010770907144891925,0.018928803090384968,2024-12-01,53235.0,bayesian_runlength,False
873,26742.046219575514,32398.74631971593,31764.786672276452,38254.9760767561,0.021197540398143037,0.03751233803347713,2024-12-01,34751.0,bayesian_runlength,False
874,23682.246075127925,29534.139643850453,29901.333702047377,34158.77590389312,0.031477790053220676,0.05664747627630065,2024-12-01,30998.0,bayesian_runlength,False
875,35242.936116512086,41190.28448736595,41783.06558970642,49193.405996397254,0.028272084475888533,0.05054043551360762,2024-12-01,45655.0,bayesian_runlength,False
876,28270.858098552242,34295.64278089978,34433.53904043261,40935.88853597046,0.208191709596322,0.34064238910283406,2024-12-01,38447.0,bayesian_runlength,False
877,23425.64433089192,28963.877572244674,30348.08990071853,34315.02155025536,0.07819818367233652,0.14295121077281597,2024-12-01,30473.0,bayesian_runlength,False
878,27868.22247474311,33481.55342630782,33588.91050826394,38377.55494289978,0.01491434883998825,0.02660819713503831,2024-12-01,34742.0,bayesian_runlength,False
879,26436.854620747756,32011.459877286972,32846.30821288415,38377.720804287615,0.03270444148106129,0.06085306028764959,2024-12-01,34139.0,bayesian_runlength,False
880,24094.90883244024,29292.200483393608,29549.73992903554,36443.89923399449,0.088449822792101,0.1529667208242692,2024-12-01,34251.0,bayesian_runlength,True
881,28685.590524579107,35201.88374847958,35639.14766077331,41954.21835557474,0.0202899480266988,0.03660206536318437,2024-12-01,38051.0,bayesian_runlength,False
882,23445.696058249625,28304.03388838914,28163.057551219048,33223.8112144379,0.08707174225673142,0.15623643170702767,2024-12-01,30951.0,bayesian_runlength,False
883,27015.300049835834,31625.74492086158,32401.0823738499,36474.438566004406,0.017764800148264173,0.0313357167244539,2024-12-01,33187.0,bayesian_runlength,False
884,32692.09077420662,38223.852177553264,37207.85719088449,45683.92612154183,0.08077881780295472,0.14363246415395317,2024-12-01,42645.0,bayesian_runlength,True
885,25734.12019962754,31033.990633109723,31343.210064711144,37921.6007334281,0.049839824397115214,0.09025802774091948,2024-12-01,35426.0,bayesian_runlength,False
886,29025.733852033547,34658.901083154306,34744.790951235824,40346.349000976974,0.012566740118767721,0.022305057170839113,2024-12-01,36531.0,bayesian_runlength,False
888,37815.056830185145,43529.520135918094,43434.55029344881,52679.23393599022,0.05787370560890733,0.10348232282994439,2024-12-01,48675.0,bayesian_runlength,False
889,28678.995909131103,35134.059020456814,33674.038763774595,41061.7768817272,0.1514449114433295,0.2714569359467293,2024-12-01,37937.0,bayesian_runlength,False
890,39763.62456794994,47215.0509892643,47786.84180929822,55914.817528303814,0.012417432688846259,0.02193351464610008,2024-12-01,49738.0,bayesian_runlength,False
891,30138.552782620027,36233.406067186945,33090.55709999544,41542.88762643074,0.16712348072175076,0.28284055250829904,2024-12-01,39238.0,bayesian_runlength,True
892,33753.3736307141,40489.930856979365,41332.78333166308,48134.444217180106,0.014275955132501818,0.025685844705836042,2024-12-01,42591.0,bayesian_runlength,False
895,27283.30835229322,33161.887022443356,32695.80034074791,36847.52202470925,0.048803729781869816,0.08874153832021786,2024-12-01,33347.0,bayesian_runlength,False
896,41468.3986230019,49321.04857229064,49845.8504172206,57289.660423452035,0.015382945201618599,0.02711322180761976,2024-12-01,51675.0,bayesian_runlength,False
897,29457.195374441777,35848.51334551227,36318.25178001326,41621.76701234675,0.010169214324118866,0.01783079447901371,2024-12-01,37333.0,bayesian_runlength,False
898,21731.14648366816,26640.25078305459,27030.221043694284,30344.49798925781,0.02507578153920175,0.045909998447702535,2024-12-01,27372.0,bayesian_runlength,False
899,24235.261724917687,29439.349450210793,29269.017746281366,33976.605741879204,0.02620404883792006,0.04790765262519217,2024-12-01,30737.0,bayesian_runlength,False
900,24503.65535147948,30194.65157037441,31006.039168689716,35133.967683504154,0.009618069111276249,0.01689331237164383,2024-12-01,31690.0,bayesian_runlength,False
901,25796.726537409082,31230.159473287164,32187.789625525485,36939.955347757226,0.0114413341551392,0.02038380448569274,2024-12-01,33363.0,bayesian_runlength,False
902,26603.989228926523,32774.14407245152,33716.50841500746,38170.121341461774,0.010717825479211946,0.018903164979376254,2024-12-01,34638.0,bayesian_runlength,False
903,23124.21338391747,27902.967185881418,26845.82143680469,31550.04696896258,0.05192481103665423,0.09587314458339487,2024-12-01,28776.0,bayesian_runlength,False
904,20743.76215775522,26038.411891502365,26160.205781844947,29640.661578748193,0.019554358555460602,0.03518430447722292,2024-12-01,27151.0,bayesian_runlength,False
905,28974.565997429476,34654.75874898209,35678.47993270831,40839.5214801749,0.014054517634073857,0.024926729118982697,2024-12-01,36789.0,bayesian_runlength,False
907,22074.040697225588,28070.356573254405,27830.626929103222,30396.85316845161,0.029578417258228535,0.05286691046497823,2024-12-01,27147.0,bayesian_runlength,False
908,28262.602385159076,34315.607136855804,35540.442277220434,40431.05948291626,0.009911058098255508,0.017421052357694193,2024-12-01,36488.0,bayesian_runlength,False
909,28178.977107611263,34517.85668208674,34550.55230352705,39995.65736340884,0.010879989121268023,0.01948346113401208,2024-12-01,36481.0,bayesian_runlength,False
911,29012.54483292693,35193.76163156599,35981.131012634934,40867.35534074201,0.013978211868154903,0.025091825426998622,2024-12-01,36967.0,bayesian_runlength,False
912,36418.722223464356,41900.93232687838,41856.342245958964,47917.67064118135,0.018483577770369023,0.03259354512862781,2024-12-01,43083.0,bayesian_runlength,True
913,26519.970813202362,32593.361379265953,33381.98764988077,37837.918808479415,0.010443558679331414,0.018713322664910693,2024-12-01,34211.0,bayesian_runlength,False
914,21670.95044165372,26432.97673502755,26525.36669724968,30050.168391870237,0.011919522274610803,0.021134156084542506,2024-12-01,27420.0,bayesian_runlength,False
915,23943.665565690415,29077.869326300024,29475.34104751322,33087.09450077587,0.00791052728581605,0.013672804629344398,2024-12-01,29844.0,bayesian_runlength,False
916,45201.690677499246,54411.59992459346,55352.45963355668,61479.88326074608,0.031845218096938736,0.058171317975200316,2024-12-01,55602.0,bayesian_runlength,False
917,41241.25327878796,49945.134122140866,50908.50244087341,57010.97213222381,0.07551161281069392,0.13684936517141918,2024-12-01,51796.0,bayesian_runlength,False
918,32080.145366114954,37551.09672063019,37652.358031697244,45607.03437009218,0.009625364731700014,0.01684898292612742,2024-12-01,40138.0,bayesian_runlength,False
920,23443.851451480885,28620.890561470434,27861.878536147477,34496.067327995785,0.02054971436432818,0.03630944237765897,2024-12-01,31862.0,bayesian_runlength,True
921,15355.32290919235,17719.244388385952,17655.72321369943,20589.16407162783,,,2024-12-01,19027.0,bayesian_runlength,False
922,19703.380086519977,23594.617447632467,24244.13165050141,28058.017395583243,0.026210673852422966,0.04671343947432167,2024-12-01,25441.0,bayesian_runlength,False
923,18347.4354611192,22535.930530166257,23072.050058397206,27354.351785452924,0.0191850188095676,0.03424078879195552,2024-12-01,24664.0,bayesian_runlength,False
924,17754.97424299059,21533.683008419306,21108.37296190719,25813.370224021706,0.021908751458654077,0.039702420089195056,2024-12-01,23155.0,bayesian_runlength,False
925,17190.646156793413,21322.073684110845,20895.56604726516,24531.287490339317,0.020430907955578833,0.03738889207962576,2024-12-01,22250.0,bayesian_runlength,False
926,19760.733305192964,23636.507487623574,24136.613389041937,29059.201252498984,0.06289074496237194,0.10932515956683599,2024-12-01,26404.0,bayesian_runlength,False
927,28153.589058088328,33210.884937709736,34344.826086133,40831.534870813506,0.017790225457116123,0.03174764302555062,2024-12-01,35742.0,bayesian_runlength,False
928,30259.51744797855,35286.54732604173,35636.46788204587,43601.987579803084,0.024242344173296237,0.04374270104058028,2024-12-01,38493.0,bayesian_runlength,False
929,19012.128802775045,22270.76382470825,22398.827307376174,27354.87044160925,0.024116705589975557,0.0439076067623912,2024-12-01,24866.0,bayesian_runlength,False
930,18812.759081947548,22956.65288637018,22259.722360697917,26882.82952076659,0.0556596611799155,0.10396251876812175,2024-12-01,24719.0,bayesian_runlength,False
986,37011.960225660834,44301.46578718957,44199.044630420554,53803.96357485039,0.007350338806745676,0.012806841665825816,2024-12-01,47263.0,bayesian_runlength,False
987,29817.657736186804,35561.32770656145,35562.474351848155,42924.40037129575,0.00922560669325833,0.01613400123730844,2024-12-01,37413.0,bayesian_runlength,False
988,34761.417763225516,41262.12646016946,41218.678286648,49404.45829799002,0.012327899461284758,0.02157236750237923,2024-12-01,43359.0,bayesian_runlength,False
989,31926.74991822108,37688.43257720109,37632.975304508866,44947.12595173314,0.01346560774007731,0.02365007062306274,2024-12-01,39202.0,bayesian_runlength,False
991,35105.120987760754,41610.233467523685,41714.10098951889,50556.139985789836,0.009317736006970589,0.01636214447984721,2024-12-01,44057.0,bayesian_runlength,False
992,26494.482183880995,31808.889732897944,32166.473783181584,38078.09925391019,0.009139586947410685,0.016091237196411565,2024-12-01,34004.0,bayesian_runlength,False
993,26656.31854548396,31713.724304864783,31502.04939981689,36973.86490415937,0.010895202855764815,0.019087002413653145,2024-12-01,33044.0,bayesian_runlength,False
994,20558.403034369585,25134.990980762614,24994.532179065027,28442.90191652639,0.014095108756934741,0.025202447314807853,2024-12-01,25980.0,bayesian_runlength,False
995,24791.639432555734,30539.28304115072,30070.098869509875,35535.25852106882,0.012365104377801592,0.022116397771203517,2024-12-01,31971.0,bayesian_runlength,False
996,33978.99827956475,41021.873047379086,41446.40192861385,50350.65776046383,0.010150290898325531,0.01774916473384298,2024-12-01,43829.0,bayesian_runlength,False
998,32407.87269505111,38509.57790952184,38063.235095592565,46706.36170278471,0.011744582116012826,0.020672018809724156,2024-12-01,41226.0,bayesian_runlength,False
999,21439.38336105969,25753.193438215123,25621.66688185971,30364.011487431417,0.009706200427145362,0.016881955607245883,2024-12-01,27374.0,bayesian_runlength,False
1001,34933.5416122143,41447.41452880362,41881.700435998464,51041.843177694536,0.008802977721821639,0.015401992259794052,2024-12-01,44521.0,bayesian_runlength,False
1002,21599.975462598188,25474.570028330032,25686.46809057409,29791.748859662122,0.020399089105990965,0.035950357447570594,2024-12-01,26807.0,bayesian_runlength,False
1003,26710.83842518374,31945.1154074766,31642.54655543929,38580.624570687396,0.020258270548720748,0.03608886691094861,2024-12-01,34074.0,bayesian_runlength,False
1004,22974.02662432067,27883.44802038835,28252.62308557764,33522.85840961621,0.017693596904617935,0.031204012255253752,2024-12-01,30538.0,bayesian_runlength,False
1005,31423.367507311817,37398.75717846067,37349.50863259798,44968.54347663261,0.017247254856110637,0.030257637770976897,2024-12-01,39451.0,bayesian_runlength,False
1006,26528.007346958795,31533.515396469476,31343.66932025068,38151.4391302637,0.011640947454965281,0.020594157160880533,2024-12-01,34150.0,bayesian_runlength,False
1007,33315.55123701105,39155.63737267119,39123.887540658354,46925.08167070209,0.010261403305707257,0.01785816310118477,2024-12-01,41446.0,bayesian_runlength,False
1008,31104.64010050355,36622.44873432271,36663.583329176996,44042.529146996756,0.011321070210819127,0.01972181212821902,2024-12-01,38683.0,bayesian_runlength,False
1009,30280.943312108586,36151.86947342952,35837.06342265653,43554.49340126473,0.01386218539189582,0.024344837568097268,2024-12-01,38789.0,bayesian_runlength,False
1010,25977.431517270536,30790.98098473781,31395.45100412643,37805.09621730642,0.008314202257822865,0.014569147169173019,2024-12-01,33246.0,bayesian_runlength,False
1011,25368.24222348671,30416.965250776113,30721.45384088852,37343.81710031162,0.0147021472909804,0.026393459682174613,2024-12-01,33142.0,bayesian_runlength,False
1012,23843.677435210753,28745.006225474986,28511.270571564164,34105.584607522294,0.00935276368812638,0.01634888461914098,2024-12-01,30409.0,bayesian_runlength,False
1013,21188.44311152181,25556.344222192143,26011.455376470964,31610.290178373183,0.06491376592584445,0.12148668632546764,2024-12-01,28650.0,bayesian_runlength,False
1014,18493.855232359034,21765.066233771064,22928.088106805368,27703.18166826246,0.02220578795441983,0.03993612782636192,2024-12-01,25149.0,bayesian_runlength,False
1015,24287.2163816276,28124.694296076927,28730.183570989724,35843.11899488131,0.04883922813439023,0.08921783876307338,2024-12-01,31531.0,bayesian_runlength,False
1016,20731.099068699332,24581.439301714618,26087.786430110045,30246.71836130089,0.013660090045169687,0.024031969447193754,2024-12-01,27200.0,bayesian_runlength,False
1017,21610.696310978678,25554.418456300333,25963.237014261624,31087.222267906014,0.018762841179224676,0.033511712593186145,2024-12-01,27633.0,bayesian_runlength,False
1018,22659.6129739284,26320.953789565072,27437.39728167505,32276.964337542322,0.008820673499076231,0.015436233158176205,2024-12-01,29057.0,bayesian_runlength,False
1019,22802.415333940473,27436.933624621182,27793.2972513372,31839.94556366808,0.009358387850133891,0.016352564598462207,2024-12-01,28846.0,bayesian_runlength,False
1020,21455.323955951328,26173.008661150823,25862.221278811947,30479.09138675403,0.025855433569897317,0.04643295944556911,2024-12-01,27282.0,bayesian_runlength,False
1021,25894.603681379012,30525.42426639002,30619.52562711957,37753.6492145429,0.011166687948389497,0.019785272805218943,2024-12-01,33409.0,bayesian_runlength,False
1023,21300.03338807848,25373.386884975465,25902.632736972002,30881.512049430705,0.06687135816630516,0.11969849781113333,2024-12-01,28278.0,bayesian_runlength,False
1024,20938.75487516983,25139.0204867103,24650.76944270967,30084.056928116403,0.041857274538699134,0.0748962236388732,2024-12-01,27469.0,bayesian_runlength,False
1025,25514.383500112766,30417.002087459325,30282.949743258705,37148.32724189708,0.023885301887393632,0.04288455045011176,2024-12-01,33356.0,bayesian_runlength,False
1026,22553.08034919508,26930.071364935466,27298.378307081908,32423.79954166618,0.009316996375886991,0.01628966334427608,2024-12-01,29272.0,bayesian_runlength,False
1027,19518.037340255578,22997.06758928846,23862.955405656983,27776.1630958128,0.008287147224702394,0.014540246498776346,2024-12-01,24961.0,bayesian_runlength,False
1028,20138.117649608343,24463.13454144838,24676.881478482486,29789.49521902062,0.04805862075284728,0.08870988245741099,2024-12-01,26675.0,bayesian_runlength,False
1029,21069.3309817357,25650.26198280516,26136.90669562462,29485.360805250224,0.052350186372281435,0.09489988115302811,2024-12-01,26160.0,bayesian_runlength,False
1030,21008.49144839378,24793.304707646377,24739.696042276482,30051.77818531644,0.022151584245121952,0.039504680452423634,2024-12-01,27607.0,bayesian_runlength,False
1031,23710.27513456065,28183.83039362351,28599.59576674752,34216.85746924235,0.007999946377766364,0.013957886735506011,2024-12-01,30594.0,bayesian_runlength,False
1032,23649.21104986585,27419.175486416232,28022.125600369072,33870.57418162732,0.04174675106965803,0.07769167740011072,2024-12-01,30148.0,bayesian_runlength,False
1033,21050.555056757537,25024.858933894502,26599.28102523412,30534.78150770386,0.015240739248829856,0.027017159605284585,2024-12-01,27385.0,bayesian_runlength,False
1034,20855.59013249844,25310.049739810318,25383.153908973607,30355.467251274724,0.015770325027239844,0.028479579064414857,2024-12-01,27568.0,bayesian_runlength,False
1035,20815.098369644882,24630.6247786415,24283.675431851327,29277.13100293901,0.023580547182770584,0.04212083416218778,2024-12-01,27066.0,bayesian_runlength,False
1036,21725.953526886555,26229.430434730108,26114.73795240089,32124.60908691909,0.022083033959884115,0.03934496674652868,2024-12-01,29204.0,bayesian_runlength,False
1037,24236.001807327,27858.305286092076,27319.83153953999,34982.16084091294,0.025837252376896755,0.04626256851978655,2024-12-01,31330.0,bayesian_runlength,False
1038,21359.55773842112,25604.74778092488,26284.04746772308,30272.300417627244,0.03318583009737653,0.058646261731794776,2024-12-01,27478.0,bayesian_runlength,False
1039,27525.371705033744,32742.198546377273,32546.20810612879,40196.53998739043,0.017634885414359876,0.03123432170126594,2024-12-01,35345.0,bayesian_runlength,False
1040,20779.874912351275,24207.32663902711,25154.739649893043,29754.095360764062,0.01537527794392338,0.027546448538563,2024-12-01,26403.0,bayesian_runlength,False
1041,22471.94145119993,26789.829793107812,27088.565470054287,32470.03039587186,0.010221765227489766,0.017861207584147228,2024-12-01,28781.0,bayesian_runlength,False
1043,23730.31180548596,27562.431286479397,28441.488153690723,32767.47775265186,,,2024-12-01,28692.0,bayesian_runlength,False
1044,20240.876040836272,24413.08131926236,25081.71716167751,28742.816044013878,0.02123092388226935,0.03845236391942557,2024-12-01,26139.0,bayesian_runlength,False
1047,25676.998377371994,31208.10333983513,31192.61095511968,35920.077643843804,0.028878386414230427,0.05214433647717449,2024-12-01,32251.0,bayesian_runlength,False
1048,20873.078056586102,25388.673726188834,25840.150881762165,29260.856844388127,0.02425059657178492,0.04400783850445346,2024-12-01,26640.0,bayesian_runlength,False
1049,25519.916089616563,30541.626833200153,30746.124721151617,36166.54747798568,0.026039303134817417,0.04731384865324685,2024-12-01,32835.0,bayesian_runlength,False
1051,28237.25434806895,33671.89305532663,33889.14426896563,39768.51594734573,0.008969672743247423,0.015901932174004624,2024-12-01,35160.0,bayesian_runlength,False
1052,23874.6317694958,29635.217225674915,29972.30480286088,34174.10650892995,0.014555873831619836,0.026803895793575398,2024-12-01,30575.0,bayesian_runlength,False
1053,23919.67473441717,28104.053217997418,28106.14852168509,32638.935939460214,0.034247758679335695,0.06135753534429328,2024-12-01,29338.0,bayesian_runlength,False
1054,31326.03300765503,37200.34387527815,38066.493876051245,44239.34580511338,0.06114939623919641,0.10875610890434008,2024-12-01,38968.0,bayesian_runlength,False
1055,29105.93729227021,35503.54385799814,36587.17421290061,41670.77929760893,0.00917534528607749,0.016058320651631926,2024-12-01,37323.0,bayesian_runlength,False
1056,23897.756564001877,28609.799200371937,28879.616803008463,32782.12376615061,0.015974596422327497,0.02836641060877607,2024-12-01,29556.0,bayesian_runlength,False
1057,25211.40631443278,29880.465856720275,30234.168188615182,34587.80824022907,0.022344841112213822,0.040849834360471134,2024-12-01,31256.0,bayesian_runlength,False
1058,22020.455894650993,26843.255271898466,27253.807211039686,31708.955775449675,0.01814617285228286,0.03316027768213173,2024-12-01,28672.0,bayesian_runlength,False
1059,21956.153961598495,27118.0404570544,27333.077826632736,31564.386248602448,0.01165635327172587,0.020720660466948655,2024-12-01,28568.0,bayesian_runlength,False
1060,20646.89995064894,25292.66614546993,24916.0533475337,27908.28558812028,0.145019688593204,0.2491621812309755,2024-12-01,24641.0,bayesian_runlength,False
1061,23184.739429345136,28180.517586974398,28750.709681748995,33178.03845035794,0.011905780734587848,0.021237759774663516,2024-12-01,30013.0,bayesian_runlength,False
1062,22649.6485430812,27671.714500617865,27618.364233442273,31612.90753633389,0.024736906745219542,0.04503726822939879,2024-12-01,29082.0,bayesian_runlength,False
1063,27700.466455666578,33234.572447469785,33760.59396839652,40017.86914242552,0.04205403047761214,0.07560051067954426,2024-12-01,35467.0,bayesian_runlength,False
1064,21243.001606995902,25375.285551623165,26909.021521831382,29417.856555789665,0.03497997003807385,0.06337040262631768,2024-12-01,26134.0,bayesian_runlength,False
1065,22992.357849239983,27831.728350815207,28289.199958201058,31829.97432556397,0.009860272679564706,0.017163913124518527,2024-12-01,28785.0,bayesian_runlength,False
1066,24503.935715729043,29902.266559802607,31080.660075414064,34548.68073402037,0.020815416932138054,0.037101894181796775,2024-12-01,31064.0,bayesian_runlength,False
1067,21989.81300884586,26447.970299374116,26053.674078789652,30303.552727743994,0.021230347492012042,0.03695418839624186,2024-12-01,27404.0,bayesian_runlength,False
1068,24096.897051473887,29626.515918921352,30481.588230242818,35375.71669395478,0.026542064889194177,0.04856332411809695,2024-12-01,31559.0,bayesian_runlength,False
1069,24103.41108967639,28842.29467794428,28406.109097786597,33717.95893874605,0.025400105433423,0.045996492922768084,2024-12-01,30687.0,bayesian_runlength,False
1070,28047.214732252236,33347.076834407104,34433.29624390177,39693.38105600835,0.023122654196822464,0.04094121355962972,2024-12-01,35435.0,bayesian_runlength,False
1071,29608.65047466798,35433.06891522835,35373.873262673216,41090.004223835196,0.0278576108726817,0.049149551397335386,2024-12-01,36598.0,bayesian_runlength,False
1072,27661.64528333777,33123.90211220756,33417.00820931437,39313.370250394866,0.01983372503603019,0.03519278838045609,2024-12-01,35161.0,bayesian_runlength,False
1107,34580.57429410587,41389.292620844775,41516.80785066133,50254.55000384859,0.010643269156477016,0.018624669155720176,2024-12-01,43968.0,bayesian_runlength,False
1108,21852.596404604858,26425.184171069002,25980.905089866777,31548.59414243202,0.009323768664276437,0.016334781632046436,2024-12-01,28262.0,bayesian_runlength,False
1109,27254.21473338861,32981.528716243025,33103.315765701496,40670.37823055864,0.010681956138340559,0.01877980379317042,2024-12-01,35417.0,bayesian_runlength,False
1110,28512.386727100627,35556.24722944726,35693.065329873796,41254.59789755498,0.017621944188003506,0.03092858317219718,2024-12-01,36427.0,bayesian_runlength,False
1111,23952.505958812162,28701.29060840861,28726.216494359323,34093.343285164556,0.013156759352144734,0.02296988099549853,2024-12-01,30947.0,bayesian_runlength,False
1112,26425.076383211257,31881.36948354644,31911.352197788186,38525.81005137228,0.012517732806788874,0.02191333419922371,2024-12-01,34128.0,bayesian_runlength,False
1113,21467.22735749028,26549.227292934815,26115.733379567286,31192.42448212974,0.027123069386919624,0.04732838723475556,2024-12-01,27804.0,bayesian_runlength,False
1115,20342.295817424634,24630.998721297914,24691.689175384487,29519.6246218568,0.013625649988413608,0.02424820974413711,2024-12-01,26470.0,bayesian_runlength,False
1116,23231.965302136596,28178.761831032778,28201.100914674713,34872.03919244076,0.04168416270082335,0.07548461235971424,2024-12-01,31079.0,bayesian_runlength,False
1117,34166.86418888589,41033.016852924695,40994.85209051682,48934.68106049087,0.16473708309626797,0.2744357495406851,2024-12-01,43086.0,bayesian_runlength,False
1118,19327.162188854883,23985.78133960949,24488.06413990694,26724.361953693155,0.5470431597864842,0.7173455210459238,2024-12-01,22990.0,bayesian_runlength,False
1119,22247.55002954382,27048.790411477392,27089.106871826654,32981.25732496206,0.024372508434162256,0.04321889435072632,2024-12-01,29954.0,bayesian_runlength,False
1120,22013.69167677684,27373.415905572212,26788.176174488406,31856.873537547635,0.0668348412481628,0.11954520941369233,2024-12-01,29677.0,bayesian_runlength,False
1121,19285.079659284467,23614.32409487238,24565.075975247437,27974.344645667483,0.04506523724342534,0.08022836020619704,2024-12-01,25267.0,bayesian_runlength,False
1122,19073.31329548048,23236.47336292961,22674.47623843734,27264.095293178245,0.03196153987114409,0.05912565837037148,2024-12-01,24402.0,bayesian_runlength,False
1123,21059.66045579725,26082.497311148883,25701.766659952376,31312.943825501632,0.024195834713467663,0.04245650421312277,2024-12-01,28268.0,bayesian_runlength,False
1124,17976.46989472364,23090.425870242372,21935.107520695317,25902.02288494591,0.14959449929038815,0.25829167990547847,2024-12-01,23362.0,bayesian_runlength,False
1125,23338.7019550441,28577.952952880296,28576.14491196117,34446.3124511198,0.016667761690107447,0.030266629978632442,2024-12-01,30883.0,bayesian_runlength,False
1126,19690.84023178328,23671.662339358747,23885.578487502265,27561.699956518445,0.02743741338095823,0.050430269605724595,2024-12-01,24723.0,bayesian_runlength,False
1127,21858.677857861956,27319.38711697783,26926.13885524442,32336.279128967308,0.012793774663755577,0.022698122610652394,2024-12-01,29291.0,bayesian_runlength,False
1128,20296.227523584723,24556.374748807135,24285.646799411414,29104.388740485672,0.0237092267489723,0.042725936857004244,2024-12-01,26019.0,bayesian_runlength,False
1129,21372.873541016783,26298.967733904214,25504.25830868513,29728.791370382773,0.17719892890822078,0.2920415820604953,2024-12-01,25875.0,bayesian_runlength,False
1130,22371.060792444783,27170.01070830413,26798.110036406295,32028.043885879608,0.027406266520824566,0.04892048138311858,2024-12-01,28536.0,bayesian_runlength,False
1131,25314.59086759869,30724.962324488763,30870.05574543001,36920.69481398541,0.02963285346040309,0.052181038683414685,2024-12-01,32565.0,bayesian_runlength,False
1132,21267.806236128563,26004.89687076532,25815.928752871645,31030.218328920957,0.01668474460971111,0.02949808532384132,2024-12-01,28178.0,bayesian_runlength,False
1133,20365.838575354894,25411.370957185223,25416.94094136967,29635.73660142591,0.03193944736407038,0.05622085014970521,2024-12-01,26316.0,bayesian_runlength,False
1134,39383.017689329296,46592.152382266744,46686.23141991723,55089.015711435655,0.00769293486784979,0.01332121231520157,2024-12-01,48813.0,bayesian_runlength,False
1135,33570.88423421187,40324.54214428238,40196.3122894752,47426.11040878128,0.009326071241385304,0.0162735132520221,2024-12-01,42045.0,bayesian_runlength,False
1136,36293.42107671297,43180.91474468555,43711.3081302728,51081.448793722564,0.010657866416908588,0.018628557212167433,2024-12-01,45311.0,bayesian_runlength,False
1137,25184.179441029548,31070.326934153436,31908.471532064556,36679.974494371556,0.014241304537381722,0.02554393848828185,2024-12-01,33335.0,bayesian_runlength,False
1138,28605.97512211185,35018.46305406222,35366.258168956665,40484.67088136534,0.018120336908835532,0.03285878656014493,2024-12-01,36673.0,bayesian_runlength,False
1139,27627.938958715706,34115.52037109882,35284.789525599575,40747.52791947627,0.010467672834472237,0.018740963693933292,2024-12-01,36644.0,bayesian_runlength,False
1140,31354.930048285452,37877.56148861296,38013.424308113346,45549.98343617869,0.012192267288759304,0.021538391479576535,2024-12-01,40835.0,bayesian_runlength,False
1141,35359.44570045746,42420.36710137798,43049.38329726923,49435.513318061065,0.00795630459770676,0.013802042866037676,2024-12-01,44468.0,bayesian_runlength,False
1142,28757.60538532186,35320.57078348395,35895.122946353375,42137.21112361288,0.019298231657766673,0.03513524259270884,2024-12-01,38037.0,bayesian_runlength,False
1143,24476.699252641614,31563.75894402718,30930.389559558796,36200.59160847867,0.01848284402659809,0.03352640725714768,2024-12-01,32871.0,bayesian_runlength,False
1144,22694.97180833959,27441.52284507584,28300.469961142364,33365.024839201564,0.04431252522172634,0.08018619012634812,2024-12-01,30600.0,bayesian_runlength,False
1146,22357.633939349227,28030.34835479994,28632.664424597242,31322.116614083163,0.03183562300750219,0.058686864968024534,2024-12-01,27933.0,bayesian_runlength,False
1147,29004.915110099515,34103.70634253705,35909.59387772334,40828.59381555281,0.029822502242830316,0.05295769700394204,2024-12-01,36263.0,bayesian_runlength,False
1148,24358.64669767797,29625.70810697536,30403.946041693904,35493.57027644534,0.0501899670096361,0.08965630494575486,2024-12-01,32192.0,bayesian_runlength,False
1149,24706.73653886857,30587.190699560815,30991.97321787811,35089.58645994295,0.11112002258861964,0.19401454381984226,2024-12-01,31073.0,bayesian_runlength,False
1150,38388.033673426784,45574.1787187406,45519.784963346974,53396.56280791477,0.011429694287483735,0.019919982249701672,2024-12-01,47561.0,bayesian_runlength,False
1151,34729.46654127154,42505.49981474389,43637.73660385019,50298.88947369133,0.026500901210973187,0.04762426358874193,2024-12-01,45060.0,bayesian_runlength,False
1152,34056.176398745054,42670.92150529013,45682.99565030372,49540.36185233977,0.12219956335237853,0.22256256287004308,2024-12-01,45042.0,bayesian_runlength,False
1153,22555.93751518785,28239.866887360833,28423.225908540302,32917.50950654768,0.0348500606492956,0.06275220777340296,2024-12-01,30264.0,bayesian_runlength,False
1154,31535.547975991198,38926.4489719915,40452.75865544023,47441.565101010325,0.04967031702089941,0.08914171740485287,2024-12-01,42493.0,bayesian_runlength,False
1155,23675.323347279988,29262.091352140636,30188.971850197377,34596.615070421925,0.016662487419208987,0.03032853199110059,2024-12-01,31684.0,bayesian_runlength,False
1157,29881.07354023857,36470.57049710762,37578.15305602748,41717.350267594185,0.012514883895117429,0.021883521463131488,2024-12-01,37372.0,bayesian_runlength,False
1158,25029.10238410235,31036.954759823966,31525.896422291728,37033.83174793569,0.013620406546401518,0.024305733865187303,2024-12-01,33798.0,bayesian_runlength,False
1159,21385.214657142005,27147.13203131013,27166.376669387468,29359.44953550116,0.056353154359496595,0.1031439503842606,2024-12-01,26559.0,bayesian_runlength,False
1160,26219.178635484343,31269.652698731617,32012.37358075927,37031.285260638935,0.008860574524888217,0.015544281538511203,2024-12-01,33459.0,bayesian_runlength,False
1161,27557.120091784993,33484.40263328034,34729.86564599901,40222.95829558753,0.018907641209178094,0.03474805085616083,2024-12-01,36231.0,bayesian_runlength,False
1163,25096.50732580021,30678.02719303383,30332.613579879588,36329.03219158844,0.015095905421113965,0.026906923422314367,2024-12-01,32951.0,bayesian_runlength,False
1164,24401.167672259333,29475.783541745313,28934.09482167459,33488.70614980967,0.09396186334602544,0.16662900661373692,2024-12-01,29017.0,bayesian_runlength,False
1165,38601.89585867109,45787.05596168761,46823.04410018888,53994.56969899089,0.014409065865463783,0.025304114184020544,2024-12-01,48199.0,bayesian_runlength,False
1166,22312.574689380475,27380.048146874975,28785.750469015864,32656.294618282478,0.027832669123157662,0.05009196309313018,2024-12-01,29754.0,bayesian_runlength,False
1167,23646.519040238396,28889.550958250482,29741.64634969667,35167.21941242288,0.04305359639610473,0.07721609832691655,2024-12-01,31916.0,bayesian_runlength,False
1168,23436.346803803724,29263.96226634693,29866.770792947187,35482.059808578706,0.019960118000753136,0.036105348774537756,2024-12-01,31847.0,bayesian_runlength,False
1169,34061.43112482644,39870.0293227594,40170.25603295221,47269.208743512485,0.011342239226690243,0.019984497651143487,2024-12-01,41920.0,bayesian_runlength,False
1170,24119.15651313536,29035.486444952694,29011.53357591163,35227.77238339698,0.07513285556490944,0.13373375627590284,2024-12-01,32897.0,bayesian_runlength,True
1171,20422.374605538076,24474.919343233207,25153.882285876163,29504.185191735953,0.061722667632091124,0.11132082279215119,2024-12-01,26976.0,bayesian_runlength,False
1172,20312.508720642676,25471.251459442345,25895.729053748862,30070.115356775757,0.034078455591358324,0.061031430605711284,2024-12-01,27882.0,bayesian_runlength,False
1173,23266.157859393308,27514.402622364676,28547.34875082293,33433.712102029895,0.08174948011461632,0.14559383505013887,2024-12-01,30858.0,bayesian_runlength,False
1174,20636.07073992664,25560.936245026027,25873.838338888396,30191.59494128479,0.04458668719007522,0.08079938931578422,2024-12-01,27607.0,bayesian_runlength,False
1175,21437.24466667318,26439.075877925396,27050.02049306893,30619.666230059185,0.021214925291734663,0.03796280460100288,2024-12-01,28198.0,bayesian_runlength,False
1176,39616.92863482748,46332.454274813455,46583.00323383445,55412.15544927993,0.017721810223255682,0.031141694798472692,2024-12-01,48687.0,bayesian_runlength,False
1178,20959.88127179475,26211.1969895749,24494.654465050706,29877.255679900263,0.016708948787751712,0.029892246063386585,2024-12-01,26892.0,bayesian_runlength,False
1179,31760.342475338755,34357.30188442409,32808.51664475567,43041.61947198941,0.10642797703167807,0.1857839705836251,2024-12-01,37975.0,bayesian_runlength,False
1180,21978.021644574943,26448.483380826925,25897.21671980458,29897.9338348303,0.03266825460559822,0.057675810568690374,2024-12-01,27236.0,bayesian_runlength,False
1181,26991.21727811793,31489.64886908736,31339.621563035485,37551.65036860921,0.014400197846871214,0.025517958109982284,2024-12-01,33177.0,bayesian_runlength,False
1182,27424.865656817463,31567.156028985064,31181.120327628778,38909.210844104804,,,2024-12-01,34026.0,bayesian_runlength,False
1183,24334.350566233526,24980.35508227869,26889.317670625132,30424.317298996517,,,2024-12-01,27032.0,bayesian_runlength,False
1184,32825.9239822006,36461.59929850734,36541.479831707,47780.65140547494,0.025174657438542948,0.04499482524549687,2024-12-01,43335.0,bayesian_runlength,False
1185,22560.742377091177,27024.147293837137,26766.917702816976,32214.078803127002,0.017883053919271162,0.032074497493201605,2024-12-01,29042.0,bayesian_runlength,False
1186,39115.02433976678,46089.12235504051,46575.1278103106,54707.08069896463,0.023156175311798116,0.04075373978687533,2024-12-01,47765.0,bayesian_runlength,False
1187,25648.869287174304,30492.417751043744,30296.028591642433,36852.15281923401,0.023851483628747897,0.04265665882862958,2024-12-01,33488.0,bayesian_runlength,False
1188,42113.848288688205,48341.87894321265,48978.67182483257,60231.84515629712,0.03664523920830552,0.06505389420037133,2024-12-01,51675.0,bayesian_runlength,False
1189,23803.37815567103,29323.69046025043,29072.675860946605,35312.14031000267,0.03413534759121034,0.06336668825382598,2024-12-01,31892.0,bayesian_runlength,False
1190,38558.722043795184,43752.0701659781,44482.79154707658,55087.38806456188,0.029004767988455773,0.05171204082441323,2024-12-01,48109.0,bayesian_runlength,False
1191,25071.775881437385,29961.82158152507,29858.195437336028,35941.37835719527,0.01863239892818407,0.033534800302948795,2024-12-01,31958.0,bayesian_runlength,False
1192,22305.043379119674,27470.279872009323,27550.050522605732,32940.85971796715,0.018054775361117565,0.03204509467404441,2024-12-01,29496.0,bayesian_runlength,False
1193,21532.344798654703,26067.234608831262,26764.59037095517,30406.203690592385,0.09391024642289464,0.16396606265414163,2024-12-01,27457.0,bayesian_runlength,False
1194,21497.207854314114,25865.46106679151,25814.939018166653,30258.174786544318,0.030231702149887046,0.055869826007907235,2024-12-01,27857.0,bayesian_runlength,False
1195,19518.070808037883,23397.083560011277,23398.786056295216,28004.31167051742,0.03211331394899281,0.05734662837580031,2024-12-01,25387.0,bayesian_runlength,False
1196,23344.44790713164,28251.00109791897,28558.950449396176,34597.08864450852,0.03379576203241284,0.06105718863347981,2024-12-01,31464.0,bayesian_runlength,False
1197,27532.64027958043,32455.46987601372,32002.831160474332,39796.03602492504,0.01296567981297155,0.022901947196864107,2024-12-01,34809.0,bayesian_runlength,False
1198,38256.68578635095,45027.55633863297,44681.596800720494,54220.775041407775,0.012496996805914649,0.02196259495375265,2024-12-01,47484.0,bayesian_runlength,False
1200,23421.372269189484,28535.00751197993,27755.9219938728,32574.67800089428,0.013323267492380593,0.02343469546314857,2024-12-01,29739.0,bayesian_runlength,False
1201,25292.91052788184,30650.162777010813,29858.161782820673,35580.43132887363,0.14372581417695074,0.246045535867687,2024-12-01,32302.0,bayesian_runlength,False
1203,25392.450330819087,30088.36210368126,29614.135319948662,34984.9532741949,0.015809590590285624,0.0279834046654573,2024-12-01,31443.0,bayesian_runlength,False
1204,22076.36515433094,26743.82763180851,26751.46150204494,31869.149085604222,0.022041928590541916,0.039657265107661724,2024-12-01,28656.0,bayesian_runlength,False
1205,25606.232778453956,31195.99066241684,30757.480880152685,37102.74882819449,0.01965127744071639,0.03466131602446167,2024-12-01,33377.0,bayesian_runlength,False
1206,28560.4296355687,33496.15509806214,33410.592314156616,40105.189300767415,0.0319772463082341,0.05662839758927887,2024-12-01,35541.0,bayesian_runlength,False
1207,28104.712644411837,33779.19400795061,33412.127949971706,41093.825099114096,0.010551055309879985,0.01854412011900775,2024-12-01,36404.0,bayesian_runlength,False
1208,24278.24736987464,28403.896696953852,28601.604063420556,33734.60944042133,0.02091258111352112,0.0378262522877746,2024-12-01,30520.0,bayesian_runlength,False
1209,26651.917804873374,31267.258784510894,31064.47017464474,38312.557745801256,0.009751888584974616,0.017084154042867842,2024-12-01,34618.0,bayesian_runlength,False
1210,23850.756720195895,28499.34431431048,29094.662321961594,33037.09314743045,0.1347264205473577,0.23279104662065464,2024-12-01,29510.0,bayesian_runlength,False
1211,28219.035810332993,33654.909719987285,33153.91459224663,40222.59182275774,0.023783470106243952,0.042134066203443336,2024-12-01,35124.0,bayesian_runlength,False
1212,33036.66943318316,38242.82022917617,38031.90130684605,46774.37100791012,0.02486132196460041,0.0440639484908362,2024-12-01,40847.0,bayesian_runlength,False
1213,24627.611949180064,29603.872164899152,29037.627457419578,35266.84686686352,0.021347319286537013,0.03828865039414508,2024-12-01,31871.0,bayesian_runlength,False
1214,21243.296234204794,26274.43553936152,25717.508156046082,30439.248330759805,0.014603593896902094,0.026005237854593462,2024-12-01,28189.0,bayesian_runlength,False
1215,23473.799572907083,27675.510997193338,27712.25278202897,32863.310622536395,0.015861891664053423,0.02879222516974507,2024-12-01,29544.0,bayesian_runlength,False
1216,22197.268780996976,26388.558013510425,25907.54181412936,31147.480114218386,,,2024-12-01,27987.0,bayesian_runlength,False
1217,23262.857285534188,28630.45889807011,29363.59124927326,33622.24139078631,0.03209123781898375,0.057603053337386516,2024-12-01,29884.0,bayesian_runlength,False
1218,24902.908430760323,29867.48079028561,29193.543848111647,34842.62204228922,0.0164256065783464,0.029543235041733413,2024-12-01,31405.0,bayesian_runlength,False
1219,26820.488229925526,32300.126386915268,32020.36588652642,38099.9627649021,0.028586208912567686,0.05084352995856428,2024-12-01,34154.0,bayesian_runlength,False
1220,24622.4692471792,30699.483192676587,31444.859513925316,36222.57260211393,0.11772967953561853,0.2093589442954257,2024-12-01,32766.0,bayesian_runlength,False
1221,28803.935005457613,34685.21937826197,35287.194586127356,41986.980889056686,0.013025293537575089,0.023109224819198516,2024-12-01,36754.0,bayesian_runlength,False
1222,20735.31708785535,24420.821936783643,24733.960768301287,29428.461774974137,0.09991326531515723,0.17776713263831365,2024-12-01,26432.0,bayesian_runlength,False
1223,23385.406651747504,28157.98272931648,27880.358608106893,33427.516818146425,0.012025153123664348,0.021586701466055108,2024-12-01,30201.0,bayesian_runlength,False
1224,37878.46549699189,44824.75578884252,45635.323704501454,53383.31259741177,0.015395999818346075,0.026839145493032086,2024-12-01,46932.0,bayesian_runlength,False
1225,29140.30953983219,34259.4593627746,34384.53870922167,40981.56436142217,0.007807762780399492,0.013566324585245622,2024-12-01,36313.0,bayesian_runlength,False
1226,31776.110730589604,37663.05121038714,37880.37817979109,44656.36295117119,0.011335746454948857,0.019680236822915496,2024-12-01,39335.0,bayesian_runlength,False
1227,30708.2872943286,36028.18392575504,37904.8557365549,43399.01600941667,0.013442652944213337,0.023619182482599668,2024-12-01,37540.0,bayesian_runlength,False
1228,28914.89866994931,33878.39366789476,35123.43676780193,40492.285148889496,0.01290181743971622,0.02249174012673748,2024-12-01,35485.0,bayesian_runlength,False
1229,32126.253480161442,37700.46924540319,37959.882590387955,44499.99428968189,0.01245945292274532,0.021819888997890426,2024-12-01,39261.0,bayesian_runlength,False
1230,33196.56303376194,39210.34141807446,40012.15365128854,46511.64275877134,0.01038529832368378,0.01807934735549077,2024-12-01,40723.0,bayesian_runlength,False
1231,35237.2195105474,41386.78295723818,42203.29914015478,48563.52486877092,0.017371720795170957,0.0302750245956017,2024-12-01,42952.0,bayesian_runlength,False
1232,29768.972240905885,35764.774594297895,36330.146249507685,43115.323991039746,0.012219938046364873,0.021405120325740705,2024-12-01,37519.0,bayesian_runlength,False
1233,35817.801576604776,42324.66079628962,42966.27469716476,49628.69313296847,0.023682654378112955,0.04129678558390038,2024-12-01,43752.0,bayesian_runlength,False
1234,30237.13782679631,36118.70599885088,37234.54912642834,43086.47708418232,0.013688687721288655,0.023754973589561305,2024-12-01,37823.0,bayesian_runlength,False
1235,29094.355094200535,35246.193262386376,37101.562301650614,42680.503051964886,0.010014520388639765,0.017384098362506185,2024-12-01,37290.0,bayesian_runlength,False
1236,32285.989625814622,38332.34375846371,39110.211468257345,45312.92126882127,0.012666017296634349,0.022052512898471117,2024-12-01,39853.0,bayesian_runlength,False
1237,27958.08781438065,33977.451070673866,34636.60828564024,39946.05100614878,0.011869736598941288,0.020996086453996084,2024-12-01,34983.0,bayesian_runlength,False
1238,32580.439850122166,38771.645208210466,39533.57395281897,47153.30388506748,0.007850884587345598,0.013673614765225687,2024-12-01,41308.0,bayesian_runlength,False
1240,26400.14331478317,31338.623259370794,33178.41172491097,38490.800111133096,0.052512793473228445,0.09597901412002509,2024-12-01,33608.0,bayesian_runlength,False
1241,27584.680557806027,33039.897656831185,34575.584941143505,39882.47499148108,0.012127367290229885,0.021080542585105545,2024-12-01,34685.0,bayesian_runlength,False
1242,23166.16822857517,28326.86119185974,28869.81709805294,34249.14412848069,0.011059382391536718,0.019834398406046925,2024-12-01,30146.0,bayesian_runlength,False
1243,34149.398245403296,40381.645025743215,41095.103176227436,46295.294739475146,0.031037860459770406,0.05499243368046589,2024-12-01,40673.0,bayesian_runlength,False
1244,25310.312835072233,30122.11154148425,31618.45313187326,36897.91654221881,0.021462563994133724,0.03840609289424073,2024-12-01,32251.0,bayesian_runlength,False
1245,25830.56369420052,27655.335647291882,31599.352928538552,35921.0829603652,,,2024-12-01,31655.0,bayesian_runlength,False
1246,26148.039131408765,31321.87721687414,31893.983559419983,37969.53264290025,0.012276569028427498,0.02171070177293073,2024-12-01,33584.0,bayesian_runlength,False
1247,30127.688724266533,33112.56003304363,33001.4586869503,38530.33251174145,,,2024-12-01,33896.0,bayesian_runlength,False
1249,25898.199496594243,31415.42342677984,32928.18491223978,38916.62870391945,0.008899728894254496,0.01565736314176411,2024-12-01,33851.0,bayesian_runlength,False
1250,33841.23554229585,40876.46217633949,42003.661303719135,48917.17808174718,0.01123263090887024,0.01955422870811306,2024-12-01,42755.0,bayesian_runlength,False
1251,25333.14615771619,31132.799736193,31241.86793650753,37419.53250899402,0.014111250014828457,0.02569338439234356,2024-12-01,33242.0,bayesian_runlength,False
1252,28566.292202717945,34196.2142271529,35782.51069116528,41201.33043344527,0.016846565331780635,0.02960300979282674,2024-12-01,35610.0,bayesian_runlength,False
1253,23399.438543214317,28718.887554871395,28490.583864677148,34051.83127406074,0.03147802864237388,0.0560353207562664,2024-12-01,30911.0,bayesian_runlength,False
1254,25510.3945707635,31063.379936124515,32333.874290538166,38160.48856306184,0.022194477967180225,0.039947642340143995,2024-12-01,33005.0,bayesian_runlength,False
1256,25436.681419063283,30877.76653645631,31578.673388229763,36880.094066639576,0.01636200117784689,0.02939791419710465,2024-12-01,32381.0,bayesian_runlength,False
1257,26935.08361440997,32820.57313721456,33865.84620072862,39911.24379933683,0.025442775288963132,0.045502076064878154,2024-12-01,34515.0,bayesian_runlength,False
1258,35660.81419456301,42271.87858992374,42256.40317766912,50175.455595491716,0.01343049977101177,0.02355607868564477,2024-12-01,43969.0,bayesian_runlength,False
1259,24349.6983033921,28653.65443557077,28578.25641991241,34069.34949489555,0.020596048522670482,0.03650998087547276,2024-12-01,30143.0,bayesian_runlength,False
1260,30734.268725440183,36130.919034718376,36001.27118090998,41845.663522609655,0.026899155331511812,0.047817901457313836,2024-12-01,36892.0,bayesian_runlength,False
1261,22053.35975641671,26947.73797006957,26386.94057885293,30536.00474885715,0.014532443578738485,0.025850950139181587,2024-12-01,27203.0,bayesian_runlength,False
1262,23370.183201376407,28130.767777968034,27908.874166768335,32333.193784642703,0.009435090129607741,0.016611461686242186,2024-12-01,28961.0,bayesian_runlength,False
1264,18889.754981413087,22709.47623013725,22693.32194406594,26591.508855994885,0.029705850101419552,0.056172287162105344,2024-12-01,23937.0,bayesian_runlength,False
1265,18456.230829873748,22396.471196622173,22873.858188958846,25349.156319442838,0.02139215159570941,0.038711995612435705,2024-12-01,23023.0,bayesian_runlength,False
1266,18597.356366171443,22381.95364431107,22286.0907599663,25754.70827943463,0.02886603148211965,0.05301461569225655,2024-12-01,23145.0,bayesian_runlength,False
1267,16568.825220839954,20354.121487501514,20736.39026926569,23446.27595120309,0.029962794065386284,0.05689978369104288,2024-12-01,20705.0,bayesian_runlength,False
1268,22079.897045323458,26343.91487490136,26500.074377857938,31033.890422020784,0.023480896501676524,0.04288268900626377,2024-12-01,27701.0,bayesian_runlength,False
1269,18936.545970522115,23415.865440974303,23256.307822421786,26825.245639698995,0.07231685014815505,0.13013729498391874,2024-12-01,23495.0,bayesian_runlength,False
1270,20438.59468323142,24698.35128675753,24203.637920028712,27251.241128269896,0.06585720964039044,0.11654474604319164,2024-12-01,24288.0,bayesian_runlength,False
1271,17849.80018898433,22278.280051180853,22848.488516849073,25485.357132773315,0.03945331205907187,0.0723630898742313,2024-12-01,23058.0,bayesian_runlength,False
1272,19737.087085868923,23988.98148183971,24045.761889220277,27350.333908319364,0.03152080263357178,0.05634249978460492,2024-12-01,24430.0,bayesian_runlength,False
1273,17972.26505397719,21318.04087152002,21774.16322229877,24695.096857036744,0.019415981546330018,0.03438915124499319,2024-12-01,22083.0,bayesian_runlength,False
1274,17984.569957554177,22258.301333195097,22497.697072768427,25406.55404703546,0.015589147245489493,0.027785274682822804,2024-12-01,22847.0,bayesian_runlength,False
1275,25126.98166532962,30523.69079097085,29986.3095642766,35011.144395583324,0.02351056178773838,0.041612437794031794,2024-12-01,30955.0,bayesian_runlength,False
1276,18089.5609447842,21246.11974014162,21333.68001526061,24618.121529610355,0.028775676174114154,0.05058733406660711,2024-12-01,22588.0,bayesian_runlength,False
1277,20537.411180916835,24925.80656909044,24527.83561178018,27730.89106661867,0.037770218145094514,0.0672182844111692,2024-12-01,24687.0,bayesian_runlength,False
1278,18674.630562994105,22159.778827086808,22580.443123574463,25478.10267917366,0.025519301427365495,0.047264344812937696,2024-12-01,22783.0,bayesian_runlength,False
1279,20867.422561657015,25525.025074433757,25844.523120880127,28728.649378192524,0.014341218031525091,0.025156675097579916,2024-12-01,25731.0,bayesian_runlength,False
1280,19117.93196122196,23345.67085502614,22964.857409992594,26449.5815788099,0.012747426985491318,0.022611503275076005,2024-12-01,23697.0,bayesian_runlength,False
1281,18477.556160715212,22477.343195098067,23087.749853079553,25511.837321188617,0.01606782573723772,0.02851838802991351,2024-12-01,23128.0,bayesian_runlength,False
1282,16753.738305002666,21067.828293219936,20726.06487085803,23647.946525058607,0.04347358554446496,0.07846256345438256,2024-12-01,21091.0,bayesian_runlength,False
1284,19087.678352915682,23475.499845678758,23574.49552368889,26709.724305691525,0.016207039401690014,0.028912472854977347,2024-12-01,23988.0,bayesian_runlength,False
1285,22973.08289762682,27322.95455776216,27719.796414925906,31731.849758941356,0.012728326001216879,0.022702682820546237,2024-12-01,28679.0,bayesian_runlength,False
1286,20635.6819909988,24530.9254198528,24744.27854375296,28584.846793307348,0.0343502336194576,0.06163743350444494,2024-12-01,25821.0,bayesian_runlength,False
1287,20108.861582696092,24332.901751236455,23794.02809545483,27475.067252553876,0.05388484231121288,0.09664167262047729,2024-12-01,24584.0,bayesian_runlength,False
1288,18607.656345825864,22684.679632430194,22654.608740766755,25766.57754159106,0.022260275763279738,0.03948190342718422,2024-12-01,23045.0,bayesian_runlength,False
1289,18656.557654759064,22914.338557187242,23236.470215932703,27014.460896912973,0.025808948290920997,0.046829669844993066,2024-12-01,24446.0,bayesian_runlength,False
1290,19512.766969091244,23770.754936596368,23929.401385540674,26922.108560913537,0.01636637044215569,0.0299681037971086,2024-12-01,24142.0,bayesian_runlength,False
1291,17179.676799721812,20428.665658732232,20848.396926583493,22672.886229932923,0.018224446921286337,0.03260347276548026,2024-12-01,20529.0,bayesian_runlength,False
1292,19033.322131353267,23831.773330779903,23321.709232443598,26447.047879585945,0.013097976525066142,0.02330668887816763,2024-12-01,23754.0,bayesian_runlength,False
1293,21132.134773355217,25593.59525348698,25821.343766579284,28668.38684632054,0.03280093376243605,0.05902191806071873,2024-12-01,25670.0,bayesian_runlength,False
1294,20826.900771957982,25145.49588319858,25475.829878485743,28949.518818272307,0.008405266733300547,0.014659599069886403,2024-12-01,25930.0,bayesian_runlength,False
1295,18020.232459510382,20791.09438435055,20120.27709345719,24363.79498077061,0.27425181272245286,0.434793719922283,2024-12-01,21848.0,bayesian_runlength,False
1296,18504.67245133316,22946.218583851463,23010.082314533724,25726.39050364789,0.05768215552730658,0.10096307681858922,2024-12-01,22763.0,bayesian_runlength,True
1297,17658.74913863025,21593.990888697925,22051.922784712093,25299.681484951965,0.013903626539594508,0.024767702476388313,2024-12-01,23037.0,bayesian_runlength,False
1298,20166.727743541986,24535.077248391783,24743.398178218253,28601.44365337851,0.015586331892109504,0.027555431804735155,2024-12-01,25361.0,bayesian_runlength,False
1299,18036.28840879162,21556.35817403836,21833.832940640426,25334.92353154525,0.01366438620447268,0.02463364557573156,2024-12-01,22781.0,bayesian_runlength,False
1300,19185.285745206842,23627.009506150418,23433.507073222154,27189.603845023525,0.012556455245735619,0.02242897727378256,2024-12-01,24695.0,bayesian_runlength,False
1301,19850.815157414196,23713.680834431158,23922.137963751033,27406.403265017005,0.0767944494759743,0.13848429928691158,2024-12-01,25007.0,bayesian_runlength,False
1302,20258.440555269673,24165.410723206678,23825.61569798858,27268.139474504398,0.012911102867123988,0.023083004376588553,2024-12-01,24852.0,bayesian_runlength,False
1303,33332.675628845725,39374.138297116624,39341.03436258368,46973.76192685744,0.017372188432340892,0.030556433332749378,2024-12-01,40884.0,bayesian_runlength,False
1304,23369.9273520251,28544.255278614626,28205.116349681033,31787.3027494158,0.017652000459323466,0.031051053394018854,2024-12-01,28682.0,bayesian_runlength,False
1305,25653.742355584764,30315.249998171494,27372.8412403032,34548.26192264331,0.1229928529882541,0.2166456699736802,2024-12-01,30876.0,bayesian_runlength,False
1306,25327.560719802867,30396.809281619644,30052.95810396799,35012.74666995668,0.014394776841316351,0.02544916287910039,2024-12-01,31889.0,bayesian_runlength,False
1308,25104.341639182665,30080.275556308003,30224.86095106267,35394.520160259824,0.014954207601390558,0.02623051034927701,2024-12-01,31638.0,bayesian_runlength,False
1309,20588.101231420063,24606.544562849504,24228.218181188327,30024.024300108056,0.015759539374451157,0.02795264834286813,2024-12-01,27320.0,bayesian_runlength,False
1310,23012.491410369897,28212.67914188961,28364.542454171453,31599.628204190034,0.019864152868998678,0.03520078377443109,2024-12-01,28580.0,bayesian_runlength,False
1311,19608.992175479143,23202.080865959033,23974.86329395412,27882.24804464205,0.020202491584042,0.036192658660445236,2024-12-01,25001.0,bayesian_runlength,False
1312,22977.46105089965,27964.06240669033,27101.540243125175,32487.318010564202,0.030265281264621528,0.05318214515786216,2024-12-01,28843.0,bayesian_runlength,False
1313,19352.691447944577,24065.120192308532,24625.863757330204,27672.998885200574,0.030336844563669727,0.05541846066287279,2024-12-01,24654.0,bayesian_runlength,False
1314,20096.77435545884,24591.813094534366,25858.781339396708,29433.661190905234,0.00917764671337615,0.01612390311959859,2024-12-01,26049.0,bayesian_runlength,False
1315,30809.89320532277,36473.90799441615,36527.851735805605,43391.19783412224,0.0240276377627914,0.042126355906788975,2024-12-01,37846.0,bayesian_runlength,False
1316,24588.866200098466,29346.784248182594,29701.10824604236,34219.19434104832,0.040811397593300665,0.0739666057494345,2024-12-01,30504.0,bayesian_runlength,False
1317,19355.60343976132,22884.118917998738,23245.980680078974,26811.709761583894,0.017569183567509715,0.03164128242388422,2024-12-01,23683.0,bayesian_runlength,False
1319,19987.982213217147,24026.881492031313,24600.342763678294,28446.25185091615,0.018515715571782023,0.03349108508643318,2024-12-01,25249.0,bayesian_runlength,False
1320,22407.766817310563,27082.6443570472,27300.547208038657,32471.244556197104,0.011479598521218277,0.02040137541409635,2024-12-01,29020.0,bayesian_runlength,False
1321,23691.809800554503,29194.14480172128,29391.738981952654,33471.035373655715,0.017370523375928305,0.030825562733478334,2024-12-01,29783.0,bayesian_runlength,False
1322,19923.92986915712,24887.224814702815,25683.100637731495,28874.936462564787,0.015371567000155885,0.02752970017672263,2024-12-01,25826.0,bayesian_runlength,False
1323,19650.998392246383,23764.662621102976,23593.63189701592,27508.582153518946,0.017890189162107058,0.032368927917641184,2024-12-01,24792.0,bayesian_runlength,False
1324,19894.76798493837,24303.498985630733,24903.78108607699,30206.238959732797,0.041082943678945646,0.0749814057827222,2024-12-01,27164.0,bayesian_runlength,False
1325,20460.94960536139,24483.32029822617,25254.377252812672,29713.316419440536,0.16532616019569443,0.2789509666031235,2024-12-01,27232.0,bayesian_runlength,False
1326,21215.404010905564,25407.10544247826,25720.003667069446,31014.841908852995,0.0885896288471698,0.16140767610775977,2024-12-01,28245.0,bayesian_runlength,False
1327,19353.06608263285,23723.13700224091,24352.83198073829,28875.186232207,0.020331768580491138,0.036386064203057525,2024-12-01,25546.0,bayesian_runlength,False
1328,19853.462129461852,23670.05621977251,23906.308131365415,28217.549901565213,0.02170803184862035,0.04009947301512052,2024-12-01,25921.0,bayesian_runlength,False
1329,21488.41225594482,24967.088790104073,25406.261589781097,28941.023136524767,0.10932210599108327,0.187179315582245,2024-12-01,25246.0,bayesian_runlength,True
1330,20143.971855236196,24746.683164631508,24497.342784369153,28516.798191179772,0.03889418331866916,0.07241731075608543,2024-12-01,25279.0,bayesian_runlength,False
1331,21220.569513446433,25554.55629826733,26865.098516117865,31527.913537150896,0.030735136022893784,0.05675387486394886,2024-12-01,28688.0,bayesian_runlength,False
1332,21983.256946348385,26456.830654945847,27588.825132624235,32401.930079498747,,,2024-12-01,29032.0,bayesian_runlength,False
1333,32585.577553308427,39092.09187451044,39500.937282079154,47170.566754171945,0.00698725270935197,0.01216331147098752,2024-12-01,40907.0,bayesian_runlength,False
1334,26707.071285668695,31609.74714431192,32216.24354346646,38182.37485165395,0.007381110884261392,0.012860811784075136,2024-12-01,33428.0,bayesian_runlength,False
1335,18050.26311798236,21808.42971545067,21959.88907147498,26360.756493065328,0.058665177113695705,0.1048375389940397,2024-12-01,23619.0,bayesian_runlength,False
1336,16038.694147591954,20080.697751781052,20110.64663876356,23930.970114498003,0.03993176442816154,0.07222509936701141,2024-12-01,21682.0,bayesian_runlength,False
1337,17887.22490043529,22160.52884175178,21469.42693385666,25369.24133837791,0.0357905916924569,0.0647564922996508,2024-12-01,23132.0,bayesian_runlength,False
1338,21236.35602712425,25837.72686331161,25796.596697519133,30288.973197513973,0.019174570222036592,0.035006498537648166,2024-12-01,27338.0,bayesian_runlength,False
1339,16943.247761819886,20636.934212228713,19411.507527581885,24560.396612069217,0.21659681702523456,0.342450637416404,2024-12-01,22909.0,bayesian_runlength,True
1340,19459.291050213353,23717.820382318227,23898.093863829123,27919.029875401935,0.013817608050895921,0.024958898059099992,2024-12-01,25270.0,bayesian_runlength,False
1341,21183.000706829902,26070.195475299362,25527.02794106091,30234.973536582173,0.009276445975375532,0.016238333483956733,2024-12-01,27113.0,bayesian_runlength,False
1342,26020.474163613035,32015.915462311354,31408.63042508148,36898.03619053874,,,2024-12-01,32024.0,bayesian_runlength,False
1343,19009.592123103874,23108.77801948755,23052.651657986844,27478.26685950404,0.036215393941797624,0.06597784973107854,2024-12-01,24817.0,bayesian_runlength,False
1344,18213.769865526196,22568.97676000229,22162.72551324789,26278.733053563272,0.06122329943463815,0.11094040491813796,2024-12-01,24066.0,bayesian_runlength,False
1345,18992.3888739989,23554.922319110487,23596.489993772517,27954.515210736918,0.043134469051190484,0.0764363671082323,2024-12-01,25439.0,bayesian_runlength,False
1346,19355.891824651564,23601.724138961807,23990.304703582737,28571.28266772082,0.07247899483108927,0.12908101035253236,2024-12-01,25938.0,bayesian_runlength,False
1347,18360.87032404217,21676.099891392238,22120.568182026527,26218.81243726332,0.017635281287556138,0.03245712847550709,2024-12-01,23836.0,bayesian_runlength,False
1348,19075.953120825154,22752.507413295585,22313.328222120665,27079.65714830727,0.1804547185974463,0.29729537968926484,2024-12-01,25013.0,bayesian_runlength,True
1349,16553.17864382953,19738.93452160801,19737.267650325004,23555.939307119534,0.08895704090010681,0.15799459159496834,2024-12-01,21184.0,bayesian_runlength,False
1350,16767.942653418766,20349.70885824418,20420.45944769728,24069.763782854065,0.01862429490031557,0.033071846642792495,2024-12-01,21658.0,bayesian_runlength,False
1351,18598.235413640643,22589.742520290045,22236.67206969722,27547.090336789537,0.4003091785407971,0.5895545437788408,2024-12-01,24412.0,bayesian_runlength,False
1352,16861.789081755294,20388.240622531765,21068.48929031272,24120.320479152466,0.02003149208242509,0.036025139654444385,2024-12-01,21622.0,bayesian_runlength,False
1353,18125.065671874847,22765.78042645063,21770.331372510453,26256.135977122594,0.09140578474071208,0.158346432170294,2024-12-01,24142.0,bayesian_runlength,False
1354,23905.682105875305,27361.619531911627,26785.5125731945,32055.53895284626,,,2024-12-01,29253.0,bayesian_runlength,False
1355,18811.592733864607,22425.569251511395,22608.097183599853,27032.789286761807,0.08860297086108006,0.1589368400360919,2024-12-01,24256.0,bayesian_runlength,False
1356,21842.77380532168,26645.17753926515,26790.545878826633,31745.67306756319,0.01762752656925769,0.031474128436955344,2024-12-01,28686.0,bayesian_runlength,False
1357,22317.021207842507,27264.584308314254,27881.429447801424,33310.33480556734,0.05014259222346542,0.09093430825454649,2024-12-01,30264.0,bayesian_runlength,False
1358,20893.04233492774,24693.946848225285,25811.51816536767,30194.105952431004,0.025578734900010343,0.046094850725675804,2024-12-01,27224.0,bayesian_runlength,False
1392,32383.460094597867,38247.52619065678,38514.31239538614,44967.72244728762,0.010584653285374057,0.018598616305010116,2024-12-01,39993.0,bayesian_runlength,False
1393,32409.741178188764,38852.48680679182,40248.886282978536,46761.196260044526,0.010551360763289845,0.018622872242940656,2024-12-01,41425.0,bayesian_runlength,False
1394,35840.73800155442,42543.37634720957,43156.63182987927,51076.99972370429,0.008778290039015242,0.015306259224841115,2024-12-01,44793.0,bayesian_runlength,False
1395,46173.30522506712,53871.39433982738,54370.64299239621,64162.608301834975,0.014863832202448968,0.02608030499895734,2024-12-01,56677.0,bayesian_runlength,False
1396,40469.168826950976,47192.36862228707,48305.832803661804,57025.4549669446,0.010644752204370061,0.018624041855458833,2024-12-01,50052.0,bayesian_runlength,False
1397,40803.77344369854,47862.44376583847,48368.955994861244,57462.475749121855,0.015701750039857697,0.02771492766239929,2024-12-01,50502.0,bayesian_runlength,False
1398,40264.781720624545,47337.618003644326,47689.89442288942,55732.61285767003,0.01135004274252754,0.01977530236176245,2024-12-01,49412.0,bayesian_runlength,False
1399,35345.00031868824,42582.72954934611,42353.19532789186,49502.27158798939,0.019255825644184682,0.034071624392867844,2024-12-01,43824.0,bayesian_runlength,False
1400,39727.609016191615,46703.24823139867,47279.34686155173,56588.75686816138,0.01217668389799352,0.02137963018047262,2024-12-01,49689.0,bayesian_runlength,False
1401,34608.733680750775,42252.83901042129,43565.563346642484,50419.25744454814,0.007809947140423279,0.013636792847703033,2024-12-01,44440.0,bayesian_runlength,False
1402,42985.56591689811,50131.12681788433,50524.37454592486,60475.367724551266,0.015164755487090098,0.026713509149416486,2024-12-01,53107.0,bayesian_runlength,False
1403,37788.76348035708,44799.78698576339,45267.65672493043,54986.34291517829,0.009831111949739813,0.017255908295869357,2024-12-01,48216.0,bayesian_runlength,False
1404,31072.065665820704,37235.27229484986,38186.03421731351,44388.27802421195,0.011323574938845032,0.019967416450727932,2024-12-01,39213.0,bayesian_runlength,False
1405,37122.13428724544,43596.667346770366,45399.735359332764,53346.164580747536,0.015864860809191177,0.027976544191374204,2024-12-01,46594.0,bayesian_runlength,False
1406,34072.15772790644,41406.470324567395,41941.74160433529,49192.33159224753,0.01308139059418063,0.023015151687729676,2024-12-01,43888.0,bayesian_runlength,False
1407,35562.317388518655,42147.443818387466,42476.04589161984,50755.15376651597,0.012179942390075568,0.0214489770286174,2024-12-01,44284.0,bayesian_runlength,False
1408,40278.7576448962,47378.754979075355,47774.7323054647,56874.318016941266,0.011968142187505748,0.020999084121502122,2024-12-01,49900.0,bayesian_runlength,False
1409,43546.574855233615,51605.7450873558,52090.11911315924,60719.00494446774,0.011507339980652908,0.020098134442024147,2024-12-01,53678.0,bayesian_runlength,False
1410,38558.84340247309,45063.06525377011,44671.60738223998,53991.181003430895,0.014511838227302757,0.02554842124841517,2024-12-01,46358.0,bayesian_runlength,False
1411,34328.23974161975,40211.86142112341,40026.786040305575,48313.01853082524,0.014335510621350026,0.02524792099347598,2024-12-01,41625.0,bayesian_runlength,False
1412,22002.136659079606,26369.586696677114,25921.278479576424,31180.295839820403,0.03948867180712629,0.07175990060048411,2024-12-01,27983.0,bayesian_runlength,False
1413,27313.87460672748,31638.630951691768,31443.65995363728,37787.123906919864,0.03207444475535936,0.05666452526086696,2024-12-01,33208.0,bayesian_runlength,False
1414,26727.933065213692,31892.040581295783,31511.22063977461,37439.964996744384,0.018003434734816165,0.031833036812356996,2024-12-01,33299.0,bayesian_runlength,False
1415,23622.25001280418,27344.94305814829,27297.708086255952,32817.843749004765,0.0076260848962178005,0.013313074926775779,2024-12-01,29373.0,bayesian_runlength,False
1416,21328.104965719787,24912.63366014079,25214.482249210527,29736.902835479013,0.0222726360418576,0.039538523892046026,2024-12-01,26444.0,bayesian_runlength,False
1417,21504.531286579357,25137.422182497892,24893.187972716263,29900.70400654862,0.012803734440482549,0.023113846504590932,2024-12-01,27229.0,bayesian_runlength,False
1419,23924.34805582057,27735.04874497059,27602.797238700172,33182.46439692674,0.01199335209276448,0.021130398600758823,2024-12-01,29636.0,bayesian_runlength,False
1420,21108.61018134952,24799.320683164668,25475.339172851007,29572.28959332172,0.02123963284119613,0.03846424726939463,2024-12-01,26595.0,bayesian_runlength,False
1421,23802.58728323195,27424.257886575,27954.33869728735,32680.254224587672,0.015589991664240407,0.027198712622919306,2024-12-01,29385.0,bayesian_runlength,False
1422,26050.021357363905,30571.326469550997,30421.64787007563,35738.17320548184,0.018316101090498027,0.03227598105789047,2024-12-01,31763.0,bayesian_runlength,False
1423,27279.003749710744,31952.114329472053,32003.351604342242,37526.25924966663,0.026267380881635577,0.0463691116206739,2024-12-01,32876.0,bayesian_runlength,False
1424,27232.711046529523,29170.063889984507,29080.072882891058,37486.11966733189,,,2024-12-01,33931.0,bayesian_runlength,False
1425,19552.38492288496,23267.015158377057,23997.252977977616,28146.604504117015,0.11873058842092214,0.20917032402118413,2024-12-01,25371.0,bayesian_runlength,False
1426,24815.72939344231,29362.412106323754,28691.900713254046,34301.35385501003,0.013730326718248325,0.024213860105791764,2024-12-01,30444.0,bayesian_runlength,False
1427,23804.16144963391,28475.98431579437,28512.356329918162,33788.15052402172,0.009784200380056679,0.017171440052203578,2024-12-01,29999.0,bayesian_runlength,False
1428,22391.01464653902,26411.060172948368,26289.790345542682,31208.763565068875,0.024837041200946788,0.04589948117092015,2024-12-01,27993.0,bayesian_runlength,False
1429,24282.554350021586,28792.336154550365,28432.387609008132,34856.40869038315,0.01704746136073759,0.030206337441786257,2024-12-01,31597.0,bayesian_runlength,False
1430,57892.40030805874,68701.93445449378,68693.34595650539,81736.02385434118,0.01692287221024863,0.0304499435277729,2024-12-01,74293.0,bayesian_runlength,False
1431,39136.99218766968,47954.3816921704,50360.48355222352,58833.99809706453,0.05188634217292349,0.09413805351172848,2024-12-01,54083.0,bayesian_runlength,False
1438,53460.76369967728,59489.21130436857,62816.12239265332,79363.7419114079,0.21579960052761085,0.37826978999565697,2024-12-01,70825.0,bayesian_runlength,False
1439,45813.067880731105,54092.02327478108,54206.4798131569,65240.835745624274,0.009073369167130826,0.015861431572354596,2024-12-01,58085.0,bayesian_runlength,False
1440,39769.716344930355,47034.57284936683,47168.557907450246,56087.12444111692,0.008562485472546996,0.014965769955622838,2024-12-01,50318.0,bayesian_runlength,False
1443,45219.289558077246,53436.89688211335,53365.22064754616,64957.57131904604,0.009248846553177438,0.016191461659715273,2024-12-01,57248.0,bayesian_runlength,False
1444,50292.777464413186,59340.393282272766,59590.11882119929,72059.51024615756,0.010183951555508575,0.017918805869995127,2024-12-01,63670.0,bayesian_runlength,False
1445,44570.78692234414,52694.19513685239,52854.39250279707,63723.272893159,0.009960242072960413,0.017452436392498757,2024-12-01,56381.0,bayesian_runlength,False
1446,47041.290608604635,55407.61098296325,55921.95608409209,67468.56896723135,0.010021970862500958,0.017557004363463895,2024-12-01,58943.0,bayesian_runlength,False
1447,36394.886649483204,43334.7006752519,43504.86169209188,52368.688221904275,0.012125223036792735,0.021454535630728497,2024-12-01,46205.0,bayesian_runlength,False
1448,45923.34841506708,54121.09354653284,54213.148726140025,65303.87287673811,0.009260722503624242,0.016184520404882472,2024-12-01,57924.0,bayesian_runlength,False
1449,30485.581181521004,37150.45721166924,37521.92637854999,45715.921911106634,0.009372416056251394,0.016390636232575435,2024-12-01,40505.0,bayesian_runlength,False
1453,47347.38164391471,56048.85196946662,56478.34778591554,67922.68743667124,0.008363090360600687,0.014572501784891102,2024-12-01,59563.0,bayesian_runlength,False
1454,37850.031436671234,45596.78282624129,47245.266489068155,55000.86424787994,0.011605964401218832,0.020190976099537312,2024-12-01,48247.0,bayesian_runlength,False
1456,49136.38581525309,58236.63471932773,58200.772163806316,69815.46006079264,0.012010975329201362,0.021063745513494613,2024-12-01,62054.0,bayesian_runlength,False
1457,49095.70622210844,57579.738025296785,57546.36274614591,69137.47298732246,0.012994755397261772,0.02281811056897594,2024-12-01,61194.0,bayesian_runlength,False
1459,53749.00592365105,62991.46072173928,63166.422387992934,76056.75546049286,0.009407118623533672,0.01647014075759006,2024-12-01,67719.0,bayesian_runlength,False
1461,45135.22844067748,53514.85989648447,53675.61394051943,64885.82786601926,0.01028330472045437,0.018002759791179494,2024-12-01,57342.0,bayesian_runlength,False
1463,36360.655556315636,44229.91773553261,44680.704474898914,54557.78547935976,0.011024270114146676,0.019296047127628772,2024-12-01,48454.0,bayesian_runlength,False
1464,44658.77704819957,53001.7845178139,53305.126803275176,64648.393637700974,0.00940318181674353,0.016500101748310306,2024-12-01,57284.0,bayesian_runlength,False
1465,45597.883873513325,53767.14528461344,54013.05947769969,64901.69616664329,0.009473342813175554,0.016535185474445827,2024-12-01,57432.0,bayesian_runlength,False
1467,49419.40433094049,58171.28981669048,57404.72539652137,70320.95326312394,0.009445868873794703,0.016599745002453467,2024-12-01,62502.0,bayesian_runlength,False
1468,45683.341416214935,54246.00465948018,54460.06520265008,66358.67337072194,0.007414116546428163,0.01291906611508559,2024-12-01,58259.0,bayesian_runlength,False
1472,43839.80517020104,52407.07709058158,52355.3801995624,63548.65091345266,0.00894391077978695,0.015644033533807847,2024-12-01,56406.0,bayesian_runlength,False
1473,32892.53752724091,39148.714314730336,38599.85691585343,46664.25453380324,0.017225051726560758,0.030483984777462787,2024-12-01,41785.0,bayesian_runlength,False
1474,30256.224556829806,37795.972125517896,37375.43347078064,42207.72096149513,0.027107140638334512,0.0483063235732496,2024-12-01,37515.0,bayesian_runlength,False
1475,49679.52805190552,58553.07469585197,57962.28990388863,69705.64412912366,0.010474098487173187,0.018365575844611563,2024-12-01,62568.0,bayesian_runlength,False
1477,38592.65999431009,45469.52659177578,46097.02935717984,56964.22572461551,0.010001770251744384,0.017662064004027776,2024-12-01,49666.0,bayesian_runlength,False
1478,31913.35773326944,39383.12298852769,40029.07719957591,47249.47022732084,0.019815337719408414,0.035390382033970845,2024-12-01,42423.0,bayesian_runlength,False
1480,39923.12700079376,47849.82374758778,47292.92037345053,57699.57415243778,0.009036157054181823,0.015851519843405562,2024-12-01,51486.0,bayesian_runlength,False
1481,43732.5802076679,52033.27633196697,52423.18076168215,63494.606850580356,0.010261630255393653,0.017988082258956692,2024-12-01,56188.0,bayesian_runlength,False
1483,39678.543612891204,46788.60812371662,47447.983430864115,58498.04610735582,0.011502878961853511,0.020264659516504583,2024-12-01,52050.0,bayesian_runlength,False
1484,43691.832843617485,51417.26045443454,52216.48921310698,63016.327691656734,0.007948147980913292,0.013809652352173626,2024-12-01,55609.0,bayesian_runlength,False
1486,34678.957030487,41426.245503155675,41882.20259854261,51574.05241418083,0.011916918150672123,0.021055340544107168,2024-12-01,45617.0,bayesian_runlength,False
1488,42160.815342841,49867.55730069263,50372.177937049135,60369.55123325837,0.010054942162804063,0.017542418111501687,2024-12-01,53423.0,bayesian_runlength,False
1489,36424.24919407063,43340.88157228702,44671.34028812094,53583.09244692608,0.00954940585258433,0.01668381760252294,2024-12-01,47021.0,bayesian_runlength,False
1490,39168.03838517388,46667.546958845014,46963.00587831536,56576.28830240988,0.00964532728108416,0.016792881777616172,2024-12-01,50128.0,bayesian_runlength,False
1491,41995.90512751393,49978.35367244727,50230.062585590145,60621.123331748255,0.009301344177242574,0.016287125058524,2024-12-01,53379.0,bayesian_runlength,False
1492,40472.75437559691,48365.08457065508,48607.407584035944,58979.31416868901,0.009682365682855121,0.016998518339265006,2024-12-01,52005.0,bayesian_runlength,False
1493,50510.81877950683,59112.9241679141,59485.80531947064,71025.70934591374,0.009631279481660664,0.016818425889715723,2024-12-01,63046.0,bayesian_runlength,False
1494,27434.76763160439,33055.25342198344,33312.38020287428,38532.93761898672,0.014003204770775294,0.025162292242984247,2024-12-01,34823.0,bayesian_runlength,False
1495,38763.65657465489,46774.728406994116,47017.57786219037,57830.01960930227,0.011203919369325887,0.019595027623988896,2024-12-01,51165.0,bayesian_runlength,False
1496,40575.52263387024,48719.24378691531,48604.48195820947,59215.345255446104,0.009155745760497552,0.016057004615015486,2024-12-01,52622.0,bayesian_runlength,False
1500,43372.23235594158,51285.07658279873,51606.07560687403,62538.82244603367,0.008745987181756213,0.015315239063104481,2024-12-01,55374.0,bayesian_runlength,False
1501,40964.39089378258,48289.052530892666,48860.9280417665,59421.62746438692,0.008585361548186876,0.015070548572966984,2024-12-01,52569.0,bayesian_runlength,False
1504,32687.262655768867,38575.760900395864,38895.85075458265,48261.142650023015,0.010521615075092002,0.018539267039365686,2024-12-01,42656.0,bayesian_runlength,False
1506,47343.396038260726,56166.058443178285,58266.52508927241,65437.81959271575,0.012231397996798832,0.021257481058056957,2024-12-01,58237.0,bayesian_runlength,False
1507,47480.13628000469,56887.33885342796,58272.53269961007,66000.27280074148,0.014749576318324749,0.02580013856429863,2024-12-01,58414.0,bayesian_runlength,False
1508,50453.50004538456,59764.90316930056,61210.25796951723,68450.74132675069,0.014407205691561878,0.02529048024135048,2024-12-01,60782.0,bayesian_runlength,False
1509,39889.22513674229,47160.23603441128,48661.059560467445,54225.156579550836,0.009123479752633761,0.01584265405624506,2024-12-01,49197.0,bayesian_runlength,False
1510,38650.32673970093,47533.833243037196,47282.77910658403,53484.87652666775,0.011339175328981176,0.020027834319326202,2024-12-01,48229.0,bayesian_runlength,False
1511,44968.17320771182,54477.89138154508,54944.72845419244,61613.48299974897,0.008779515339663221,0.015446925047810733,2024-12-01,56063.0,bayesian_runlength,False
1512,46131.13328073908,54762.31887446954,56726.50570581428,64569.29077528398,0.019630135897520967,0.03470216195440403,2024-12-01,58269.0,bayesian_runlength,False
1518,42475.87189326789,50169.87350064081,51302.562470715755,59049.32278776899,0.011238774487125595,0.01958885119314621,2024-12-01,52520.0,bayesian_runlength,False
1519,32959.66158904664,38679.85805260841,40044.998158820024,44870.59918672254,0.015971917219078507,0.028853347441049306,2024-12-01,41060.0,bayesian_runlength,False
1520,38375.106107784115,46745.812973258544,48297.18640271126,52395.801236925654,0.013137655245944084,0.022989131210823008,2024-12-01,47065.0,bayesian_runlength,False
1521,47689.045133193154,56271.72395423484,57865.96782240195,66396.57609301954,0.009215967150026809,0.016172345404610648,2024-12-01,59790.0,bayesian_runlength,False
1522,33342.284635583484,41236.052876358386,43113.789686908065,47975.14539494562,0.010977085820962499,0.0196481977113571,2024-12-01,43231.0,bayesian_runlength,False
1523,37982.54739726483,44837.961755466546,44928.40755860514,53674.02674925368,0.014638756011270048,0.02573009975520166,2024-12-01,47006.0,bayesian_runlength,False
1525,34670.996818371226,41185.793490626565,41677.40288311333,50536.65423005165,0.012553013739062367,0.022065198111727146,2024-12-01,44013.0,bayesian_runlength,False
1526,33072.63419887362,40029.10099921415,40924.632591408474,48440.690302285686,0.015025983823550488,0.026474193083209332,2024-12-01,42711.0,bayesian_runlength,False
1527,36955.72211352689,44224.98152492085,44468.29326077076,53804.46375443522,0.010570658935247838,0.01857952507670455,2024-12-01,47204.0,bayesian_runlength,False
1528,27363.216409897603,32968.04624376535,33615.07284147231,39205.891734339326,0.015094975464734681,0.02660604807081113,2024-12-01,34815.0,bayesian_runlength,False
1529,23278.75323392313,27804.54662142126,27825.98113370446,31520.860048074115,0.025500598334139212,0.044211888641785727,2024-12-01,28439.0,bayesian_runlength,False
1530,22266.75862776851,26778.25311258449,27266.27581823253,30974.955108775335,0.01725515405737169,0.030748594569508576,2024-12-01,27898.0,bayesian_runlength,False
1532,25693.234584238293,30625.432540837246,30774.528351131463,37836.664305678954,0.01263794429632523,0.022478192530509554,2024-12-01,33819.0,bayesian_runlength,False
1533,23424.510502770096,28601.95326874633,29016.368505324524,33806.49389649711,0.008363211496949935,0.014731885155852447,2024-12-01,30322.0,bayesian_runlength,False
1534,22299.04038540852,27099.843355050634,27325.785924595846,31401.681979208937,0.020273678183716764,0.036076569266705605,2024-12-01,28335.0,bayesian_runlength,False
1535,22396.14161035317,27170.051180712173,27751.04505601509,32348.477115998387,0.010248929411264098,0.01784231600655634,2024-12-01,29218.0,bayesian_runlength,False
1536,24732.04928611786,29901.810844687516,30085.133538720685,35389.6015500064,0.021239834657717876,0.03746472542565779,2024-12-01,31205.0,bayesian_runlength,False
1537,20541.159696880826,25191.29098125212,25922.492441202874,29310.113658213955,0.010693963368697752,0.01894427012841879,2024-12-01,26513.0,bayesian_runlength,False
1539,32388.184511092717,38584.11682598794,38757.14463177573,46529.9551589716,0.009948118571579392,0.017377267984913094,2024-12-01,40428.0,bayesian_runlength,False
1540,31515.84702206019,37575.18366494326,37837.11323473048,45299.9620529436,0.012011072395810528,0.021053498777722043,2024-12-01,39796.0,bayesian_runlength,False
1541,22520.18147468336,27527.86098699732,28306.900624309594,33898.737919975,0.015463314654771106,0.027473199285665207,2024-12-01,30772.0,bayesian_runlength,False
1542,21332.59683462221,25924.908341919832,26704.528532451288,30875.74170246471,0.028497105068203195,0.051099972799009255,2024-12-01,27750.0,bayesian_runlength,False
1543,22997.726902089715,27582.06498641375,28635.53558437345,32932.58963089165,0.01829949715568666,0.0328269046472944,2024-12-01,29487.0,bayesian_runlength,False
1544,22176.363881758985,25841.922428847465,26113.35915712202,30441.395843546255,0.011496168057308841,0.02049448461139663,2024-12-01,28025.0,bayesian_runlength,False
1545,23796.200721632275,28765.093522671687,29395.08474904096,34589.04154639992,0.03762530570988929,0.06716069903433165,2024-12-01,31598.0,bayesian_runlength,False
1546,22247.27162856851,26987.909092566846,28034.24099388304,32601.739778147763,0.025745253725905276,0.04690848984854255,2024-12-01,29065.0,bayesian_runlength,False
1547,23273.49770598695,28169.504904924488,29335.751664616535,33944.23720764941,0.020265595782880792,0.03573785674927969,2024-12-01,29894.0,bayesian_runlength,False
1548,22068.06641095046,26466.32615215101,26849.194421349315,31383.519262603644,0.017552127789106226,0.030874568247233853,2024-12-01,27510.0,bayesian_runlength,False
1549,24353.357162392087,28975.064809699896,29128.900223367225,34248.35785983773,0.01589797918077982,0.028386925882372488,2024-12-01,31413.0,bayesian_runlength,False
1550,19037.00863390469,22922.222342893674,23858.345681877945,27323.82040969496,0.014601554582448564,0.025940191867113115,2024-12-01,24976.0,bayesian_runlength,False
1551,21700.676646906097,26448.700634353696,27116.614620342243,31486.225938752414,0.008610280015736762,0.015108014606994057,2024-12-01,28228.0,bayesian_runlength,False
1552,20254.59554079556,25296.968801023733,25551.904656987703,29962.609922293923,0.016987071092679128,0.030614573858240318,2024-12-01,26872.0,bayesian_runlength,False
1553,30644.808467799252,36676.89109033755,37044.54780507905,44472.406173667354,0.011230962751637773,0.019696770567290765,2024-12-01,38967.0,bayesian_runlength,False
1554,24396.89038925814,29453.669072055178,29751.447791021707,36313.29747480327,0.02406487170206691,0.04245274716794837,2024-12-01,32780.0,bayesian_runlength,False
1555,26432.72193225891,31078.27704422925,31149.02124821685,38084.12155739861,0.01618649400586217,0.028670653339790558,2024-12-01,33875.0,bayesian_runlength,False
1556,24113.889278409584,28484.4322005808,29100.49709150265,33859.48108116651,0.018862401063938026,0.03398677414527451,2024-12-01,30544.0,bayesian_runlength,False
1557,22539.26700993442,27843.97835034256,28093.35945921828,32637.085832101504,0.01075899638384446,0.01878929651585781,2024-12-01,29058.0,bayesian_runlength,False
1558,22973.724613389477,27468.19307222156,28101.652272575328,33293.05780358695,0.012494512060928702,0.022404954152721375,2024-12-01,30045.0,bayesian_runlength,False
1559,21297.29036499382,24892.08397324711,25339.638375126862,31179.86977837504,0.0484723261566201,0.08715076524586324,2024-12-01,27841.0,bayesian_runlength,False
1560,36667.87107887359,43134.20609710328,43603.24131195006,51735.69728776387,0.013689837449581552,0.023989980744799064,2024-12-01,45553.0,bayesian_runlength,False
1561,22066.474829751663,27176.62956117023,27622.731127601837,32776.43436002513,0.013336857109892197,0.02366045207591999,2024-12-01,29462.0,bayesian_runlength,False
1562,27488.655610801543,33213.591789663595,33991.552914557244,40134.32232676499,0.012823725445946376,0.022962274797146038,2024-12-01,35395.0,bayesian_runlength,False
1563,31353.34113946081,37803.16192695005,38009.76476158156,46315.254095404,0.010560157720768622,0.018559881112768094,2024-12-01,40326.0,bayesian_runlength,False
1564,22111.97261525227,26763.43028377566,26713.155857857753,31589.286557549745,0.009572042141453203,0.016775422212112562,2024-12-01,28522.0,bayesian_runlength,False
1565,24645.8668762886,30213.471844256095,31101.439492035355,35841.480090427576,0.01007031614176482,0.017633157469165977,2024-12-01,31815.0,bayesian_runlength,False
1566,24611.807143532336,29586.51996922756,29833.582533053774,35721.135649505464,0.008159201014584193,0.014251668737903279,2024-12-01,31839.0,bayesian_runlength,False
1567,21637.71074460918,25904.114774990223,26951.402318597673,31553.49306911511,0.013220333462765153,0.023633869485510196,2024-12-01,28559.0,bayesian_runlength,False
1568,22175.1564937222,27531.94056435009,27606.366909024364,31596.935723549883,0.022561758246970324,0.04066517101120204,2024-12-01,28114.0,bayesian_runlength,False
1569,20138.202474507638,24172.988484863115,24561.52038562989,28742.143326840494,0.0861044098567845,0.14926805662848047,2024-12-01,26019.0,bayesian_runlength,False
1570,22124.65712189873,27634.04960701813,27481.086421822674,30540.180864924445,0.025261912070192002,0.04444675018293463,2024-12-01,27313.0,bayesian_runlength,False
1571,24448.241948109076,29852.36525837824,30597.5607319943,35073.830306424294,0.012734519557994688,0.022494361722142663,2024-12-01,30890.0,bayesian_runlength,False
1572,24837.214228883182,30390.90004796364,31170.793057614374,36309.55972226542,0.010475744174903028,0.018409685439736624,2024-12-01,32342.0,bayesian_runlength,False
1573,22756.593330475756,27669.58916619648,28593.99597750616,34149.62465639471,0.01937277906683518,0.034524395179258455,2024-12-01,30528.0,bayesian_runlength,False
1574,20968.72860565502,25889.12338603072,26267.60036935525,30855.772265602005,0.01727840680869021,0.03150670859630608,2024-12-01,27710.0,bayesian_runlength,False
1575,37668.070094413735,44308.93568130149,44714.70720800099,53347.81241773154,0.019516743491139608,0.03432565493253396,2024-12-01,46628.0,bayesian_runlength,False
1576,21827.294785091883,23954.3912045064,23720.539030271757,28651.568144815512,,,2024-12-01,27644.0,bayesian_runlength,False
1577,30479.087300569394,36325.91380734676,36249.164070734725,43705.08982310933,0.014226380990504505,0.025121625530007664,2024-12-01,38335.0,bayesian_runlength,False
1578,29142.21390388271,34841.49385513192,35281.169501773955,42179.648344211375,0.012038226670396552,0.021140288657047538,2024-12-01,37930.0,bayesian_runlength,False
1579,21754.893329951155,26521.12630383835,26702.519518009725,30518.987802925774,0.17186217004537177,0.2862955098693997,2024-12-01,26532.0,bayesian_runlength,False
1580,22368.204264309432,27113.353884648444,27225.38311747584,32369.089753410743,0.014538272914234904,0.02550797943178341,2024-12-01,29297.0,bayesian_runlength,False
1581,25379.38840990994,30423.313556591464,31390.507264410695,35118.39320727128,0.019407191119185943,0.034286991183325906,2024-12-01,31440.0,bayesian_runlength,False
1582,25390.795346730498,31258.15539424078,30934.125191545194,35884.37670008628,0.018943721951386522,0.03351311002044804,2024-12-01,31956.0,bayesian_runlength,False
1583,26177.48739093694,31777.372256281993,32105.36928920468,37289.714128618,0.017561535922209753,0.031003731668814108,2024-12-01,33095.0,bayesian_runlength,False
1584,20825.56476119715,24386.738015812472,24845.47157089476,30125.495443068947,0.09630363440340577,0.17579358889565158,2024-12-01,28657.0,bayesian_runlength,False
1585,22893.62586857951,26894.60857822151,26161.72501346077,32091.203236923615,0.07356855727825315,0.13359323689502442,2024-12-01,30386.0,bayesian_runlength,False
1586,35748.50242457677,42424.14830428888,42684.019934628646,51144.00589360878,0.010136425532680737,0.017706101026330676,2024-12-01,44779.0,bayesian_runlength,False
1587,26664.92904520795,31609.45008441695,31639.787736716346,37217.823153548365,0.015449378099777512,0.027829286182877458,2024-12-01,33803.0,bayesian_runlength,False
1588,22949.273088954946,27408.126271548892,28587.462428978877,32809.133704729706,0.023203217964663993,0.041944429468380034,2024-12-01,29083.0,bayesian_runlength,False
1589,27475.415488714043,32973.392381091835,33883.60499323674,39176.91729133186,0.02225221154596214,0.03941029017114707,2024-12-01,34855.0,bayesian_runlength,False
1590,22369.703952315165,27429.124055419208,27445.111330049145,32052.70886801836,0.17171004728291694,0.3070298154519584,2024-12-01,28966.0,bayesian_runlength,False
1591,23101.551949261408,27995.428250768513,28333.007475934806,33135.391342739495,0.0307573932022917,0.05390156291465904,2024-12-01,30303.0,bayesian_runlength,False
1592,26295.768041850442,31389.88930654381,31197.634186956548,37585.01025232273,0.009213796893152354,0.01612270135523489,2024-12-01,33610.0,bayesian_runlength,False
1593,26750.582726120167,32372.765648036457,32333.378075647226,37607.635613709725,0.015794748493916516,0.028819556760696766,2024-12-01,34120.0,bayesian_runlength,False
1594,22626.85474329304,28785.528875099488,28007.205976883506,32261.318648751167,0.03415990651294846,0.06229435727138259,2024-12-01,29317.0,bayesian_runlength,False
1595,28346.87018137046,35037.28274121988,34902.68925439121,40753.7110006756,0.015776308962758126,0.02859661461466539,2024-12-01,36059.0,bayesian_runlength,False
1596,23364.25477918073,27233.764114843107,27342.312049601394,32683.463764336262,0.08298591634905898,0.15084371123931825,2024-12-01,29467.0,bayesian_runlength,False
1597,38449.15541468948,44885.16725234821,45500.57391083591,53225.794250205035,0.019314912065820356,0.03387394112099236,2024-12-01,47022.0,bayesian_runlength,False
1598,35634.7168749522,41566.57241056669,42302.64889079283,49729.5778322661,0.02521150383040004,0.044350517369874345,2024-12-01,43620.0,bayesian_runlength,False
1599,32217.404066020525,37740.71739263046,38831.91071377828,45840.458681459364,0.01705291219369104,0.029901821601762493,2024-12-01,40039.0,bayesian_runlength,False
1600,36893.34319446235,43201.189050151996,43388.54737176486,52332.95421117082,0.017855705706668706,0.03149606925917946,2024-12-01,45311.0,bayesian_runlength,False
1601,43833.58724454865,51303.544233219305,51954.95448505617,59604.32043260991,0.05320243228090529,0.09305603576319159,2024-12-01,51913.0,bayesian_runlength,False
1602,23312.705066823626,28003.516187450892,28274.01276671802,34425.714047086876,0.03482902965500689,0.06407170853497197,2024-12-01,31074.0,bayesian_runlength,False
1603,26067.081984397766,31293.748098648797,32224.105242277798,37357.120053699895,0.014147333890216322,0.024968702882271758,2024-12-01,32589.0,bayesian_runlength,False
1604,25682.126509811133,30994.539469045238,31679.27770064681,37963.439915080024,0.01237959759481517,0.02184298070368564,2024-12-01,33426.0,bayesian_runlength,False
1605,20701.615859056506,24884.759765797113,24882.964418559903,29463.16832570458,0.03226799709802779,0.05895629086953737,2024-12-01,26504.0,bayesian_runlength,False
1606,19921.96284412073,23460.048560656636,24048.408349482903,28820.05071065868,0.01872445186288533,0.034060236426587204,2024-12-01,25586.0,bayesian_runlength,False
1607,19799.723126342604,23539.267827461634,23638.25005731192,27990.491756671378,0.017435515560664968,0.031929050227620874,2024-12-01,25484.0,bayesian_runlength,False
1608,25103.525434253934,29984.060421932118,30484.921641028996,34714.97274437771,0.017023548348447645,0.02977607413794724,2024-12-01,30977.0,bayesian_runlength,True
1609,24491.780214016526,29386.879010931116,29996.528282850642,34972.535068829995,0.010961676296581515,0.019454195622698508,2024-12-01,30924.0,bayesian_runlength,False
1610,21008.99470996482,25512.76293074871,25912.891654407587,29907.619016343317,0.010577091811108053,0.01846162736274663,2024-12-01,26804.0,bayesian_runlength,False
1611,24536.67265206214,29254.088764496453,30056.536250324585,36075.71867581359,0.01553346659576348,0.027304944029601978,2024-12-01,31974.0,bayesian_runlength,False
1612,24589.886971197353,29968.538930959665,30666.879383115946,35914.60394386655,0.02891491980751158,0.0511574505629587,2024-12-01,31665.0,bayesian_runlength,False
1613,20198.424524670936,23725.283945531228,24636.860742696605,28525.396739248194,0.023929761405976628,0.04472318893806555,2024-12-01,25746.0,bayesian_runlength,False
1614,21544.9376870753,25897.762252233588,26636.073481113246,31294.659261568722,0.016434213422256063,0.029847789129770343,2024-12-01,28032.0,bayesian_runlength,False
1615,27726.45313794659,32853.32148723443,33600.21167723308,39974.86880880088,0.009468756760096021,0.016511932866746487,2024-12-01,34724.0,bayesian_runlength,False
1616,22719.589799052497,27659.006392113595,28902.125602134336,33176.480088684926,0.008098338410584334,0.014191637498899737,2024-12-01,29613.0,bayesian_runlength,False
1617,23501.83479854296,27622.957206526313,27931.20624108489,32761.59860176417,0.0374175355683811,0.06878705272981843,2024-12-01,29193.0,bayesian_runlength,False
1618,22975.730038437254,27497.16327770855,27998.8063140061,32884.33275061543,0.01030601687521983,0.018078113085830096,2024-12-01,29526.0,bayesian_runlength,False
1619,24200.711528454787,28689.330392992175,29661.56738237717,34358.64164116267,0.015075387647988076,0.026503581030304844,2024-12-01,30915.0,bayesian_runlength,False
1620,39086.6869141021,45472.6769826001,45658.46378769223,53328.47431989334,0.020512819416196672,0.03609724647432677,2024-12-01,47480.0,bayesian_runlength,False
1621,25124.526170955534,30020.533500339614,31051.066125616893,37045.62804871635,0.009059509050998032,0.015951179212394688,2024-12-01,32910.0,bayesian_runlength,False
1622,21824.593675042815,25748.651494595993,26589.130872918042,30104.875801672933,0.020052765267572395,0.03592300123791176,2024-12-01,27105.0,bayesian_runlength,False
1623,24152.895622745276,28990.83888677923,29659.139354727475,35164.73930518031,0.008867340209515276,0.015571588407143596,2024-12-01,31263.0,bayesian_runlength,False
1624,24166.471481414424,29321.68039891598,30172.797229356136,34374.253515897355,0.01274979630538469,0.022546268542463534,2024-12-01,30585.0,bayesian_runlength,False
1625,22937.322366446195,27885.69919338528,28589.77341366372,33338.34913060866,0.01654444508045376,0.029072190540821302,2024-12-01,29609.0,bayesian_runlength,False
1626,20382.40179093229,24977.829318266413,25168.948758140315,28840.113496255006,0.01791971409627726,0.032675681825012626,2024-12-01,26019.0,bayesian_runlength,False
1627,22101.91748972478,26916.08192885227,27541.67857318501,31615.504396508302,0.011945899839415894,0.02164125142852112,2024-12-01,28766.0,bayesian_runlength,False
1628,24052.9614342678,28896.897831022932,30550.54602381228,35136.686757004616,0.014444995421082824,0.025838751912282316,2024-12-01,31020.0,bayesian_runlength,False
1629,23784.290718970868,29039.059703999585,29308.27231995858,33731.28431258655,0.01653445174041742,0.02904535708338189,2024-12-01,29932.0,bayesian_runlength,False
1630,21129.159873553814,26214.493714597294,27088.87788941223,30850.6414730982,0.04295847356079166,0.07965194691023732,2024-12-01,27584.0,bayesian_runlength,False
1631,21743.836395665527,25813.647451259865,26311.741343127054,30507.679958658315,0.014997035077235214,0.026777757742907214,2024-12-01,27735.0,bayesian_runlength,False
1632,33763.33499335899,39855.70030338874,40308.00331717006,47400.57997007987,0.013464370867697398,0.023582081856554422,2024-12-01,41898.0,bayesian_runlength,False
1633,19687.092554613602,24209.448241889506,24830.364947412567,28496.256837921115,0.023402307661135678,0.04274038987943682,2024-12-01,25490.0,bayesian_runlength,False
1634,19972.5831947661,23713.597568995585,24899.27563823801,28375.3853101199,0.018843057922528574,0.032988905781599485,2024-12-01,25218.0,bayesian_runlength,False
1635,18330.775435083004,22836.96411095844,22833.452593827675,25893.136748608387,0.03494742311069756,0.0661244503978533,2024-12-01,23472.0,bayesian_runlength,False
1636,18069.50403604224,22262.34451974058,22991.64716487118,26464.71907232334,0.0172932797240361,0.030921986438392658,2024-12-01,23601.0,bayesian_runlength,False
1637,21017.902884235955,25494.865345569062,25404.25355340771,29686.212166527705,0.034696854838045355,0.06311727830554142,2024-12-01,27243.0,bayesian_runlength,False
1638,21309.92409209613,25850.960584734894,26510.990380485582,30364.997312167412,0.014215664021095647,0.02569654884847982,2024-12-01,27276.0,bayesian_runlength,False
1639,21609.26364513038,25769.781123886794,26273.070121191762,30546.88999295445,0.023899069186306278,0.04286196872865573,2024-12-01,27377.0,bayesian_runlength,False
1640,19679.71653341216,23873.005253995674,23905.167864595278,27980.558027572388,0.0489001669521352,0.08865472098352212,2024-12-01,25217.0,bayesian_runlength,False
1641,21037.470621467786,25086.24365777967,25314.447307342405,29315.82943630004,0.07951567315752546,0.14372064396624823,2024-12-01,25756.0,bayesian_runlength,False
1642,19515.04476792763,23888.473826925398,24040.41810167503,27210.094130533143,0.03428962127847576,0.06271685484611868,2024-12-01,24314.0,bayesian_runlength,False
1643,20971.372040289447,25345.25012593611,25367.967798993213,30677.93259817576,0.02084827003874412,0.03780322968273634,2024-12-01,27786.0,bayesian_runlength,False
1644,20371.641455380937,24907.023339873314,24995.825713429957,29454.761271936357,0.027197919855541975,0.04942271418220346,2024-12-01,26809.0,bayesian_runlength,False
1645,20918.743286247573,25401.82287262279,25663.535997496132,30781.55025623954,0.032073698229709714,0.05695263174158662,2024-12-01,27878.0,bayesian_runlength,False
1646,19161.57616405619,23883.210251563094,23997.11100350108,26769.484372653314,0.019060289624734033,0.033413758432898163,2024-12-01,23831.0,bayesian_runlength,False
1647,18821.101619325353,22917.672893533338,23430.85471615154,26830.158601827545,0.012069606835539088,0.02143297647515804,2024-12-01,24393.0,bayesian_runlength,False
1648,17692.023942562617,20867.58203290586,21473.029113215765,24514.832154875407,0.04722802309020268,0.08956735095801124,2024-12-01,22199.0,bayesian_runlength,False
1649,20341.890513177255,24337.57067557766,24932.110723285503,28203.89265319924,0.020113739736497868,0.037179175735361863,2024-12-01,24924.0,bayesian_runlength,False
1650,17911.285044252287,21281.020933314132,22182.074044125362,25030.36987662702,0.022580868324902168,0.04076448453087067,2024-12-01,23255.0,bayesian_runlength,False
1651,19266.867447347056,23076.5180873971,23303.939292559993,28617.793794170124,0.03574010370093295,0.06743380253739914,2024-12-01,26487.0,bayesian_runlength,False
1652,25371.097392856995,29888.531512072914,29528.77610217688,33892.027199056625,0.03250930919791301,0.05754550955361944,2024-12-01,30163.0,bayesian_runlength,False
1653,19716.12301344951,23759.84302405978,24213.015138822524,28166.012444791482,0.023457478100022324,0.04374305072541679,2024-12-01,25659.0,bayesian_runlength,False
1654,21129.343364848108,25205.934893636655,25605.494958093994,30229.512548263236,0.032446897599454405,0.06114519387406199,2024-12-01,27339.0,bayesian_runlength,False
1655,20301.526671965185,25014.116784482045,24517.491100938143,29256.911412368238,0.020292842873413864,0.037924559171909775,2024-12-01,26559.0,bayesian_runlength,False
1656,19811.693987227354,23723.31594879746,24434.838923861364,28911.8962269852,0.027771307890716992,0.050879130921347465,2024-12-01,26007.0,bayesian_runlength,False
1657,18962.53722680789,24268.108762176107,24199.493115967365,28031.22228231626,0.11548527374611486,0.20966054946927729,2024-12-01,25122.0,bayesian_runlength,False
1658,20278.08271851399,24753.12326834326,24936.047694033907,29233.90081152718,0.01949282653184576,0.03530944856690267,2024-12-01,26166.0,bayesian_runlength,False
1659,24598.07806069174,29058.912312973134,29708.246841973523,34462.631113703836,0.012171754385923958,0.021830161133717104,2024-12-01,30548.0,bayesian_runlength,False
1660,21529.677258662494,26233.85755573746,26803.450333834066,30797.048061850204,0.03137878590763514,0.057577641082060406,2024-12-01,27722.0,bayesian_runlength,False
1661,18871.75863049439,23062.81897844836,23591.08059820444,26724.4396522429,0.01761500279991763,0.03087868670010771,2024-12-01,23698.0,bayesian_runlength,False
1662,21093.249474937023,25951.034577628543,26006.848281587525,31109.59415581468,0.07858651625555088,0.14179360863235657,2024-12-01,27982.0,bayesian_runlength,False
1663,20534.499362603096,24761.21012703579,25077.469406876546,28509.236324835816,0.013528879299627162,0.024473015907919372,2024-12-01,25562.0,bayesian_runlength,False
1664,20423.456646431885,25184.299340420726,25342.807497566995,30435.60201806747,0.06433785248491422,0.11656190044554014,2024-12-01,27322.0,bayesian_runlength,False
1665,32784.335869671675,38767.439400711,39221.97516994804,46012.634630436245,0.013565799095941902,0.02380281598913319,2024-12-01,40300.0,bayesian_runlength,False
1666,20720.82259937612,24898.593028989777,24590.673591590297,28632.438055498656,0.0282552351673898,0.05051281732379551,2024-12-01,25405.0,bayesian_runlength,False
1667,29155.09788524995,34437.14521023869,34535.38228166399,41473.87111460212,0.006435355610616463,0.011171613176673808,2024-12-01,36277.0,bayesian_runlength,False
1668,31503.43485252503,37888.356535367006,37569.360790567014,44328.135426162815,0.011054916928097585,0.019414159399450993,2024-12-01,38860.0,bayesian_runlength,False
1669,23095.632032476973,26850.760816444086,26665.708309503825,30097.778817703787,0.027943857366162585,0.04931279949558084,2024-12-01,27216.0,bayesian_runlength,False
1670,22168.442161958003,26033.654692165645,26575.949833849394,30713.88312119925,0.015383146236150886,0.027370716967330636,2024-12-01,27285.0,bayesian_runlength,False
1671,22638.847649318406,26878.32024572192,27420.81767887446,30948.338751080133,0.022880337835536085,0.04030611004288717,2024-12-01,27452.0,bayesian_runlength,False
1672,28824.06020134159,33865.725337095355,34399.98446029549,40310.60471006586,0.024488767841569826,0.04313518726665279,2024-12-01,35245.0,bayesian_runlength,False
1673,30914.97957070038,36362.41707037004,37338.55877001652,43609.452592813715,0.02724076129538792,0.048349496839523005,2024-12-01,37851.0,bayesian_runlength,False
1674,23334.746901410083,27081.892720406002,26077.070881365333,32405.164766623966,0.026512273244573684,0.047475327351570396,2024-12-01,28881.0,bayesian_runlength,False
1675,24054.427327555102,29164.285245053543,28880.828582813894,33995.227126768696,0.009228239211531283,0.01619278286877042,2024-12-01,30510.0,bayesian_runlength,False
1676,21953.012277522015,26093.567053677016,26489.175792876173,29930.187684646713,0.013558544161409917,0.023878464409402497,2024-12-01,27452.0,bayesian_runlength,False
1678,19823.354578220147,23643.07295766223,24111.307645504,27798.141191909497,0.03605999377169534,0.06720397332096728,2024-12-01,24671.0,bayesian_runlength,False
1679,17934.274990759564,22291.586124261117,21752.39849407902,24998.954964719833,0.01797571390642782,0.03227308684094231,2024-12-01,22612.0,bayesian_runlength,False
1680,18952.635635084007,23385.349794123857,22268.835888528247,26703.093111627168,0.02076203956910588,0.03761721577777396,2024-12-01,23443.0,bayesian_runlength,False
1681,20006.700127212996,24117.33769715566,23813.36182940111,27771.196344095,0.02081905270154636,0.038207469371461265,2024-12-01,25102.0,bayesian_runlength,False
1682,17645.436868563076,20993.832649736025,20896.374500996753,24126.961715277237,0.03624016064431486,0.0643118361190795,2024-12-01,21544.0,bayesian_runlength,False
1683,23948.280474463914,29312.586730676703,28077.86491496891,33582.891556539835,0.01557369445898536,0.028267933275603008,2024-12-01,30358.0,bayesian_runlength,False
1685,19975.32142210881,23866.846481730838,23432.365800210777,28818.5607001997,0.023160336234845143,0.0417413464613097,2024-12-01,26310.0,bayesian_runlength,False
1686,19603.92836283888,22883.486843007082,21960.440585244763,25155.93585340878,0.09092120614506505,0.15783363704382466,2024-12-01,22352.0,bayesian_runlength,False
1687,18982.260055917777,22917.303981198977,22529.363653944267,26020.131289265322,0.03122637635063847,0.05691326647609581,2024-12-01,23229.0,bayesian_runlength,False
1688,19813.721578395827,24004.25939987786,23886.027426447567,28446.72022005089,0.027325444815975746,0.04989137407212591,2024-12-01,25426.0,bayesian_runlength,False
1689,20346.468451143715,24938.926969989403,24516.788492689433,29148.915620504682,0.013357992445612964,0.023736740472036073,2024-12-01,26047.0,bayesian_runlength,False
1690,18791.756637877286,22186.689405834444,22133.302112202313,25431.575459229756,0.04870614766938833,0.0852292352759413,2024-12-01,22741.0,bayesian_runlength,False
1691,18463.906528346502,21696.799777178592,22295.988194631194,26014.417919626205,0.04638152791459034,0.08448231323811789,2024-12-01,23526.0,bayesian_runlength,False
1692,19550.976715427532,22958.985108690926,23138.81154110318,26234.010162449173,0.033461575233005206,0.05941326969518249,2024-12-01,23299.0,bayesian_runlength,True
1693,20816.74126822172,24636.262613626222,24501.034402405407,28340.60916153076,0.028799803442741308,0.05321219560505156,2024-12-01,25598.0,bayesian_runlength,False
1694,18738.28943912947,23105.701814135038,22678.059908786086,26839.094150613713,0.027491204401369585,0.049841409456912504,2024-12-01,24053.0,bayesian_runlength,False
1695,29981.776819472223,32422.965395433384,35965.43179812608,40761.333210103345,,,2024-12-01,35233.0,bayesian_runlength,False
1696,19505.73571045518,23392.31790849841,23820.76964200015,27622.108212765095,0.017086551295407038,0.030313678642191345,2024-12-01,24561.0,bayesian_runlength,False
1697,18889.28946523768,23306.984023391415,22793.972674204004,27080.53008727824,0.01880272154318307,0.03349020745066859,2024-12-01,23995.0,bayesian_runlength,False
1698,19893.08541201485,23222.95523394656,23184.4356431866,26704.570929448368,0.016450678299478126,0.029563626238665278,2024-12-01,24161.0,bayesian_runlength,True
1699,17097.32370101126,20655.26050400816,20538.529862402123,23651.990477120155,0.017388878950746478,0.030855920827080614,2024-12-01,21666.0,bayesian_runlength,False
1700,19437.25013562646,23725.198358686903,23444.317177180055,26827.432561977155,0.014259100667340778,0.025292867035086455,2024-12-01,24165.0,bayesian_runlength,False
1701,21722.209651715,27335.82177561872,27369.479458445287,31055.457380772215,0.024538732081563003,0.04398056086175832,2024-12-01,27673.0,bayesian_runlength,True
1702,17920.309534661694,20922.133182995607,21188.53195487514,23825.461603262993,0.06664512666983897,0.12111509959351309,2024-12-01,21559.0,bayesian_runlength,False
1703,19136.430142958816,22414.982536897274,22620.7052808187,26522.10220094171,0.011685150060346346,0.021070893073935292,2024-12-01,24047.0,bayesian_runlength,False
1704,29413.266564982132,34578.62319414624,34580.04595481131,42045.99171329635,0.01617858292486928,0.02861444603982515,2024-12-01,36931.0,bayesian_runlength,False
1705,18168.95371271932,21686.346635069927,22163.335240660064,25268.266028240163,0.023932754897269863,0.04344899243335618,2024-12-01,23052.0,bayesian_runlength,False
1706,18379.97725362326,21793.947654841853,21930.069442771684,24822.40582255787,0.06887522260128044,0.12695163910549606,2024-12-01,22028.0,bayesian_runlength,False
1707,32348.16620800315,38220.78760402066,38477.94893210961,45825.5504276233,0.010474658961884873,0.0182771179830299,2024-12-01,40205.0,bayesian_runlength,False
1708,26061.845458355012,30733.22787224094,30262.41946240119,36589.203059091116,0.02175662461139463,0.03852267354948017,2024-12-01,31974.0,bayesian_runlength,False
1709,28218.98560923677,33604.86381967788,33764.501547461645,40355.11533208038,0.01426825013883897,0.025409072875147768,2024-12-01,35806.0,bayesian_runlength,False
1710,20907.835686714032,25102.896584478614,24054.793096215475,29093.48373741492,0.014148807554877471,0.025321047616534188,2024-12-01,26322.0,bayesian_runlength,False
1711,22424.606842238794,26157.765818029235,26555.86327061191,30815.19342579506,0.06621609837518524,0.12064200675382179,2024-12-01,27442.0,bayesian_runlength,False
1712,19143.442394377886,22251.366797466984,22692.85107466232,26636.251165247428,0.0681133624940218,0.12558927592172497,2024-12-01,24089.0,bayesian_runlength,False
1713,18068.36756864191,22186.563212516645,21693.216285381914,25954.20151624123,,,2024-12-01,23997.0,bayesian_runlength,False
1714,19974.995791258796,25494.92758619821,23647.42526358537,28774.410277989828,0.139625311331782,0.241038437822868,2024-12-01,25735.0,bayesian_runlength,False
1715,19280.807822347342,22853.85515958003,22208.667943879253,27297.824091230203,0.031243856871436184,0.056377981278929706,2024-12-01,24894.0,bayesian_runlength,False
1717,21444.279345809766,24967.887289126684,24719.941095572744,29465.698494852186,0.04046015418725854,0.07194479167015576,2024-12-01,25885.0,bayesian_runlength,False
1718,20806.068783128714,24569.55340249042,24596.4120281677,29217.980995816393,0.030713193424868536,0.055889792719993676,2024-12-01,26377.0,bayesian_runlength,False
1719,25768.02530358702,30606.539666898727,29504.53893285541,36223.0792055037,0.04875906593532253,0.08844835590040814,2024-12-01,33606.0,bayesian_runlength,False
1720,23106.41706103213,25062.629452208283,25153.690993046283,30642.98996469084,,,2024-12-01,29577.0,bayesian_runlength,False
1721,21334.935774758458,24038.557722046782,24086.484967728367,30018.444436771963,,,2024-12-01,28442.0,bayesian_runlength,False
1722,20995.431172820914,24926.13025254413,25183.80603533355,29547.853100202396,0.01668532439194246,0.029991483591166324,2024-12-01,26669.0,bayesian_runlength,False
1723,22546.26771599563,24661.149743682523,24786.68019126756,28988.027781293786,,,2024-12-01,26992.0,bayesian_runlength,False
1724,20810.00969377238,24031.198030032396,24588.644542288017,29541.895836150907,0.03031130873742445,0.0541671626695148,2024-12-01,27151.0,bayesian_runlength,False
1725,19964.895045580197,24431.31125877612,24643.774900482338,27734.921033061797,0.05567595535313972,0.09846155446173217,2024-12-01,24826.0,bayesian_runlength,False
1726,34006.32438299286,40020.73692722722,40121.791220101135,48135.53597963687,0.021313972488709036,0.03803053365324365,2024-12-01,42179.0,bayesian_runlength,False
1727,20277.84929925606,24274.75940960968,24610.393866273305,28743.29687252183,0.041349459773094815,0.07618283975454784,2024-12-01,25682.0,bayesian_runlength,False
1728,19167.489179124663,23516.4341291188,23149.149895737686,26175.43682128458,0.04648683614944408,0.08257218797824259,2024-12-01,23596.0,bayesian_runlength,False
1730,21620.182772832133,24743.77277060096,24432.455381585136,29953.42631762558,0.4115980970387665,0.5941897008505168,2024-12-01,26642.0,bayesian_runlength,False
1731,18573.321174817203,22913.25979552701,22484.2997220292,26676.85505293098,0.09654607769402175,0.17291669516051317,2024-12-01,24084.0,bayesian_runlength,False
1732,19642.39107074809,25467.246137627724,24009.211617306202,26644.033676854244,0.13598477399146366,0.2321664991267945,2024-12-01,23528.0,bayesian_runlength,False
1733,18440.414194310677,22095.961899839836,22357.15424302098,26084.265574836507,0.03320586271571695,0.059793215691181394,2024-12-01,23750.0,bayesian_runlength,False
1737,20901.952320022345,24907.721534704717,25343.43972379184,29697.9266590329,0.01925963535565737,0.0344299353631787,2024-12-01,26749.0,bayesian_runlength,False
1738,22843.372299378,27581.72340772118,26620.863584729694,32595.490103535278,0.014476460593773678,0.026041935385354584,2024-12-01,28894.0,bayesian_runlength,False
1739,19973.645875635346,23160.20440249838,22994.010870489714,27612.682509583192,0.036836759289718725,0.06689475240655561,2024-12-01,24683.0,bayesian_runlength,False
1740,24416.01384157451,29366.79755573678,28691.822867659484,34466.40391464532,0.02061763432968935,0.036500342211066523,2024-12-01,30431.0,bayesian_runlength,False
1741,20257.48794165694,25161.516996275022,24391.916392400577,28567.355025825458,0.05199497991439625,0.09140040537901511,2024-12-01,25087.0,bayesian_runlength,False
1742,18386.15815400696,21753.798061952984,21313.691332472757,25088.818802871378,0.052158708678357556,0.093195486404594,2024-12-01,22640.0,bayesian_runlength,False
1743,20915.105433961646,23750.44865082873,23838.081660073196,29384.52028459355,0.02183292600698562,0.039521961186654436,2024-12-01,26371.0,bayesian_runlength,False
1744,20155.57047595409,23896.859962573944,23964.116420037983,28560.08099735227,0.07155164535454958,0.12767645193875102,2024-12-01,25133.0,bayesian_runlength,False
1745,22340.175081848527,26691.59131119862,26213.5906987262,31572.79847772145,0.013278770130961704,0.023514533528536233,2024-12-01,28192.0,bayesian_runlength,False
1746,17192.5639690831,20800.25273014083,20824.550937418422,24333.672359536646,0.055994312254184206,0.10504825242950523,2024-12-01,22026.0,bayesian_runlength,False
1747,19553.775899164888,23549.673329068257,23387.70967801623,27131.13765834609,0.03242235341635391,0.05836115699655833,2024-12-01,24140.0,bayesian_runlength,False
1749,16473.510901254274,19676.48340808136,19227.55943705608,23153.306302524616,0.03074858206496843,0.05526124360751804,2024-12-01,20797.0,bayesian_runlength,False
1750,18489.142151335516,22152.46288406822,22090.28983734174,25758.871463952135,0.0659811117290857,0.11518961312901947,2024-12-01,22779.0,bayesian_runlength,False
1751,18700.192110727567,22895.35503248404,22808.98823602703,25959.124612862528,0.18868768131310512,0.31890587628934514,2024-12-01,22624.0,bayesian_runlength,False
1752,19122.74759430548,23070.217037784936,23307.630248909198,27129.51203231605,0.016537489869212642,0.029337010790786117,2024-12-01,24433.0,bayesian_runlength,False
1753,19001.469732159334,23003.999271590095,22886.127423724185,26583.692010690833,0.01699391369089191,0.030315102322326516,2024-12-01,24331.0,bayesian_runlength,False
1754,17346.990168554967,20079.28161465987,20317.157822277622,23279.619022616433,0.15397266907310506,0.2629495520859023,2024-12-01,20229.0,bayesian_runlength,False
1755,22097.8418666558,26388.558633285174,25747.42620160355,30895.24096354649,0.021253138145626918,0.03785452576361117,2024-12-01,27894.0,bayesian_runlength,False
1756,19064.45781771935,22812.500045241424,22219.037769515933,25732.714809568075,0.06201787587376661,0.1095198918847972,2024-12-01,22865.0,bayesian_runlength,False
1757,18431.123964853017,22621.649087395046,22636.067774811847,25835.234239766472,0.056694893997714275,0.10203865840251886,2024-12-01,23051.0,bayesian_runlength,False
1758,31625.8401884648,37420.16559361143,37277.02242269328,44585.89085020567,0.017968655463335113,0.031656449810955285,2024-12-01,38996.0,bayesian_runlength,False
1759,22376.406691842407,26671.47934352805,25895.241418766236,30988.85189002876,0.020253794883797277,0.03610264478932148,2024-12-01,27670.0,bayesian_runlength,False
1760,22421.54447138824,26349.93092413588,25565.79260399053,31151.38078562953,0.038027385099321354,0.06803559329407731,2024-12-01,27535.0,bayesian_runlength,False
1761,21659.216250136218,25761.9208060229,26534.28810369943,30441.106396314433,0.018866693311964354,0.03363181671249058,2024-12-01,27281.0,bayesian_runlength,False
1762,20149.46546382868,23846.487810349176,23513.728968510495,28332.133697708046,0.025403151016784305,0.047239115330281745,2024-12-01,25473.0,bayesian_runlength,False
1763,16970.306946658107,21066.299903790255,20083.993151317918,23627.824675560172,,,2024-12-01,21201.0,bayesian_runlength,False
1764,36532.03416354331,43139.2425466631,43503.29715944493,53150.12323308165,0.009379763583299058,0.016427693047028465,2024-12-01,46416.0,bayesian_runlength,False
1765,31031.139465223154,37107.57945498375,36984.11221646216,44796.83414200312,0.016369763697494454,0.028860938613739513,2024-12-01,38796.0,bayesian_runlength,False
1766,22696.153484316837,27166.277416778867,27634.79457108275,31983.58934734103,0.034521944640034226,0.061958348935169265,2024-12-01,28653.0,bayesian_runlength,False
1767,29200.972469259214,35218.0404882742,35369.6898054466,40401.6157345256,,,2024-12-01,35487.0,bayesian_runlength,False
1768,22189.72727207768,26238.499778970465,27090.45131705513,31414.482134071503,0.038788917648351136,0.06994957522260778,2024-12-01,28226.0,bayesian_runlength,False
1769,23113.57094320456,28139.72365214604,27882.096259297443,31988.046411999727,0.02223034822645201,0.04113492647791371,2024-12-01,28842.0,bayesian_runlength,False
1770,25205.207953895828,30452.283728569226,30243.169757174815,34169.08556322272,0.016533222843505436,0.029234239770107494,2024-12-01,30467.0,bayesian_runlength,False
1771,21825.548971853772,26463.641570607557,26153.719464950504,31111.327398868834,0.048858295781256646,0.08919581260875284,2024-12-01,27771.0,bayesian_runlength,False
1773,20002.92180959199,25104.635972539043,25239.102169688773,28193.969815867662,0.12103295673156306,0.206635588851831,2024-12-01,25198.0,bayesian_runlength,False
1774,21983.002426200506,26423.265958927415,24191.426914925836,30935.179384367722,0.03620473638034088,0.06388569666404491,2024-12-01,28686.0,bayesian_runlength,True
1775,21877.943615873217,27086.845895966107,26029.057066665224,31760.942334726573,0.056166023365230855,0.1000629315697492,2024-12-01,28903.0,bayesian_runlength,False
1776,21485.414148072134,26706.228524675844,26067.22094055592,28881.877606444552,0.03394975329248212,0.061530239894111584,2024-12-01,25953.0,bayesian_runlength,False
1777,23030.635520602536,28252.358510084418,28590.17976153231,33100.97196097299,0.012066972631435954,0.021427703430092836,2024-12-01,29420.0,bayesian_runlength,False
1778,25513.1303212444,30693.09688377789,30855.64507835049,37415.93094273954,0.012836581164559619,0.02260723706951901,2024-12-01,33490.0,bayesian_runlength,False
1780,23219.01216033213,28021.347515795947,28242.396350109462,32740.34559919207,0.02307759543032421,0.04147755068371916,2024-12-01,29144.0,bayesian_runlength,False
1781,22192.80725426266,26374.802152986416,27101.02506782808,30715.9063192424,0.018332589867853598,0.033244271873627315,2024-12-01,27846.0,bayesian_runlength,False
1782,23625.706950476244,28061.026388038183,28433.513133513523,33054.39753413922,0.017298766941133657,0.030540107111770323,2024-12-01,29674.0,bayesian_runlength,False
1783,41375.05884537452,48472.119823858826,48978.85069389072,60246.366137277764,0.010673306914078475,0.018738519295377627,2024-12-01,52497.0,bayesian_runlength,False
1784,22034.257458572978,26418.19853859148,25858.87122467319,30686.624552840796,0.030591992355310255,0.05589193729682072,2024-12-01,27898.0,bayesian_runlength,False
1785,23802.967613949775,28799.67180098273,29126.371569833624,33926.80014676802,0.05197614453716271,0.09473819607761415,2024-12-01,30257.0,bayesian_runlength,False
1786,23090.41837352038,27959.69171658325,27380.073582622226,32444.89491789735,0.012123304790108999,0.021983178278804996,2024-12-01,29435.0,bayesian_runlength,False
1787,25373.402644105132,30398.778888538098,30632.27012588603,35612.96095045984,0.011724424804258763,0.02094852403860071,2024-12-01,32050.0,bayesian_runlength,False
1788,24123.976972615812,29537.645866719282,30229.615695692486,35974.06319542235,0.05327952040056303,0.09609884001781473,2024-12-01,32276.0,bayesian_runlength,False
1789,21069.192987939863,24626.56429790517,25681.413493119755,28908.185514361365,,,2024-12-01,25668.0,bayesian_runlength,False
1845,36689.962931764254,43299.553771815896,42901.99007317969,52220.686757584204,0.01587181939375831,0.028010572759790964,2024-12-01,45549.0,bayesian_runlength,False
1846,26850.05890706898,32231.62377956086,32376.808425093488,38702.67920214016,0.010431039682908705,0.01825089611481294,2024-12-01,34176.0,bayesian_runlength,False
1848,24495.281335928776,29149.024291937,28892.874310567036,34912.60320941831,0.02569466625538613,0.045794976884817845,2024-12-01,30830.0,bayesian_runlength,False
1849,19463.36859443162,23726.60123441934,23302.456508396168,27726.11755844971,0.028838986085642764,0.05136249445425674,2024-12-01,25159.0,bayesian_runlength,False
1850,19645.702982455983,24652.94805475299,24449.476051838843,27697.87006467384,0.05741091959178726,0.10267837828770326,2024-12-01,24441.0,bayesian_runlength,False
1851,20647.09795755081,24983.81061045903,25356.31056458694,29738.70134338723,0.032258836397403026,0.058298302265356754,2024-12-01,26751.0,bayesian_runlength,False
1852,22485.76210632637,27064.229054962576,27001.40679146775,32347.212807785265,0.03557819663402967,0.0639152841584836,2024-12-01,28719.0,bayesian_runlength,False
1853,22397.296913688453,27167.168400228868,26854.280801516223,32249.104595677618,0.020649185850581602,0.036928508936320145,2024-12-01,28875.0,bayesian_runlength,False
1854,21712.179264185143,26495.528127006648,26480.238017840566,31898.597689751114,0.024327314101367934,0.04419725630239062,2024-12-01,28361.0,bayesian_runlength,False
1855,22067.06835289414,26772.22444952897,26238.79268600516,30910.077472788318,0.016153512549727255,0.029245234486895394,2024-12-01,27868.0,bayesian_runlength,False
1856,23012.775659135626,27770.750160338343,27675.51772821736,32580.177751713636,0.024083038546950774,0.043502018559972114,2024-12-01,29197.0,bayesian_runlength,False
1857,23325.986487705115,28147.257362059958,27405.175267587812,33994.281184041516,0.016650034416189334,0.02986756083083695,2024-12-01,30423.0,bayesian_runlength,False
1858,20469.178836984454,26256.476380559176,26067.272726976404,32106.798687097653,0.24794624590669023,0.4022995877279624,2024-12-01,29774.0,bayesian_runlength,False
1859,23180.72632184303,27404.24529102739,27315.660524982977,32174.64595841924,0.02643112613834159,0.04691422638333922,2024-12-01,28570.0,bayesian_runlength,False
1860,20918.71678824005,25494.36475640518,25955.210175199005,29992.645537823693,0.05995211698416709,0.10698233790885119,2024-12-01,26422.0,bayesian_runlength,False
1861,28015.74951322122,32970.490621008925,32600.856703355206,40424.080842298266,0.020698382324599505,0.03697712377772195,2024-12-01,35198.0,bayesian_runlength,False
1862,25663.38719137195,30867.63406513753,30906.805931998042,37136.01316213038,0.01949068374601236,0.034462449030566715,2024-12-01,32940.0,bayesian_runlength,False
1863,32536.469123871713,38779.779545923426,38516.32637044331,47089.98463602382,0.014468112768065602,0.025505180595413374,2024-12-01,41185.0,bayesian_runlength,False
1864,23203.540388358953,27665.289984408104,27524.53506717024,33545.14133923356,0.022023497677410273,0.03980919297893015,2024-12-01,29886.0,bayesian_runlength,False
1865,21415.16675031736,25798.403047989992,25568.306797184498,31244.46493117939,0.024977716302147002,0.04472505978500364,2024-12-01,27786.0,bayesian_runlength,False
1868,21861.897886754086,26176.251461742453,26599.57750982965,30930.04820038238,0.07988679901583674,0.14404483550542488,2024-12-01,27321.0,bayesian_runlength,False
1869,21828.07122146074,27154.362615442296,26594.460671060104,29998.717285017596,0.062572966815207,0.11191009089929267,2024-12-01,26722.0,bayesian_runlength,False
1870,20396.75205299446,24976.034831367637,25168.865126515917,28992.853242550307,0.16097723635532624,0.26817869798395877,2024-12-01,25332.0,bayesian_runlength,False
1871,19785.17702350215,25642.303887366277,25996.72120156052,29279.193061874692,0.06839430552752135,0.12431994930401873,2024-12-01,26169.0,bayesian_runlength,False
1872,21481.006850731806,26116.065731162915,26616.707067193525,31132.59245645424,0.03234671525885759,0.05755156334450504,2024-12-01,27448.0,bayesian_runlength,False
1873,23157.71811185032,28182.722968582584,27687.97404771916,33628.762389601005,0.048951720007568505,0.08776535357218469,2024-12-01,29905.0,bayesian_runlength,False
1874,36496.67659221381,43323.85465851401,43441.077441777525,51843.58468404074,0.013142598971211958,0.02301409243367304,2024-12-01,45651.0,bayesian_runlength,False
1875,31459.482174909957,38613.47092874069,38032.33826143209,45698.18490503613,0.013371347554833848,0.0234736610536827,2024-12-01,39849.0,bayesian_runlength,False
1876,31486.943675091912,37584.05755350013,37920.98762601301,45405.21252186992,0.015345778780829421,0.02697248378740987,2024-12-01,39754.0,bayesian_runlength,False
1877,33544.708319680634,39835.15211976012,40065.20073698065,47151.163016050356,0.014566829657931102,0.025475424059490753,2024-12-01,41422.0,bayesian_runlength,False
1878,21646.656110873515,26228.90887113603,26196.654287505527,30340.723050964087,0.017896334911443202,0.03167535645224833,2024-12-01,27296.0,bayesian_runlength,False
1879,31411.934779054256,37652.920833513315,37492.680461836884,44482.45254176704,0.012083473828910413,0.021298103375547023,2024-12-01,39242.0,bayesian_runlength,False
1880,26026.913232824034,31449.72957367244,31857.955312144284,37122.25259488208,0.00819208750405924,0.014432930136590017,2024-12-01,32910.0,bayesian_runlength,False
1881,30854.109418141317,37021.14979774058,36830.46449922117,43771.706944225305,0.00959418275504235,0.016726226527522543,2024-12-01,38638.0,bayesian_runlength,False
1883,30092.794248053007,35796.35682474847,36263.21462757312,43313.988877067786,0.010467575501706471,0.018250016345805597,2024-12-01,37885.0,bayesian_runlength,False
1884,22800.30245586405,27957.603248533356,28718.747364856707,33557.11983160595,0.07612606231245479,0.1328495557510597,2024-12-01,30196.0,bayesian_runlength,False
1885,25724.725576550154,31257.282217656622,31020.638221839414,36545.377261001166,0.011036120033822143,0.01931366825008035,2024-12-01,32657.0,bayesian_runlength,False
1886,22492.2914394437,27409.709767649456,26954.100795000773,32459.10438165314,0.014084312122846216,0.024809347514034772,2024-12-01,29018.0,bayesian_runlength,False
1887,22517.145062820073,27001.215933297382,27091.74206565675,32145.870466368902,0.017958443881614515,0.032164062828162567,2024-12-01,28998.0,bayesian_runlength,False
1888,22794.874604643057,28176.052366044747,28211.92026761795,32543.38832763787,0.02524459563320971,0.04470213946563289,2024-12-01,29200.0,bayesian_runlength,False
1889,23377.702323139856,27665.595056097918,27592.27707359931,34324.42498643777,0.01731918079328391,0.030947622224633556,2024-12-01,30825.0,bayesian_runlength,False
1890,35335.59971975529,42119.99144240327,42155.742001448285,50355.56385280051,0.010482721581645708,0.018392749031397537,2024-12-01,44374.0,bayesian_runlength,False
1891,20562.9905310606,25060.82632953679,24143.051441701155,28091.215691725676,0.0228252128921208,0.0415114668964445,2024-12-01,25434.0,bayesian_runlength,False
1892,20457.818535322174,25109.10684194741,25488.00184806852,28784.08240924239,0.050103425704568966,0.08939818243184708,2024-12-01,25447.0,bayesian_runlength,False
1893,20247.45724605973,24878.083538131028,24165.110988052165,28485.04862902614,0.014075316643729657,0.024996919830811194,2024-12-01,25476.0,bayesian_runlength,True
1894,22261.062673724125,27323.29204636336,26744.431962805756,30173.978537725867,0.06707790774466776,0.11659978792592372,2024-12-01,26286.0,bayesian_runlength,False
1895,22956.957753659823,27658.6279085996,27024.707336333777,32185.423093431436,0.010984136242542904,0.01946711631116843,2024-12-01,29244.0,bayesian_runlength,False
1896,21356.538873402653,26547.712377823707,26081.592944234537,29476.37563767066,0.011076168305065996,0.019453540508750564,2024-12-01,26526.0,bayesian_runlength,True
1897,21819.37469599169,25754.28703309763,24984.72077624682,30496.417306581316,0.013292607384885583,0.023881471692181543,2024-12-01,28002.0,bayesian_runlength,False
1898,21779.434708383742,26453.266448865295,26628.679958282097,30950.327791838434,0.03219394282558224,0.056652451853965106,2024-12-01,27647.0,bayesian_runlength,False
1899,26435.472097357273,31779.194441517153,31404.246778939305,37962.988538357095,0.011954356403051772,0.021032703528029488,2024-12-01,33595.0,bayesian_runlength,False
1900,27102.671689680712,33336.86555970694,33090.51011351733,38822.94210593101,0.013752457935103449,0.024292148970858383,2024-12-01,34156.0,bayesian_runlength,False
1901,23283.91049066179,28179.969143450373,27994.20430607535,33062.011185776784,0.015520718866251598,0.027742141602857935,2024-12-01,29376.0,bayesian_runlength,False
1902,19867.447951457598,25482.329801131524,25147.389865058096,29215.620080487806,0.026517670398312557,0.049312573181395154,2024-12-01,26231.0,bayesian_runlength,False
1903,23682.25176470569,27894.714482941003,28028.971243359614,33575.13951771648,0.01782201499680403,0.0321255685051063,2024-12-01,30606.0,bayesian_runlength,False
1904,23805.10890794677,28703.503306949522,27826.59581649862,34061.49913964962,0.017752401252491414,0.03188492094713347,2024-12-01,30807.0,bayesian_runlength,False
1905,33636.13961793425,39106.826186987266,39250.65488196019,47190.70361986376,0.018599481681739305,0.032954906645561576,2024-12-01,41150.0,bayesian_runlength,False
1906,26909.631594929255,32007.13058788382,31861.41125603977,38186.61303017406,0.014340517758662694,0.025323003684237736,2024-12-01,33497.0,bayesian_runlength,False
1907,23052.779485519273,27965.862645656303,27783.337583493492,32769.85350157088,0.028770996911086682,0.05077721284613769,2024-12-01,29221.0,bayesian_runlength,False
1908,20340.625801677696,24807.430896298098,24938.613932811342,29105.281666492647,0.0748437433895561,0.1366646807249433,2024-12-01,25978.0,bayesian_runlength,False
1909,20985.40398712964,24823.672300813865,25100.767429455165,29513.675291718097,0.04287680758780087,0.07771521523788663,2024-12-01,26630.0,bayesian_runlength,False
1910,22667.843017173174,27144.024721082373,26191.440158485933,32296.724998153415,0.013916647738237363,0.02489539591239797,2024-12-01,29010.0,bayesian_runlength,False
1912,26198.788658212827,31929.464220587142,32488.99385203167,39707.90757745925,0.08740091568943605,0.15441998532027146,2024-12-01,36758.0,bayesian_runlength,False
1915,18960.959136083962,23314.261379539803,23300.050105948303,26827.284976876785,0.07085902878337576,0.12319376839851316,2024-12-01,24262.0,bayesian_runlength,False
1916,20236.172524002373,24727.287211322193,24924.942097599127,29393.922761593134,0.017299960462466023,0.031053408004777957,2024-12-01,26549.0,bayesian_runlength,False
1917,20296.236179782412,24593.533345379205,24764.260064847425,29078.409422548844,0.013360488402447513,0.023445083516470972,2024-12-01,26566.0,bayesian_runlength,False
1918,18323.41962640372,21980.901361089003,22473.03493702942,26255.19678303352,0.009853550163632051,0.017459321197595218,2024-12-01,23681.0,bayesian_runlength,False
1919,29903.297505023336,35518.72213048596,35531.05134846381,42886.585056251635,0.008887428517399527,0.01556220887770395,2024-12-01,37818.0,bayesian_runlength,False
1920,25494.718157640476,30377.414059034094,30602.412124911003,37014.133276096196,0.0077725835091449836,0.013521356230962627,2024-12-01,32648.0,bayesian_runlength,False
1921,19792.236036612798,23428.955149170182,24151.38385805017,28741.86633894526,0.01631771161434,0.028713848328982196,2024-12-01,25847.0,bayesian_runlength,False
1922,25405.38909188719,30676.276300607857,31011.38239489091,37475.025416080345,0.015578659186410873,0.028029814886256322,2024-12-01,33679.0,bayesian_runlength,False
1923,18574.041380938008,21736.772493599423,23064.49226321662,27422.563179705943,0.13176221489056203,0.23051831742427928,2024-12-01,24147.0,bayesian_runlength,False
1924,18364.87705941478,21280.831855942197,21815.322319144827,25619.666529234317,0.007971211127291569,0.013805410055026869,2024-12-01,23131.0,bayesian_runlength,False
1925,19270.244924086128,23319.840848727967,23686.576374679964,27300.601497975702,0.02265786258282478,0.04044404084087753,2024-12-01,24290.0,bayesian_runlength,False
1926,21143.233499327634,24628.968750493277,25271.48533685374,29979.88762125415,0.019799610924630284,0.03591169388985759,2024-12-01,26972.0,bayesian_runlength,False
1927,19948.444968807664,23555.53605636899,23571.470113598003,27978.141378315202,0.013143237606698718,0.02347099361588675,2024-12-01,25341.0,bayesian_runlength,False
1928,20599.814637693275,25640.136934531874,25621.672111640386,29869.959075637722,0.017265213657542338,0.03120809682874727,2024-12-01,26625.0,bayesian_runlength,False
1929,20120.806051635518,24281.57215329499,24109.137928662996,29281.45673799157,0.013798423861986587,0.024886468025107522,2024-12-01,26589.0,bayesian_runlength,False
1930,22379.27183332346,26534.18138085532,27127.1786164238,31906.039989451794,0.018365538391529802,0.033211864228198815,2024-12-01,28331.0,bayesian_runlength,False
1931,20970.819789047913,25454.71430367686,26411.278160923794,29945.90651218471,0.020677062823905416,0.03792772088873962,2024-12-01,26881.0,bayesian_runlength,False
1932,18830.479274278114,23011.100943570353,22877.484014736256,27719.16836735442,0.07212018290838983,0.12746722175606645,2024-12-01,25748.0,bayesian_runlength,True
1933,19402.216470017313,23565.83169679198,23327.298071964087,27742.54051293439,0.039448420967489635,0.07095977296214916,2024-12-01,25738.0,bayesian_runlength,False
1934,23843.637468493216,28262.72253149925,28470.955484703994,34767.68239135466,0.012867772142942845,0.0228617383460492,2024-12-01,30748.0,bayesian_runlength,False
1935,18280.20803351802,21687.7195094907,22230.883372469918,26620.003272409576,0.017876405713469642,0.032271117156701806,2024-12-01,23974.0,bayesian_runlength,False
1936,19823.092497320606,23865.37847328632,24561.547883432337,28248.274222773467,0.02044915931355059,0.03748819848931676,2024-12-01,25096.0,bayesian_runlength,False
1937,20348.278683049117,24314.647687864006,23953.453942815366,28835.205198056756,0.020525384687181236,0.03739484393075601,2024-12-01,26180.0,bayesian_runlength,False
1938,18858.74394446059,22518.155447270758,22557.094865743133,26588.82329150199,0.06581619532889246,0.11860681290940853,2024-12-01,25035.0,bayesian_runlength,False
1939,20197.378826918837,24316.607671979342,24688.150539845898,29025.096072403914,0.015070161547581434,0.02676658120545569,2024-12-01,25779.0,bayesian_runlength,False
1940,19923.050613340627,23771.47513047525,23692.78518016237,28508.354821790206,0.02496482822368664,0.04439173757179287,2024-12-01,25391.0,bayesian_runlength,False
1941,22606.728360691675,26861.645721304558,27637.384108224775,32457.214690562952,0.013084669604101554,0.023457894751336607,2024-12-01,29017.0,bayesian_runlength,False
1942,18451.77502284028,21374.808421639755,21909.50378310398,24864.659151409258,0.013940818927859592,0.024592957820446897,2024-12-01,22400.0,bayesian_runlength,False
1943,19112.914319743653,21672.853988606494,21977.68702893687,26247.47519524592,0.048769288195806774,0.08572054597773485,2024-12-01,23531.0,bayesian_runlength,False
1944,21559.41281488901,25662.53573054666,25611.887907471697,30708.53102820741,0.01362859806659146,0.024082681442201038,2024-12-01,27423.0,bayesian_runlength,False
1945,19857.019543534298,23077.399004221847,23177.254581137622,28587.526516079284,0.027527349507993074,0.05048655661230182,2024-12-01,26182.0,bayesian_runlength,False
1947,20570.7393187557,24349.30092540379,24312.987006057298,28380.522781220003,0.012067338960535936,0.021254152981415628,2024-12-01,25854.0,bayesian_runlength,False
1948,20529.43001647133,24997.416200555122,24605.026321442554,29769.86184975946,0.023849195753282194,0.042890186524319356,2024-12-01,27175.0,bayesian_runlength,False
1949,20851.383420530714,24988.660646351473,25383.52781460579,30768.095313539732,0.051903147873092755,0.09752741128369004,2024-12-01,28024.0,bayesian_runlength,False
1950,20345.47250069442,23656.14724557966,24177.6870600436,29202.859182582277,0.0619883714253782,0.11184321144190504,2024-12-01,26329.0,bayesian_runlength,False
1951,20673.26686316776,25158.362034361588,25475.74873223975,29742.96254354463,0.013132195364557363,0.023133127747083714,2024-12-01,26612.0,bayesian_runlength,False
1952,30738.057519587313,36374.71531868764,36170.80711479684,43568.95117389168,0.009269175157144705,0.01613868332916945,2024-12-01,38494.0,bayesian_runlength,False
1954,33070.88061513045,39661.25607429516,40504.989648913914,45681.058652120715,0.018449643810223952,0.03303683589991538,2024-12-01,41907.0,bayesian_runlength,False
1955,40216.88192848848,49234.68364481293,45580.067404748486,57572.822062438216,0.11305936843490612,0.20313373566118662,2024-12-01,54843.0,bayesian_runlength,True
1956,28944.39386366668,35068.34041903041,35495.06299221427,41208.961124335976,0.025408341030029268,0.0461959692234824,2024-12-01,38444.0,bayesian_runlength,False
1957,39544.58170605034,48038.39521948247,47841.675901924405,55968.71023755418,0.013379578520719386,0.02352468277364478,2024-12-01,50707.0,bayesian_runlength,False
1958,52642.96842289707,63736.997910182865,65486.03329725128,75840.69179168019,0.017464587537750955,0.03134674777742648,2024-12-01,67604.0,bayesian_runlength,False
1959,30338.984721205103,36277.08808656369,34539.51175529496,41722.880343132296,0.05162186325827022,0.09622360218616799,2024-12-01,38291.0,bayesian_runlength,False
1960,32687.10235992372,39614.70780558122,40193.232757860365,46574.219439431385,0.0632217028885988,0.11303712140549108,2024-12-01,42532.0,bayesian_runlength,False
1961,45534.58462206836,55210.85525284532,55744.49073542971,63179.68340470404,0.01549990440877508,0.027372561590091073,2024-12-01,55865.0,bayesian_runlength,False
1962,43452.49892063919,51808.18192772273,51824.612101483784,59066.40757690858,0.018001976365822823,0.03199634118375791,2024-12-01,52816.0,bayesian_runlength,False
1963,32943.51837821928,40183.984800618215,41586.67444378514,47641.83477592831,0.008321526970143722,0.014511661334217624,2024-12-01,43013.0,bayesian_runlength,False
1965,29490.19735384197,35532.590019735064,34768.81514425129,41851.58202367944,0.056570846058479965,0.10840644916272282,2024-12-01,38798.0,bayesian_runlength,False
1966,29490.08405570741,35945.66687316907,36261.597211838474,43215.50797750605,0.020309967782675187,0.03608033935898667,2024-12-01,39541.0,bayesian_runlength,False
1967,35188.374640927315,42570.69594261104,43173.847197505325,50208.93595259001,0.022137558873654078,0.040513038685805594,2024-12-01,45897.0,bayesian_runlength,False
1968,39629.31285392628,47218.87998189514,47694.39564330302,54742.5437747931,0.00965508108076135,0.01699021598722758,2024-12-01,49168.0,bayesian_runlength,False
1969,31576.35325520062,38227.0266527741,38272.48862021605,43324.20804654677,0.014435855181696535,0.025864438195255003,2024-12-01,39634.0,bayesian_runlength,False
1970,50214.10991219635,61850.92279071087,66661.5869199309,69996.47113157579,0.03373949292676228,0.05977939269308321,2024-12-01,61261.0,bayesian_runlength,False
1971,41005.088926054894,48313.5387003031,48323.97651569323,57417.99603742277,0.01519780377248254,0.026728612164709366,2024-12-01,50463.0,bayesian_runlength,False
1972,29411.052084098166,35439.16376496906,35823.66526606351,42352.309029221295,0.016075615356002316,0.02840701856807525,2024-12-01,37249.0,bayesian_runlength,False
1973,27158.6878300077,32706.06096098396,32726.265044490225,38673.720097205725,0.019287171176893055,0.03446474768806215,2024-12-01,34200.0,bayesian_runlength,False
1974,33161.3873728948,39298.15132734058,39848.41984620922,46852.80370519164,0.012856862952310035,0.022541061584760356,2024-12-01,40986.0,bayesian_runlength,False
1975,25166.050311881205,30671.408322505296,29273.588658155295,33785.99419002114,0.07459113228507806,0.13360715737825893,2024-12-01,32141.0,bayesian_runlength,False
1976,29743.74955217813,35162.42358372048,35299.40050768411,39994.81954517589,0.025954190027536704,0.04642896828887668,2024-12-01,35283.0,bayesian_runlength,False
1977,37592.88974480939,44405.29547060476,44728.624431964214,52509.03669036632,0.017761821131220913,0.03123756177936868,2024-12-01,46054.0,bayesian_runlength,False
1978,30661.487530565228,36733.07821392308,37109.05212667296,43466.80731452434,0.017774836630696005,0.031353039385885365,2024-12-01,37872.0,bayesian_runlength,False
1979,40086.544456079835,47048.934362533895,47007.14766564723,55823.794908724274,0.014318899318570237,0.02515684715324853,2024-12-01,49004.0,bayesian_runlength,False
1980,30724.782969411346,35545.40959289792,35256.00115327415,42670.67599496123,0.06038172756719386,0.10541866777667126,2024-12-01,38023.0,bayesian_runlength,False
1981,31938.947446083672,37480.60430252548,37944.43838322848,43533.78005313139,0.01648310538801223,0.029173468934128078,2024-12-01,39251.0,bayesian_runlength,False
1982,32113.754562799684,38788.89144531553,38548.93120259563,44391.61701101466,0.017700669641149303,0.031262905112826256,2024-12-01,39613.0,bayesian_runlength,False
1983,29465.5228513055,35860.71478524457,36839.940551622094,41976.552741461186,0.008670137697681381,0.015181099228735956,2024-12-01,37692.0,bayesian_runlength,False
1984,26651.742183131923,32728.65787767638,33784.26516409761,35472.59235816442,0.18435842168072406,0.30514202194991186,2024-12-01,29978.0,bayesian_runlength,False
1985,30681.166246817796,36351.64345881211,36330.3961851729,43711.03148567287,0.00800820679461144,0.013990909380717925,2024-12-01,38516.0,bayesian_runlength,False
1986,33547.52589547815,39707.59540413987,39761.22887437305,46996.67292626111,0.014181607984180111,0.024866778362474827,2024-12-01,41308.0,bayesian_runlength,False
1987,27376.124526471736,33143.83425346554,33430.303481906245,38897.06019352574,0.01157371087537312,0.020469968942020925,2024-12-01,34958.0,bayesian_runlength,False
1988,26880.684403459672,32811.05461763193,33059.740439007735,38023.7628735052,0.020095713082929113,0.035232473985625595,2024-12-01,34239.0,bayesian_runlength,False
1989,28068.33575257649,34501.421550606596,33516.50548619169,40791.626124398346,0.023026838721121518,0.041755325790975344,2024-12-01,35970.0,bayesian_runlength,False
1990,32061.897473735327,39113.902115317585,38798.591554113475,43613.539571538146,0.052702900277171595,0.09268333506742052,2024-12-01,38405.0,bayesian_runlength,False
1991,28600.635152302904,33389.3865551626,33404.61146540027,38254.14683180537,0.012922237023306684,0.022769690191376073,2024-12-01,34573.0,bayesian_runlength,False
1992,26932.089584629026,32309.996501291203,32624.147648844704,37490.04573751018,0.03892177331734974,0.07090339222977357,2024-12-01,33505.0,bayesian_runlength,False
1993,34933.946331922976,41344.07862801342,41802.2467337796,48335.498921495695,0.020451837070859857,0.03651100762765147,2024-12-01,42844.0,bayesian_runlength,False
1994,26668.801101731216,31016.765545179063,31724.934271578033,36151.39441738225,0.02958541176683148,0.052848308897156734,2024-12-01,32652.0,bayesian_runlength,False
1995,28800.3917425777,34327.472097668986,34920.70869933968,40941.750386653424,0.008434806217374007,0.014710874892569947,2024-12-01,36191.0,bayesian_runlength,False
1996,25362.8969653116,30269.25202642429,30888.12339753092,34399.39967555234,0.039870783998402534,0.07108968029399944,2024-12-01,30776.0,bayesian_runlength,False
1997,26231.647707339343,31468.34028155205,32533.413968408287,36659.91364304534,0.030813853333516727,0.054032351535076815,2024-12-01,32974.0,bayesian_runlength,False
1999,31548.270936934015,37148.7999927525,38047.130351509935,45122.22864786947,0.014865489641149138,0.02626219708685899,2024-12-01,39776.0,bayesian_runlength,False
2000,36506.06994088521,43763.03524732858,43792.80266319986,52666.62498977061,0.013057146692582131,0.02305975272973041,2024-12-01,45958.0,bayesian_runlength,False
2001,28794.34021223362,34024.33009944203,34049.47254273235,38685.66466282751,0.03364330225079929,0.06153599966372034,2024-12-01,34992.0,bayesian_runlength,False
2002,29117.973223299334,34555.04034102771,35268.252926938505,39889.634065853126,0.02441921227129369,0.04337863432608908,2024-12-01,35659.0,bayesian_runlength,False
2004,33525.87201896097,40067.9459236665,40104.1151127793,47470.51536741553,0.015182011644114674,0.026829702945618542,2024-12-01,41685.0,bayesian_runlength,False
2005,34980.55172890411,41414.5675353581,41289.48759508815,48851.815857752736,0.01793849865611164,0.03160242675096583,2024-12-01,42528.0,bayesian_runlength,False
2006,34324.33048732874,40131.4334124773,40167.92751742057,46883.64080210357,0.02309783011052762,0.0407909858312812,2024-12-01,41414.0,bayesian_runlength,False
2007,24318.204200826738,29218.272500259623,28793.44685019931,32869.29645527096,0.030689204898446672,0.0542090925586233,2024-12-01,29744.0,bayesian_runlength,False
2008,29729.539276029718,35031.36681449348,35127.30582756982,41996.658414427024,0.011560734721183468,0.020222277731220945,2024-12-01,36962.0,bayesian_runlength,False
2009,30763.58396284916,35955.49316988551,36213.792466803425,42833.97068709384,0.018683335978731824,0.03398395480717712,2024-12-01,38324.0,bayesian_runlength,False
2010,32656.342529879093,38695.31370876217,39101.46894581621,46288.97680542842,0.011320580882830474,0.020028065933694907,2024-12-01,40859.0,bayesian_runlength,False
2011,29738.221593072267,35198.491327500145,35866.21937332798,41879.782324442975,0.008601224704870755,0.015076604267501572,2024-12-01,37661.0,bayesian_runlength,False
2012,25214.38549216895,30464.285994888534,29710.077844776777,36172.782796295454,0.02996022117417725,0.05333442834983324,2024-12-01,33585.0,bayesian_runlength,False
2015,25042.48957748153,31283.24955320108,31111.539202075855,35457.310631422806,0.01182141090956811,0.02068978678473831,2024-12-01,31889.0,bayesian_runlength,False
2017,23028.39868163938,27956.72929919616,28210.062986636905,33133.54487042873,0.012605481050030483,0.022079710214596374,2024-12-01,29657.0,bayesian_runlength,False
2018,19102.356605091474,23804.472058125662,23837.171329350273,26126.798110523196,0.029151981345057375,0.05243312620916824,2024-12-01,23530.0,bayesian_runlength,True
2019,29204.478879749986,34877.451443229176,34586.345380152066,41826.030670828055,0.01737791690554534,0.030903967582221088,2024-12-01,37156.0,bayesian_runlength,False
2020,26467.275209384425,32108.75358005952,31137.22745031353,35443.28685805159,,,2024-12-01,31593.0,bayesian_runlength,False
2021,25908.199743252957,31419.127051943382,32115.342836503292,37592.12816898829,0.013674344316586618,0.024503084504129777,2024-12-01,34014.0,bayesian_runlength,False
2022,20847.25713374185,25980.636886321834,26861.49329193227,33681.36111781699,0.01869227497558364,0.033723944389157226,2024-12-01,30620.0,bayesian_runlength,False
2023,23708.757681581566,27292.59937061825,28140.369614227813,33392.48503729526,0.0277922928418856,0.04948160578380931,2024-12-01,29910.0,bayesian_runlength,False
2024,30022.304867401414,36006.48436812708,35750.43815712135,41419.43525319878,0.012834618343906642,0.02250125108587617,2024-12-01,36740.0,bayesian_runlength,False
2025,23770.2819969683,27057.89209874813,28853.10364429921,32707.668923913658,0.026785299911423983,0.047738647142642594,2024-12-01,29453.0,bayesian_runlength,False
2027,24857.90138238604,30491.760382342633,30201.995002969466,35220.71414466577,0.029581627730804673,0.052715664568395354,2024-12-01,31178.0,bayesian_runlength,False
2028,26664.456809265306,31551.857276851297,32284.88717023546,38978.14369232768,0.01390917115493359,0.02459248170219469,2024-12-01,35097.0,bayesian_runlength,False
2029,19532.837432118242,21243.640326627057,21780.831347491345,24595.84957239998,,,2024-12-01,22537.0,bayesian_runlength,False
2030,25486.125760510102,30343.38013431028,30405.541462925197,36183.53858270414,0.019103263305889434,0.03447763903918197,2024-12-01,32766.0,bayesian_runlength,False
2031,25885.32815113061,31736.408463638883,32137.217888093095,37840.24940906514,0.013165000796838033,0.023679257896016333,2024-12-01,34140.0,bayesian_runlength,False
2032,34793.79518992518,41085.97382235809,41619.631297881046,49789.04012922123,0.016842219225939887,0.02990991948146075,2024-12-01,43493.0,bayesian_runlength,False
2033,35739.53497467544,41797.14427169864,41840.53947805588,50745.83787009888,0.01729813245106855,0.030701676263721903,2024-12-01,44091.0,bayesian_runlength,False
2034,25792.697571635876,31018.63134935915,31286.431610472035,36549.76728504809,0.016180380188448116,0.028766097802044244,2024-12-01,32879.0,bayesian_runlength,False
2035,23666.691906998996,28551.894309055584,28782.19164874078,33449.32465072957,0.023566998594197808,0.04254918579440119,2024-12-01,30304.0,bayesian_runlength,False
2036,24149.090906097044,29942.090791756986,30231.340416801755,34738.62747530567,0.00900247945019614,0.01579298499046066,2024-12-01,31285.0,bayesian_runlength,False
2037,21993.060638654533,27559.287766856338,27163.127332109572,32247.427586404803,0.014169315295966128,0.025746184537332305,2024-12-01,29097.0,bayesian_runlength,False
2039,24019.08132149418,29087.61558105263,29282.95829416775,33702.317410359785,0.013221840494407342,0.023552281653622283,2024-12-01,30501.0,bayesian_runlength,False
2040,31952.931810436632,38585.563208389045,38643.490294554795,46466.517698133925,0.09788975104948208,0.16775531767456373,2024-12-01,42897.0,bayesian_runlength,False
2041,23802.129185963342,29098.788194708453,29656.239347387465,33878.93726509617,0.018012413161737902,0.03239453452795074,2024-12-01,30812.0,bayesian_runlength,False
2042,25513.08646004375,30769.946707261406,30818.6041561577,35701.52284272962,0.011799199879277406,0.0207662707423579,2024-12-01,31894.0,bayesian_runlength,False
2043,23452.038092359206,30352.899070617892,30444.83421456684,36786.84997185821,0.13269737734745216,0.22931594769715544,2024-12-01,33636.0,bayesian_runlength,False
2044,34951.841492511056,41698.30396462056,41547.50213627104,50505.20275212034,0.009463832906956748,0.016555349785540647,2024-12-01,44379.0,bayesian_runlength,False
2045,31768.09439938214,39218.45531838118,40379.12516747181,45989.45369643884,0.02019500053580445,0.035616790789033154,2024-12-01,40327.0,bayesian_runlength,False
2046,20341.145920145747,25525.992941203564,25712.183702913124,29510.956827601436,0.06269596500573221,0.10855952475901914,2024-12-01,26381.0,bayesian_runlength,False
2047,30681.5761193299,36988.82546219135,37236.474493258545,44709.42472906424,0.011351907985904852,0.01992343432565424,2024-12-01,39308.0,bayesian_runlength,False
2048,31413.41408601986,38273.98862323697,38658.09405679173,46486.85070909006,0.010885057399287586,0.019173306555802388,2024-12-01,40985.0,bayesian_runlength,False
2049,19927.38111242888,23859.6836439121,23803.2777599311,27463.111338153543,0.019902217013815785,0.036044238995521005,2024-12-01,25630.0,bayesian_runlength,False
2050,19526.69013647177,23916.526529012834,24258.81436644821,28807.517265294715,0.02943233461493898,0.05469342022150012,2024-12-01,25664.0,bayesian_runlength,False
2051,29904.481838721047,35465.3269777045,34943.58008461531,41841.28851804901,0.01903642374993983,0.03370500626894367,2024-12-01,36772.0,bayesian_runlength,False
2052,24097.878802964984,28612.19785251484,28214.64169843921,35176.502493793676,0.019629741842978828,0.034972504645180445,2024-12-01,31485.0,bayesian_runlength,False
2053,24215.36246742876,29310.598229149393,29602.85219104092,35794.663312843826,0.02784700651998037,0.05203716514019383,2024-12-01,32257.0,bayesian_runlength,True
2054,19945.962627707173,25070.139833248955,24380.733368579666,30485.19843863791,0.1518143780319658,0.27826994204215105,2024-12-01,27731.0,bayesian_runlength,False
2055,22496.02639417383,27689.828027208117,26501.932513183176,32796.184807276906,0.02222556433184081,0.039780791456293596,2024-12-01,29858.0,bayesian_runlength,True
2056,19879.433492189943,23966.745200835787,24205.677559303018,29218.19224566092,0.027767077129865467,0.050940613414770027,2024-12-01,26304.0,bayesian_runlength,False
2057,18580.887836611313,22389.683652596184,21735.099081339133,25955.596980627513,0.0884818249998857,0.1555016033624078,2024-12-01,22943.0,bayesian_runlength,False
2058,22950.461866633384,27636.388433639233,27783.862216111458,32990.4403520163,0.015809484450111766,0.02857065327517239,2024-12-01,29952.0,bayesian_runlength,False
2059,23482.917942830674,28705.553651859704,28862.143294974758,34387.85218048332,0.015913852582722997,0.02852223746636264,2024-12-01,30964.0,bayesian_runlength,False
2060,26502.607178610502,31739.69941900235,31614.622741379117,38411.94390988554,0.009635386413882768,0.01697739574220429,2024-12-01,34165.0,bayesian_runlength,False
2061,21404.50566330601,25879.19493110874,25403.218858955628,30397.45581072848,0.01733525321053483,0.030609730827379753,2024-12-01,27401.0,bayesian_runlength,False
2062,26125.923168207086,31583.987462229874,31600.398093772885,36447.06050725194,0.01463525751430799,0.025686528788154996,2024-12-01,32496.0,bayesian_runlength,False
2063,35387.01440601905,41930.574796946195,42092.11898147948,50580.29134975128,0.01667335603883445,0.029404404050632715,2024-12-01,44475.0,bayesian_runlength,False
2064,25319.495069370903,30171.077548313122,30133.75409731039,36021.45445200267,0.01220917299132827,0.02161301422896758,2024-12-01,32687.0,bayesian_runlength,False
2065,25544.162112331112,30243.06877752302,30941.82713235968,37698.43729946183,0.02756934217804807,0.04922622512334577,2024-12-01,33278.0,bayesian_runlength,False
2066,24129.59447829424,28685.247137746795,29768.988328641564,35597.47879282006,0.059376861508686915,0.10642240380639026,2024-12-01,31982.0,bayesian_runlength,False
2067,19254.089063748565,23000.62186641076,24189.916985664313,27432.79318122828,0.09702046677423827,0.16781360993693636,2024-12-01,24897.0,bayesian_runlength,False
2068,24345.55086311082,29281.458295833483,28738.144548331147,34951.23953298567,0.0437014401619959,0.07714627592399292,2024-12-01,31579.0,bayesian_runlength,False
2069,19486.992697128237,23391.669933667235,23074.954457994576,27649.78649045361,0.01714998329302617,0.030769452785266427,2024-12-01,24822.0,bayesian_runlength,False
2070,26941.769451669137,32549.078938626593,32886.46907622698,38789.40791810815,0.011293034682917378,0.01973736252044007,2024-12-01,34202.0,bayesian_runlength,False
2072,22490.563758065084,26602.07332039422,26200.90794131133,30910.175458925663,0.01863004594047984,0.033318553164440726,2024-12-01,27529.0,bayesian_runlength,False
2073,22667.52843821868,27629.11697231441,27067.09022444503,31959.902892033308,0.01749261281288137,0.031216134478832595,2024-12-01,28569.0,bayesian_runlength,False
2074,26788.581366770013,31979.874400533034,31669.235141752048,38881.10949422321,0.008687929016165444,0.015223857796409617,2024-12-01,34054.0,bayesian_runlength,False
2075,22858.33113080588,27295.755576893735,27218.65071510123,32021.263234073933,0.019943033428034076,0.03494111720379338,2024-12-01,28517.0,bayesian_runlength,False
2076,24127.070399427823,28649.115059464155,28658.95676439062,34260.82730966204,0.010347059291730269,0.018218475123131905,2024-12-01,30491.0,bayesian_runlength,False
2077,23570.371837220107,27840.290328324096,27360.97936447036,32853.12547469185,0.01108232984871885,0.019589258771700015,2024-12-01,29166.0,bayesian_runlength,False
2078,17065.588141111624,20351.89932493093,20509.771036148853,23232.153248181596,0.3115890731917653,0.48054554441740216,2024-12-01,20342.0,bayesian_runlength,False
2079,20825.73552637136,25193.167500205313,24891.119109627645,29120.538391175538,0.5552808461541606,0.7365022685130084,2024-12-01,25613.0,bayesian_runlength,False
2080,22740.72494973604,26915.95954981858,26838.65985279129,31297.277747303648,0.029541409800767415,0.052125310259527234,2024-12-01,27841.0,bayesian_runlength,False
2081,21951.239148805053,25376.59059343304,25523.10432369719,31673.74904061517,0.02532111980872315,0.04633343670851142,2024-12-01,28383.0,bayesian_runlength,True
2082,20683.10870231623,24886.79545605331,24556.594513043543,28731.722680169154,0.02299520401877529,0.04052998769712884,2024-12-01,25605.0,bayesian_runlength,False
2083,23612.559609892036,27232.88851490469,26912.321778233996,31866.044697765523,,,2024-12-01,29592.0,bayesian_runlength,False
2085,20675.075783378095,23501.480204952317,22854.828108396345,27998.528911783054,0.026269487811007432,0.0474518588427478,2024-12-01,25797.0,bayesian_runlength,False
2086,23931.50707220572,26837.892462426782,27351.8103552884,31844.826246538727,,,2024-12-01,28548.0,bayesian_runlength,False
2087,21324.019919947412,24727.56559672018,24520.20867049425,29261.51872473266,0.04774401160434696,0.08411256463140734,2024-12-01,25765.0,bayesian_runlength,False
2088,19028.454623160236,22484.54031128614,22841.0471580433,26818.510390635376,0.012686744050370805,0.02280351200694244,2024-12-01,24435.0,bayesian_runlength,False
2089,20182.28857014355,24095.367900145757,24437.09999018702,28657.11473123136,0.03324928257660731,0.058964647838756025,2024-12-01,25495.0,bayesian_runlength,False
2090,18924.961897537647,23351.004981400445,22599.280816570237,27480.400575171458,0.04872355410760451,0.08855207204853141,2024-12-01,25106.0,bayesian_runlength,False
2091,19937.354171576582,23581.475181746413,23535.95659978631,27549.450679769765,0.0615942083487989,0.11377334590803645,2024-12-01,24327.0,bayesian_runlength,False
2093,20625.52702503637,25112.096957130667,24092.374749570918,28957.71375814743,0.01343790289610988,0.024408070935168516,2024-12-01,25859.0,bayesian_runlength,False
2094,19867.337200023474,23853.02275593954,24267.104528217984,28490.459645195937,0.03910943726977896,0.0707401269226298,2024-12-01,25949.0,bayesian_runlength,False
2095,19431.601139926388,22452.19831037744,22407.922695116285,27251.28658431944,0.01541353313979419,0.027376927437241756,2024-12-01,24640.0,bayesian_runlength,False
2096,20121.998907341695,23495.64573863001,24000.802457308968,28452.235941091978,0.03172071853933773,0.059576625766614016,2024-12-01,25464.0,bayesian_runlength,False
2098,21297.53766498679,25381.43533750095,25560.32966053645,30240.70182410456,0.02121677490172496,0.03795735962257005,2024-12-01,26850.0,bayesian_runlength,False
2099,21260.054547028118,24643.443461764255,25109.122225613373,29603.517357004366,,,2024-12-01,26543.0,bayesian_runlength,False
2100,19991.93087484014,24618.958046668726,24846.684513931068,28929.067093151727,0.047024480277484855,0.08880928652871001,2024-12-01,25584.0,bayesian_runlength,False
2101,37844.4342492574,44751.57293755963,45000.36877605648,53989.81170774985,0.010471024042529097,0.0182855234786448,2024-12-01,47499.0,bayesian_runlength,False
2105,30132.27197284621,35567.66195872854,35282.837153405046,43635.1540139479,0.01204414063875012,0.021229519023849376,2024-12-01,38400.0,bayesian_runlength,False
2108,30793.614785269,36373.508852635656,36994.241951879856,44809.10839950143,0.008516171446787528,0.014891949115809232,2024-12-01,39431.0,bayesian_runlength,False
2109,30360.89847328056,37229.6823275725,37969.67356879777,42315.91921407129,0.014267318894300265,0.02496049863511781,2024-12-01,37935.0,bayesian_runlength,False
2110,26678.277723904623,32385.58540867308,32765.272222051844,38850.2966777697,0.013156280275381885,0.023605779553449387,2024-12-01,34938.0,bayesian_runlength,False
2111,25825.802688674652,30828.91270435885,30959.111668142334,37813.82391329219,0.014742646101832268,0.02604894333506836,2024-12-01,33103.0,bayesian_runlength,False
2112,22999.421135212542,28775.754021072178,29108.21601175007,33515.18723418223,0.023389871223272154,0.04146546463861969,2024-12-01,29706.0,bayesian_runlength,False
2113,27179.97700659413,32561.046332143174,32849.969907799656,38847.78634675465,0.00803622094499949,0.014071466229949977,2024-12-01,34563.0,bayesian_runlength,False
2114,22843.856066729306,27517.708684901678,28083.726425723267,32566.14823474666,0.026341360617267717,0.04755230956214145,2024-12-01,29256.0,bayesian_runlength,False
2116,22540.657672112673,26486.557961307077,26836.39527383452,31244.005203684006,0.09660211738579319,0.1690067275658426,2024-12-01,27849.0,bayesian_runlength,True
2117,24687.318935391097,29587.33002884268,31048.406212345548,36487.47035085963,0.01630694543257003,0.029303927477186884,2024-12-01,32594.0,bayesian_runlength,False
2118,24584.6834932327,29563.799472812105,30045.25410893348,36357.52720495894,0.018302700361103548,0.0326171526444457,2024-12-01,32476.0,bayesian_runlength,False
2119,37159.971766896975,43615.83120463427,43797.544316752,53054.066607707355,0.014135318955954698,0.024915717113291137,2024-12-01,46220.0,bayesian_runlength,False
2120,28100.380122602117,32879.08635760313,34108.63121452408,40348.668229260315,0.0108379776101858,0.018903158907023074,2024-12-01,35852.0,bayesian_runlength,False
2121,24666.74607085875,29502.628049076433,30138.009506254195,35437.9784571085,0.00890322975543911,0.015501013009807113,2024-12-01,31620.0,bayesian_runlength,False
2122,25403.376043872475,30936.294409924023,30620.397113716346,36251.231909273316,0.028788278759862937,0.051261838611960396,2024-12-01,32297.0,bayesian_runlength,False
2124,33074.09775987629,38659.88851777962,39294.743965738315,46664.61837661175,0.01401932218277211,0.02458429934046685,2024-12-01,40970.0,bayesian_runlength,False
2125,21709.87962468929,26398.132704164545,26620.542796007838,30935.732465979643,0.03906935296728622,0.07041129605188876,2024-12-01,27391.0,bayesian_runlength,False
2126,25478.77245949908,30707.82059056171,31046.118778015658,35971.5800666161,0.021646529631556295,0.03809675565293707,2024-12-01,32244.0,bayesian_runlength,False
2127,22397.471196237464,26618.605616807836,28153.538733978887,34297.9750000494,0.041562906065303086,0.07541260142783199,2024-12-01,31422.0,bayesian_runlength,False
2128,24255.008014154315,29065.15779655658,29007.475791490782,34774.47054958404,0.023610190759459335,0.04214351048966439,2024-12-01,31086.0,bayesian_runlength,False
2129,22972.34252010565,27891.623547851304,28524.28303878527,32407.479524127175,0.012682595750835989,0.022173096278554846,2024-12-01,28663.0,bayesian_runlength,True
2130,21358.712436164784,26247.643251893154,27942.148695768552,32315.372566719972,0.03369078196867763,0.0639985632374784,2024-12-01,29186.0,bayesian_runlength,True
2131,25458.679177164908,30848.361471335233,31196.539641311807,36663.448563894875,0.009278678354243147,0.016264454663592443,2024-12-01,32725.0,bayesian_runlength,False
2132,23630.325616433205,28964.832028815068,29495.044654448568,34374.63747453751,0.015276912170899331,0.026766967707954007,2024-12-01,30666.0,bayesian_runlength,False
2133,26258.212589795017,31642.92717132583,32444.413108192777,38629.75353148031,0.02254212800537931,0.039976609147459645,2024-12-01,34314.0,bayesian_runlength,False
2134,21840.851541451993,26336.314840522886,27019.17906617932,31531.427128240975,0.024491607301037145,0.04402911530983899,2024-12-01,28133.0,bayesian_runlength,False
2136,23470.362262006507,26946.053283701847,27674.29907632591,33273.90969883994,0.06918577675118158,0.12327838619413391,2024-12-01,30067.0,bayesian_runlength,False
2137,23388.77407899453,28422.383738579636,29297.017778163157,33147.73702301996,0.015278582573442466,0.02678642335326205,2024-12-01,29389.0,bayesian_runlength,False
2138,22103.851910509988,26407.179042616022,26266.504817118526,30873.44526296927,0.02259414385124861,0.0403553392397287,2024-12-01,28485.0,bayesian_runlength,False
2139,22924.804990123575,27255.73303597026,27782.16096257586,32168.501585893693,0.013168108394307012,0.023190428467259116,2024-12-01,28556.0,bayesian_runlength,False
2140,24664.601584698758,28694.005123186544,29852.09500542493,35398.45931945149,0.01853568855729526,0.033309824527045534,2024-12-01,32126.0,bayesian_runlength,False
2142,27486.685526856792,33089.346260739476,33184.57976829812,41006.41053404685,0.03722219920620621,0.07013467949309733,2024-12-01,36627.0,bayesian_runlength,False
2143,23994.587023697255,30242.093251299862,30066.717174916193,34641.200660141585,0.0593240668671822,0.10371677062042664,2024-12-01,30474.0,bayesian_runlength,False
2144,37065.54439224385,43720.418005008105,44406.072474115004,52397.70341430922,0.015120519218976721,0.026570763438164762,2024-12-01,45996.0,bayesian_runlength,False
2145,28002.755573845054,34808.603140452185,36024.60007711449,43560.8329919157,0.4359772753822502,0.6090739396655471,2024-12-01,41888.0,bayesian_runlength,True
2146,34768.77048911177,41878.469961615294,42056.83114365897,47578.54310259748,0.008796464187386338,0.015347327036043329,2024-12-01,42955.0,bayesian_runlength,False
2148,30220.017031662683,36969.37061628857,37759.71944720963,42841.02727299719,0.06381386409639282,0.11380511376599522,2024-12-01,38822.0,bayesian_runlength,False
2149,23070.518607424663,28277.528847726764,28634.00705098138,32963.372055811444,0.010295373057494527,0.018206619394022298,2024-12-01,29945.0,bayesian_runlength,False
2150,23609.807401155704,28294.991980004197,30152.680802807226,34352.20549948493,0.013422690292208033,0.02393641680051886,2024-12-01,30826.0,bayesian_runlength,False
2151,25621.91086573574,31529.666595518524,32278.16404419078,38206.69273467192,0.026509329110236436,0.048753378135503074,2024-12-01,34686.0,bayesian_runlength,False
2152,19517.964034313696,24527.643189046325,24226.60930311896,28856.502289441458,0.02577948785882035,0.04700853915444727,2024-12-01,26162.0,bayesian_runlength,False
2153,26110.11905596252,31495.427993500954,31797.00312011478,36243.1964215119,0.012105772455511869,0.021461694991900388,2024-12-01,32481.0,bayesian_runlength,False
2154,20731.02815812233,25450.06716877158,25909.51306939077,30036.88499939163,0.020566781969977604,0.03749278149083937,2024-12-01,26986.0,bayesian_runlength,False
2155,27479.91862317296,33625.815144298664,34101.14824951754,39102.87391930296,0.010593638535613554,0.018851896710326273,2024-12-01,35293.0,bayesian_runlength,False
2156,22961.5862476789,27571.53706946308,29146.32862169718,33412.34915891976,0.024170273760213738,0.04364435816100307,2024-12-01,30023.0,bayesian_runlength,False
2157,22963.080010303303,29348.34596497744,30349.03939551623,34671.34829088628,0.04588590791933385,0.0822842126650395,2024-12-01,31504.0,bayesian_runlength,False
2158,27191.568349833255,33876.0912920414,34293.48772635708,38745.38288527704,0.011840605984963296,0.020816025088943164,2024-12-01,34676.0,bayesian_runlength,False
2159,21362.767720316322,27031.10831087866,27209.04130062797,31764.93322592569,0.036231299568887425,0.06586252800067796,2024-12-01,28876.0,bayesian_runlength,False
2160,23875.670778560772,28982.22690981739,28960.23766483087,34709.78580632816,0.1572596584477837,0.269669046900952,2024-12-01,32546.0,bayesian_runlength,True
2161,38182.69106863483,44907.6403402487,45445.54232672841,53083.688241998054,0.019153411801441773,0.033842542283039505,2024-12-01,46966.0,bayesian_runlength,False
2162,23061.083558064063,28614.001140688706,29553.555534025916,33820.06368015728,0.020115722705652473,0.036864549139223,2024-12-01,30292.0,bayesian_runlength,False
2163,20962.78732392437,25137.382944364985,25612.991087286377,29854.732491309926,0.014312895314310018,0.025397472088778544,2024-12-01,27282.0,bayesian_runlength,False
2164,39333.90419904872,46619.91442824297,46606.13373474263,56417.86147220185,0.012398181434666925,0.02181347149340634,2024-12-01,49274.0,bayesian_runlength,False
2165,32620.753833347793,38725.53944169489,38925.893025316036,46627.01247921765,0.012342922469254156,0.02167876528433244,2024-12-01,40766.0,bayesian_runlength,False
2166,27852.778626563508,30173.379721319325,31859.550841453827,36507.46174277035,,,2024-12-01,33510.0,bayesian_runlength,False
2167,29868.528169029465,35377.363317389994,35290.33416100145,42175.58474308219,0.023064183860662647,0.04098489260937043,2024-12-01,36760.0,bayesian_runlength,False
2168,30574.99556178098,36130.20333532785,36789.33921832273,43557.559249967984,0.019260199772392357,0.034042394007469674,2024-12-01,38087.0,bayesian_runlength,False
2169,34245.034712604625,40765.638270743046,40608.35866299775,49227.76229605494,0.014908228212627926,0.026326008718242557,2024-12-01,42985.0,bayesian_runlength,False
2170,30961.21522577925,37423.07707994787,36743.963060422706,47208.07782239662,,,2024-12-01,43026.0,bayesian_runlength,False
2171,25678.885741096885,29750.911800482514,30170.959934791837,35844.471253437565,0.05976820750116892,0.10703081934494747,2024-12-01,31596.0,bayesian_runlength,False
2172,26458.030979286323,31811.97011954783,31091.679320616637,37767.23380160531,0.028687549841734338,0.05193154737976571,2024-12-01,33621.0,bayesian_runlength,False
2173,28924.835929159875,34013.71992444001,34585.93001390035,41636.601562020885,0.013930245666595264,0.02459207757234206,2024-12-01,36622.0,bayesian_runlength,False
2174,26405.41758049915,31904.753524576674,31709.493582947318,37386.41755937236,0.019699938226604746,0.034718137801932406,2024-12-01,33356.0,bayesian_runlength,False
2175,25837.64400695955,31283.03175952764,31379.040253744402,36374.51092819177,0.023683872295346447,0.04209637326335148,2024-12-01,32155.0,bayesian_runlength,False
2176,24456.78368435045,29992.116944945803,30155.723014868236,34216.309748036234,0.040195983997930625,0.07141973822063565,2024-12-01,30728.0,bayesian_runlength,False
2177,34230.1561774216,40609.61515323333,41569.33244000396,50277.691932968235,0.009883618808760784,0.017460502463773543,2024-12-01,43655.0,bayesian_runlength,False
2178,24846.138451804305,29234.990459807974,30350.935609370517,36305.931481330765,0.05229536272358982,0.09752252006042952,2024-12-01,32392.0,bayesian_runlength,False
2179,25438.990690031038,30285.310464555434,30530.53340929038,36400.956121195864,0.021671012379475166,0.03831094668743192,2024-12-01,32132.0,bayesian_runlength,False
2180,26080.04968487283,31459.939066573592,31592.29987100719,36726.04267718742,0.025152429939928594,0.04477883108080081,2024-12-01,32867.0,bayesian_runlength,False
2181,25188.555633958058,29712.078257579724,30419.873163211523,36284.67808158127,0.016211845144314875,0.02883845148188367,2024-12-01,32389.0,bayesian_runlength,False
2182,25354.644953537223,31413.180900548086,31245.788544182164,36650.62396958952,0.03827302790968871,0.06750696908978762,2024-12-01,32760.0,bayesian_runlength,False
2183,28207.692881929837,33361.59063782647,33259.46370495294,39798.445255978426,0.020676486006785434,0.03675826315612139,2024-12-01,35408.0,bayesian_runlength,False
2184,25764.77000982013,31318.947187036283,30506.138948195872,36775.13911079711,0.023325409719894392,0.04142743967989208,2024-12-01,32529.0,bayesian_runlength,False
2185,23160.48032167823,29124.05589548588,28457.553870556105,33029.68084798558,0.01424575434728841,0.025204286867263902,2024-12-01,29703.0,bayesian_runlength,False
2186,31589.322023335222,37245.23992485657,37109.77310382748,44607.69052066374,0.017174162784687974,0.030328371049654242,2024-12-01,39106.0,bayesian_runlength,False
2187,26885.739002873186,32237.23657654017,32668.77137733682,39585.81503054243,0.03917613446883668,0.07112396747908817,2024-12-01,35760.0,bayesian_runlength,False
2188,33747.50685923886,40394.39950587301,40342.15232733986,48972.844817425415,0.01510325676670876,0.026628431421057846,2024-12-01,42628.0,bayesian_runlength,False
2189,29912.6175183755,35550.831255310004,35769.12534412116,43048.00527219119,0.014958091683537799,0.026316758987770587,2024-12-01,38504.0,bayesian_runlength,False
2190,42544.32834065956,50154.31761227184,50298.4909442063,59324.20671007923,0.008946272200311677,0.015579178452548085,2024-12-01,52623.0,bayesian_runlength,False
2191,27410.591462830074,33358.54616879236,33874.31907506044,39141.04424725716,0.017803335662349203,0.03202864784885061,2024-12-01,34942.0,bayesian_runlength,False
2192,30428.971945564932,36939.3030100387,37255.380205295005,43457.6447295971,0.011040331139191268,0.01959755994174271,2024-12-01,38228.0,bayesian_runlength,False
2193,37740.898050268755,45406.55510107939,45355.21353044606,53516.3333390617,0.014730223682295568,0.026392090229802323,2024-12-01,47149.0,bayesian_runlength,False
2194,28357.454259558006,33936.082232982735,34133.510289718586,40139.067827207175,0.014489712980164913,0.02600195903923724,2024-12-01,35735.0,bayesian_runlength,False
2195,23792.6159894835,28434.96977565174,29031.636847512338,33725.263506745505,0.03116128465381223,0.056822327202213405,2024-12-01,30410.0,bayesian_runlength,False
2196,23957.644531341644,29702.825068446,29231.299075350325,34921.93598404519,0.20540391653247103,0.3461362475939287,2024-12-01,32067.0,bayesian_runlength,True
2197,22248.141126321905,27288.16307163172,27892.246314357322,31891.781969220945,0.09333940178899167,0.1719585751403296,2024-12-01,28021.0,bayesian_runlength,False
2198,23940.3437059784,28334.185183039728,29191.22380270932,34240.9110944763,0.042543057583566836,0.07910936820391823,2024-12-01,30412.0,bayesian_runlength,False
2199,21623.72129919646,26851.329040215995,26825.120775791576,31005.002797422974,0.013350103215264243,0.024054273012208693,2024-12-01,28620.0,bayesian_runlength,False
2200,24146.577971084167,29827.892370179077,30674.92139073,35140.62609954897,0.024063255210667333,0.043624533953304144,2024-12-01,31009.0,bayesian_runlength,False
2201,23590.117297157383,28735.424984832658,28382.018577935913,33290.431041992095,0.009016620748632994,0.015711912204346683,2024-12-01,29969.0,bayesian_runlength,False
2202,23313.20216134711,27860.63374376142,27440.021448699084,32282.69687376773,0.012366102547540893,0.021750313750439336,2024-12-01,29805.0,bayesian_runlength,False
2203,26056.73959064969,31098.030601941653,31730.91793071811,37593.48007209101,0.014544402601734301,0.025943304145842984,2024-12-01,33899.0,bayesian_runlength,False
2204,23437.355255178736,28329.624643720155,28876.208627497264,32909.98915535434,0.013128093915185376,0.02350655710401669,2024-12-01,29402.0,bayesian_runlength,False
2205,22888.88782641566,27857.70235714789,28186.300289154467,33089.192268571205,0.020378209991734977,0.03692066624435798,2024-12-01,30092.0,bayesian_runlength,False
2206,23766.016167994443,29011.016716617072,29333.792248164576,34386.32464166112,0.012236192746290326,0.02177489566685683,2024-12-01,30839.0,bayesian_runlength,False
2207,20818.567814115533,25679.323220547612,25354.455175319246,29036.084346700096,0.021498460638607827,0.038806247237282786,2024-12-01,26085.0,bayesian_runlength,False
2208,23844.2738243482,28866.63157837304,28635.192339447858,32454.943705030877,0.03147370042365138,0.05961109275797929,2024-12-01,29742.0,bayesian_runlength,False
2209,30390.89604553314,33257.43483413628,33398.43310862608,36526.821540915196,,,2024-12-01,30912.0,bayesian_runlength,False
2210,38763.7051305615,45503.9302224822,45499.54794800383,53960.97232871565,0.013251042266235784,0.02331711864998637,2024-12-01,47284.0,bayesian_runlength,False
2211,29258.2118037852,34773.436669762996,35763.669614721046,39711.82362458801,0.016913819075196682,0.030979056976207127,2024-12-01,36070.0,bayesian_runlength,False
2212,24097.174735871944,29801.216757023307,30325.12540289202,34443.5408055645,0.03553666980916388,0.06342642639529114,2024-12-01,30653.0,bayesian_runlength,False
2213,24540.480939662382,28936.290891178916,29498.466440462915,34709.01506466807,0.03164707571788609,0.058941191126085805,2024-12-01,31374.0,bayesian_runlength,False
2215,22964.751851699664,28020.88382593572,28667.714247006075,32692.60522882202,0.026146525771842535,0.047065147761687944,2024-12-01,29436.0,bayesian_runlength,False
2216,47837.79995782583,56436.892582007305,57745.07538822912,67214.84071438202,0.015165653374669592,0.02696941652042476,2024-12-01,60495.0,bayesian_runlength,False
2217,43835.70063718056,50985.62422646236,52778.99852384262,59498.8145714046,0.013972929589465529,0.024844262846503398,2024-12-01,52897.0,bayesian_runlength,False
2218,34572.0426154468,40544.775855255146,42053.590017876784,46295.5727254145,0.013813580064230191,0.024251234875150924,2024-12-01,41891.0,bayesian_runlength,False
2219,40635.730945560455,47860.884401348216,49105.6904302348,56309.16604912659,0.012896919769169209,0.022823737202561367,2024-12-01,50540.0,bayesian_runlength,False
2220,43667.57434590417,51505.55502334346,52631.917933597564,60662.95977574664,0.010316050865051619,0.01825397248089407,2024-12-01,54151.0,bayesian_runlength,False
2221,43711.9043548673,51787.55601636425,52704.19216972505,60587.61605463283,0.0073833731972286635,0.01281108139388505,2024-12-01,54011.0,bayesian_runlength,False
2222,43871.839686624044,51927.243705288456,52886.78911670512,61761.05099727999,0.013620488947778677,0.024230179434838562,2024-12-01,55580.0,bayesian_runlength,False
2223,35687.85571613439,42179.31962075862,43432.15943383946,47324.676669278,0.01228402464732986,0.021610697859860608,2024-12-01,41945.0,bayesian_runlength,False
2224,38421.48893602868,45900.521287993375,46894.65514626708,54148.79480337104,0.013173043230024804,0.02313937302198996,2024-12-01,47655.0,bayesian_runlength,False
2225,31002.617662700664,36584.67732444063,37991.02325558827,41022.360111326525,0.009573292952294818,0.016820928544345522,2024-12-01,36984.0,bayesian_runlength,False
2226,46212.83152155535,53681.165038991276,54944.64662679959,62699.125209125865,0.013235437170550172,0.02342614002514416,2024-12-01,55515.0,bayesian_runlength,False
2227,39801.03843681345,46845.74333808615,48450.456808441624,53994.23457742494,0.008119265737421975,0.01424212328134319,2024-12-01,48964.0,bayesian_runlength,False
2228,35539.19506986876,42807.89335941425,44365.855750092654,48862.4004803572,0.009658886538532932,0.016773087351358504,2024-12-01,44200.0,bayesian_runlength,False
2229,35867.85557934155,42615.38648780085,43825.00233570756,47492.03990784023,0.017270739577271037,0.03076105410392226,2024-12-01,42594.0,bayesian_runlength,False
2230,35369.94278465912,43060.76655591907,44626.96022141723,49262.400325245006,0.07462266329167158,0.13428089110389077,2024-12-01,43906.0,bayesian_runlength,False
2231,33147.16553967476,40648.32579374587,40537.15612921904,47678.06749213328,0.05169119647114013,0.0927769054772252,2024-12-01,43901.0,bayesian_runlength,False
2232,37193.1558448234,44620.91374692498,45286.983667348744,51619.66836988312,0.013474303472407545,0.024195150076378708,2024-12-01,46210.0,bayesian_runlength,False
2233,28558.66536864509,34762.96388546888,35783.77517097855,39074.63890755628,0.008959226480544332,0.015602964904258988,2024-12-01,35601.0,bayesian_runlength,False
2234,33727.58968373545,40319.79411143887,40897.51910851289,46796.49772934865,0.0394957332826894,0.07221807918372151,2024-12-01,42055.0,bayesian_runlength,False
2235,33700.687705574164,40719.806758901854,41643.744273026896,47312.52088972774,0.009938700489539622,0.01748527684367305,2024-12-01,42570.0,bayesian_runlength,False
2236,35237.437392424516,40422.31656469302,41319.06928621441,44938.76963221237,0.031003658877236637,0.05459479372326,2024-12-01,40333.0,bayesian_runlength,True
2237,31821.45568817357,37242.61702985924,38688.05586277255,44111.696076604996,0.026615311923477932,0.0483072437386556,2024-12-01,39905.0,bayesian_runlength,False
2238,54110.784421977034,64435.42878048557,68802.03403741332,75110.54849348754,0.030740255695946364,0.055759057880862835,2024-12-01,67290.0,bayesian_runlength,False
2241,39963.431041818825,47986.14782950989,49431.80673775282,54098.841056137506,0.016451909720163603,0.029347242398432637,2024-12-01,48421.0,bayesian_runlength,False
2242,44739.53090684341,53287.72115154324,56845.33345685496,59437.5179359505,0.022445802262161578,0.039500899199103136,2024-12-01,52912.0,bayesian_runlength,False
2243,41760.00289045864,50910.369480462585,54428.01044367938,56735.96899291464,0.016692872838154103,0.02910245902198994,2024-12-01,50724.0,bayesian_runlength,False
2244,41778.25407824979,48474.81909015557,51732.958478223416,56190.37671956392,0.1908289776812486,0.32658148108508095,2024-12-01,50976.0,bayesian_runlength,False
2245,41361.199880571665,49406.73425163167,53489.66094433202,56260.224522837074,0.016111092223397523,0.028508454306013634,2024-12-01,50092.0,bayesian_runlength,False
2248,42512.37404411817,49995.001062281044,54420.04242341092,60273.01623608393,0.2360556492949605,0.3841493467016258,2024-12-01,54543.0,bayesian_runlength,False
2249,39172.630583145496,47795.97955768886,52014.280454930195,54361.457608951525,0.3465786273470966,0.5251637501553987,2024-12-01,48059.0,bayesian_runlength,False
2250,43961.96145110681,51930.59045318457,57486.719930932624,61752.14400384707,0.41783336504353563,0.5986411283822817,2024-12-01,56324.0,bayesian_runlength,False
2251,32746.19935636385,38753.10548396698,38837.93034499182,46961.557229311904,0.010715708019707634,0.018781163394735824,2024-12-01,41158.0,bayesian_runlength,False
2252,29701.429296625865,35027.48681135901,34987.64472471478,41722.188658551284,0.01620129252924817,0.02855344212947742,2024-12-01,36599.0,bayesian_runlength,False
2253,20731.349232756194,25112.903956098322,24628.662102233415,29157.68736868449,0.009584698871784508,0.0170677188439615,2024-12-01,26475.0,bayesian_runlength,False
2254,20346.813991566207,25006.638083738486,24738.384898252294,30262.77590576692,0.04242047748849115,0.07752571866626576,2024-12-01,27438.0,bayesian_runlength,False
2255,19189.229442605596,22865.613382365304,23261.28070672761,27276.983616347974,0.012196770098045028,0.02154954470491208,2024-12-01,24692.0,bayesian_runlength,False
2256,18683.00932469846,22162.969093758547,22558.209259976524,26506.455186937703,0.029745727171152255,0.05362484114560208,2024-12-01,24234.0,bayesian_runlength,False
2257,21207.208640949448,25525.887009623377,25622.139284096524,29973.3699319308,0.01660745068846256,0.02959046557161806,2024-12-01,26754.0,bayesian_runlength,False
2258,17706.345181624973,21149.582062827154,21167.91865575665,24649.77810623233,0.011439692908943326,0.0200462040817718,2024-12-01,22150.0,bayesian_runlength,False
2259,19126.407068210137,23374.564215897844,23637.691270882362,26960.42550821585,0.03329396111651242,0.05863744066958311,2024-12-01,23858.0,bayesian_runlength,False
2260,18478.897773990062,22161.10332337225,22484.158744584507,25500.973990874754,0.051319470902547105,0.09100929202363428,2024-12-01,22487.0,bayesian_runlength,False
2262,18560.442283900662,22197.773657997885,21551.987219735744,25888.619707323356,0.019722665979436723,0.03512630617338243,2024-12-01,23378.0,bayesian_runlength,False
2264,21200.59460056816,25191.369225479826,25668.033715976493,30052.51740251891,0.01004558716376581,0.01786549701070094,2024-12-01,26892.0,bayesian_runlength,False
2265,17257.108017947503,20119.662686265296,20524.594255557262,24240.230107951924,0.019459845350547355,0.035131965266974645,2024-12-01,22214.0,bayesian_runlength,False
2266,19317.250452004988,23389.4465149351,22931.074597886993,28117.529105614027,0.0488691440708564,0.09002866335533796,2024-12-01,25857.0,bayesian_runlength,False
2267,18842.634895661264,22331.580814499837,22600.10533624074,25922.38734765663,0.024886504948603547,0.04430091308116325,2024-12-01,23342.0,bayesian_runlength,False
2268,14764.239844179305,18356.27249326099,18650.884015406522,21324.152911293826,0.029909525860771495,0.05377229963821976,2024-12-01,19340.0,bayesian_runlength,False
2269,17311.57803031204,21144.78615850038,20218.81400661608,24435.34967711409,0.04408866683994735,0.07873267235891923,2024-12-01,21893.0,bayesian_runlength,False
2270,18576.34455563702,21913.480754897402,22182.346680084735,25723.03476317051,0.03270080816480506,0.05812893252618516,2024-12-01,22851.0,bayesian_runlength,False
2271,18108.090614517198,21204.148641164156,21989.872864679222,24766.599155818432,0.048405272082341085,0.08768347491477436,2024-12-01,21860.0,bayesian_runlength,False
2272,18746.622488119847,23111.462932561866,22960.09936320893,26641.323426024956,0.020028013475449424,0.03603828583065927,2024-12-01,23874.0,bayesian_runlength,False
2273,17793.34351859491,21420.65877179162,20672.598715934415,24689.293155161446,,,2024-12-01,21752.0,bayesian_runlength,False
2274,20261.974672641398,24355.34624408361,24692.780123399658,29797.574259105928,0.02580688111527529,0.04724092398584693,2024-12-01,26680.0,bayesian_runlength,True
2275,36299.56194831101,43338.354739620976,43345.490876441414,51464.8632011686,0.015659323814280878,0.027542095917361026,2024-12-01,45192.0,bayesian_runlength,False
2276,25025.69428493172,30505.79557956451,30574.54434387551,35836.345207105514,0.012175282742188357,0.021474580148967252,2024-12-01,31846.0,bayesian_runlength,False
2278,25609.787085366675,30973.54515731196,30820.792726648593,36564.720326703165,0.020710723099592068,0.03736939753438024,2024-12-01,32665.0,bayesian_runlength,False
2279,34495.56350484773,41545.18092515069,41941.39175942251,48715.34147911124,0.01616665248354229,0.028358342284571396,2024-12-01,42611.0,bayesian_runlength,False
2280,31156.472830083454,37153.328828716374,37527.958610798174,44599.41219958776,0.007662505374179125,0.013376762139533177,2024-12-01,39129.0,bayesian_runlength,False
2281,31555.897184957565,37306.72219106827,37396.57414621089,44333.484360877934,0.014969577378180502,0.02630924372601199,2024-12-01,39061.0,bayesian_runlength,False
2282,34299.46296851026,40703.83589070983,40402.719061366886,48610.88919308875,0.016377436998755067,0.028863115151976843,2024-12-01,42583.0,bayesian_runlength,False
2286,27865.745977741713,33492.485517861074,33251.68564866102,40648.487325617294,0.011693039277772576,0.020727622752039994,2024-12-01,35694.0,bayesian_runlength,False
2287,25715.117764281476,30841.96158700681,30560.543247559355,36493.99832553954,0.014690808668221485,0.026137952944046097,2024-12-01,32265.0,bayesian_runlength,False
2288,33172.76336434099,39517.641041602124,40230.39879893944,48088.920650320564,0.014446730322418097,0.02582864969098569,2024-12-01,41922.0,bayesian_runlength,False
2289,30033.893354712785,36031.80586901412,36277.02198414235,43375.260896837666,0.009855949586118136,0.017356360601725965,2024-12-01,37855.0,bayesian_runlength,False
2291,20678.77807273338,22459.293569544334,22247.839487083224,27382.327763167392,,,2024-12-01,24353.0,bayesian_runlength,False
2292,20733.925878700848,25016.352853581335,25171.58108577575,29582.290613796835,0.019655856555825878,0.034807666778770036,2024-12-01,26328.0,bayesian_runlength,False
2293,26666.140756734472,32375.973976076264,32141.343118475994,37747.590960891146,0.016456036703336757,0.02900723869102011,2024-12-01,33433.0,bayesian_runlength,False
2294,21675.496094176182,25776.370518913514,26155.50226869348,31220.56283850524,0.026930342819433996,0.049528678242488855,2024-12-01,27673.0,bayesian_runlength,False
2295,23140.00169025417,28218.143916611687,28366.693562663822,33421.676989303,0.026227742629702348,0.04884569090143488,2024-12-01,29740.0,bayesian_runlength,False
2296,22472.660356793604,26286.67747801891,26175.009714380438,31279.123641598242,0.014503079933890273,0.02609449900310236,2024-12-01,28268.0,bayesian_runlength,False
2297,24491.74672191085,29522.318335188218,29660.364969471953,34768.232978509885,0.02223596026552459,0.03899972752171129,2024-12-01,30902.0,bayesian_runlength,False
2298,23931.874559332522,29259.536080696103,29112.977076985087,34427.15831863503,0.021975256956372046,0.03963023399028796,2024-12-01,31211.0,bayesian_runlength,False
2299,21773.691289699702,26330.514021956595,26129.524264391803,30716.0356406945,0.013956967360514652,0.02469507762112423,2024-12-01,27447.0,bayesian_runlength,False
2300,25153.020641108367,30025.22240093229,29533.98266370832,35355.14229944667,0.00862310083971237,0.015111612911572194,2024-12-01,31877.0,bayesian_runlength,False
2301,23633.244026216526,28594.92878707348,28477.6986290275,33827.56178407057,0.0078255711145558,0.013732241012233885,2024-12-01,30343.0,bayesian_runlength,False
2302,18092.319613235253,21960.439467963675,22145.87054158999,26723.634502399032,0.03416129005655195,0.0605702571563317,2024-12-01,24669.0,bayesian_runlength,False
2303,28867.39080425945,34451.96273889139,34238.49213000524,42224.057621294036,0.01811294279441706,0.03229018448948471,2024-12-01,36669.0,bayesian_runlength,False
2304,21984.927478028207,26442.953530957904,27290.86182101492,31506.516404971422,0.011401250055662893,0.020041248189244458,2024-12-01,28551.0,bayesian_runlength,False
2305,20152.478602489777,24609.133264622233,24028.09652477401,28696.282313765434,0.018648612291158977,0.03324256906720629,2024-12-01,25850.0,bayesian_runlength,False
2307,18869.107234636616,22907.3431222836,22389.054907226346,27176.209492976726,0.03822900968285194,0.06888563841765999,2024-12-01,23995.0,bayesian_runlength,False
2308,21401.775453161332,26073.893973869013,25784.430257338,30919.051973017216,0.013825418310026488,0.024512679713708595,2024-12-01,27513.0,bayesian_runlength,False
2309,19881.523947699545,23672.055787563677,23733.85297989565,28632.288786541896,0.02082382982859538,0.03834263728168273,2024-12-01,25655.0,bayesian_runlength,False
2310,25863.65534329335,30933.193130156902,30586.619058678847,36529.77526109655,0.01695150003702753,0.03030134361460578,2024-12-01,32642.0,bayesian_runlength,False
2311,29145.589388156666,34979.28492625096,35214.58824033156,41015.638427025304,0.018137454505415665,0.03188905938523613,2024-12-01,35830.0,bayesian_runlength,False
2312,35734.515495567146,42242.58893333668,42152.1834017999,49687.90041702344,0.014026198612159696,0.024683387952873243,2024-12-01,43939.0,bayesian_runlength,False
2314,20368.550400082255,25127.599807499355,24603.711566652077,28688.02336321098,0.013222231779960012,0.023722816369112526,2024-12-01,26340.0,bayesian_runlength,False
2315,19753.385177763776,24274.356731316635,24231.373657274253,29232.114049510972,0.023751294660808487,0.043001828196123346,2024-12-01,26620.0,bayesian_runlength,False
2316,25086.75837184232,30220.07794340283,31582.98123883547,37937.57594753376,0.05176952398631369,0.09340527747150082,2024-12-01,32701.0,bayesian_runlength,False
2317,22218.114315702303,27041.415575299565,27582.16035467706,32210.084661710178,0.035060811158177135,0.06402620740529086,2024-12-01,28583.0,bayesian_runlength,False
2318,37447.40329228903,44032.615515015335,43855.332550514824,52137.5237376376,0.013726148297854072,0.024086735959565106,2024-12-01,45947.0,bayesian_runlength,False
2320,32465.81102403671,38418.44134309949,38188.76543188815,45568.30705905317,0.019154130044420868,0.03385061607519046,2024-12-01,39801.0,bayesian_runlength,False
2321,23327.720457706622,29058.457457648452,27874.57061804864,34245.10436472212,0.04156839978832551,0.0760956943955998,2024-12-01,30131.0,bayesian_runlength,False
2322,25337.618037426393,30942.241362243254,30900.592697528824,36023.786102340804,0.010088308849197921,0.017572806110667596,2024-12-01,31912.0,bayesian_runlength,False
2323,24275.81199825918,28064.520046123045,29078.386568431302,34802.78627569952,0.04531133011046036,0.0805116735282127,2024-12-01,30646.0,bayesian_runlength,False
2324,24164.14089072065,28581.914061135518,28019.421527770224,33233.97713537387,0.024980658575231955,0.044456173123569094,2024-12-01,29690.0,bayesian_runlength,False
2325,22794.392427094586,27040.748673344257,26712.96389661888,31631.068763630836,0.025539723144621485,0.045848941327784554,2024-12-01,28351.0,bayesian_runlength,False
2326,21637.420870030186,26135.641607325128,25843.87193854046,31058.176330257036,0.021837265561354995,0.038842893994678,2024-12-01,27696.0,bayesian_runlength,False
2327,25125.441796270996,29128.02870942967,30145.627771010586,35055.583356491305,0.02881813214740799,0.05079399876079243,2024-12-01,31619.0,bayesian_runlength,False
2328,23123.353199547004,26837.24383486025,27456.736629986975,32523.38484163113,0.01371183423039146,0.02445321555812014,2024-12-01,29234.0,bayesian_runlength,False
2329,23490.80493834227,27628.485045443984,27732.877921844327,32810.70117645601,0.013685909341023234,0.02478139539014904,2024-12-01,29854.0,bayesian_runlength,False
2330,22559.025827254354,26654.23037347466,26890.484756218728,31685.109997330008,0.036743375248269754,0.06585830481384138,2024-12-01,27945.0,bayesian_runlength,False
2332,21024.256189522544,25050.122997834525,25002.99627842237,30243.18811097118,0.036753715830666674,0.06617918612441044,2024-12-01,27306.0,bayesian_runlength,False
2333,28308.76348549463,33487.74826866413,33315.61776714256,39435.147988178804,0.0170756687957387,0.03011274196930729,2024-12-01,35161.0,bayesian_runlength,False
2334,30819.08649427881,36570.36049918751,36303.694279555006,46857.960520718894,0.09776273117967009,0.17194894671606645,2024-12-01,39834.0,bayesian_runlength,False
2335,30957.154283082647,36297.15659662108,36016.45768114173,44298.6302269011,0.01416499680619862,0.02514317657963295,2024-12-01,38303.0,bayesian_runlength,False
2336,30751.27748026814,36607.445234997555,36899.21837945331,44408.61337420304,0.01867031079252408,0.033002603346416484,2024-12-01,38536.0,bayesian_runlength,False
2337,36436.70080106789,42802.05906123952,42371.7147702487,48849.33753850816,0.01696426594492735,0.02988902506053318,2024-12-01,43737.0,bayesian_runlength,False
2338,39542.8519741284,46857.51357149794,46501.136301043225,56759.804944454634,0.009199431254756217,0.016158621939859147,2024-12-01,50399.0,bayesian_runlength,False
2339,28281.961418316714,35463.07444178157,33426.97883546945,43473.11305466273,0.09524177491654473,0.1645342073144844,2024-12-01,39576.0,bayesian_runlength,False
2340,32582.416465704428,39037.05305694105,39285.61539268889,47176.48087659546,0.029583353286370975,0.053417457653602105,2024-12-01,42409.0,bayesian_runlength,False
2341,36903.831659165255,43634.49858916271,43748.12169098446,51996.28566294397,0.008678504437307118,0.015270341981871726,2024-12-01,46064.0,bayesian_runlength,False
2342,27626.317913329975,33647.400972888216,33023.336404272784,39337.29160394933,0.08256389912553896,0.145507389962734,2024-12-01,36239.0,bayesian_runlength,True
2343,32702.519355710403,38269.92411147271,38940.83788117751,45840.03892568693,0.015768843765741315,0.02797175282062631,2024-12-01,41159.0,bayesian_runlength,False
2344,67011.69283503096,81647.85711144151,88093.36017893578,96013.60138030465,0.13340002287058972,0.23367671168409027,2024-12-01,85263.0,bayesian_runlength,False
2345,56786.137623511946,68591.73666997338,75876.12236518698,84942.07421000052,0.16995731268021064,0.29290220606833933,2024-12-01,75056.0,bayesian_runlength,False
2346,43059.88391949059,53824.94344741658,60791.85016781759,74103.91794824458,,,2024-12-01,69159.0,bayesian_runlength,False
2348,61659.4102263452,74746.31252778931,80605.35726983094,89468.61439181225,0.10663865203140198,0.19073279007214072,2024-12-01,79488.0,bayesian_runlength,False
2349,63047.115996373985,75734.83749755578,79424.54471564281,88817.76078717335,0.033184164310556465,0.060924526198132246,2024-12-01,80882.0,bayesian_runlength,False
2351,47722.3882891138,55847.93032788446,56151.96933173384,66003.04193429196,0.028164124808420985,0.050041885869129256,2024-12-01,57800.0,bayesian_runlength,False
2352,46267.31863581709,53663.31965685615,53017.40598773177,62178.3104011071,0.02730568681420872,0.048031399249069504,2024-12-01,55071.0,bayesian_runlength,False
2353,49462.483733920926,58077.60451830928,58207.7664701739,68793.85899821258,0.019029927680662567,0.03361789766333401,2024-12-01,60098.0,bayesian_runlength,False
2354,46152.60311246975,54186.26037242343,54406.05550975085,64131.773684583495,0.025350348662928856,0.04506618789348176,2024-12-01,56297.0,bayesian_runlength,False
2355,51315.97589772663,59743.5916035194,58895.70923794906,68988.76365987316,0.026359526146097042,0.04623207462427076,2024-12-01,61435.0,bayesian_runlength,False
2356,42631.11078482779,49735.11200452346,50017.812150208265,59520.89555360536,0.01633236921854939,0.028750208861927907,2024-12-01,52104.0,bayesian_runlength,False
2357,48562.37474059928,56813.298808906,56503.676912715295,66610.34452989783,0.02434975386280107,0.04327930769736166,2024-12-01,58890.0,bayesian_runlength,False
2358,49004.29401184495,57195.05203786406,57639.305166100625,67555.87713274617,0.020180062794313947,0.03546005194666006,2024-12-01,59123.0,bayesian_runlength,False
2359,51829.68992179962,61009.99332928351,60875.64650589944,72066.30195685122,0.020168145501933417,0.03547275085619949,2024-12-01,63070.0,bayesian_runlength,False
2360,51950.47909843612,60269.53064244197,60464.778660498676,71943.84312502743,0.019356325623433295,0.0340966764926552,2024-12-01,63161.0,bayesian_runlength,False
2361,51664.06929505343,60681.67405050884,60516.89914711378,71278.48246737414,0.018326182322326676,0.03219423071989681,2024-12-01,62853.0,bayesian_runlength,False
2362,45967.81700582236,55086.554739602114,54670.519451700886,63038.389448364214,0.01039652180000269,0.018336191239146073,2024-12-01,56766.0,bayesian_runlength,False
2363,46474.08367435777,54421.9285470621,54751.38756165124,64744.52617075089,0.015447635325258044,0.0269926812538835,2024-12-01,57186.0,bayesian_runlength,False
2364,50419.74715212616,59032.41389435151,59773.01086931336,70688.97124111984,0.0240090717770909,0.042300812833382266,2024-12-01,61981.0,bayesian_runlength,False
2365,52209.99736549001,61055.19928261961,61315.71417329893,72976.39980883585,0.018770995624827775,0.033124175627058876,2024-12-01,63638.0,bayesian_runlength,False
2366,47154.092117980494,55318.410766224166,55311.61076308112,65103.11040961745,0.018178606841258597,0.03196368733996823,2024-12-01,57386.0,bayesian_runlength,False
2367,44648.09581392139,52289.58734692864,52668.899452824015,62500.09660995485,0.027498811227802233,0.04854940783062764,2024-12-01,54823.0,bayesian_runlength,False
2368,44114.914693567975,51952.61117700036,51977.25793475662,60516.24532335327,0.022263239139263567,0.03927694670069653,2024-12-01,53327.0,bayesian_runlength,False
2369,46768.492432279,55105.526886392516,54501.92168108572,64181.32738282945,0.021584187330764316,0.03810035701199966,2024-12-01,56882.0,bayesian_runlength,False
2370,54914.22333098611,64145.53518242536,63682.51417451081,76133.27838097558,0.03439249280073785,0.06137968282324616,2024-12-01,66352.0,bayesian_runlength,False
2371,46761.73080328505,54934.58453339914,55321.87232832196,64234.61348568756,0.02218080385674482,0.039122749333817285,2024-12-01,56661.0,bayesian_runlength,False
2372,51725.99316287343,60889.0623320222,60824.21686979263,71796.41538895483,0.021271125494891567,0.037408268342492425,2024-12-01,63239.0,bayesian_runlength,False
2373,52429.41454109523,62043.84645164913,61758.9367410946,73399.18160002961,0.018776519664264798,0.03315586989240695,2024-12-01,64055.0,bayesian_runlength,False
2374,49298.18974191739,58054.777339728134,57982.86620433902,68155.25937817784,0.026306600264052994,0.04637560728116026,2024-12-01,59962.0,bayesian_runlength,False
2375,48270.39996158112,57202.53312938775,56525.61872454414,66192.68787320155,0.021389518070439848,0.0377257010849711,2024-12-01,58887.0,bayesian_runlength,False
2376,49570.292195182345,58594.84343553133,58635.74106277726,68886.79406186599,0.02321121973728424,0.04086793930765474,2024-12-01,60597.0,bayesian_runlength,False
2377,52397.32361873008,61660.21584443244,61885.13532192383,72316.09131882236,0.01911399209219016,0.033528561429876994,2024-12-01,63877.0,bayesian_runlength,False
2378,45978.90474371108,53604.92086612245,53222.50655732405,62410.50905381265,0.0211612507804686,0.03709747623508984,2024-12-01,55391.0,bayesian_runlength,False
2379,46746.263465423064,54848.584954717364,54615.76760461215,64322.00767879562,0.020950709834190204,0.03685317067237938,2024-12-01,56873.0,bayesian_runlength,False
2380,44593.65567918348,52387.96350733157,52107.86584078914,61583.00208419695,0.01966690476374229,0.03479745952129525,2024-12-01,54248.0,bayesian_runlength,False
2381,44772.767116031515,52102.18580708364,51954.73335270983,61303.863421618786,0.017578409261788875,0.030964688257850453,2024-12-01,54052.0,bayesian_runlength,False
2382,49999.491919938504,58826.51886854823,59449.812846104534,69919.61206323432,0.02322037622443823,0.040677220633849064,2024-12-01,61265.0,bayesian_runlength,False
2383,43883.36709214486,51502.85362380324,51739.4884339827,60545.13832610868,0.016141729011882492,0.028285494004755097,2024-12-01,53342.0,bayesian_runlength,False
2384,45454.53141636115,53537.676584545654,53684.46849500351,62974.55047048805,0.02134199042067074,0.037546899914324736,2024-12-01,55346.0,bayesian_runlength,False
2385,43755.94261239153,51325.158251418674,51403.28022382445,60998.10623482331,0.016747642119211682,0.029579406744162175,2024-12-01,53450.0,bayesian_runlength,False
2386,43134.725320471705,50857.22190925984,50555.69559865598,60079.658367832344,0.018476106857055162,0.03259600295556367,2024-12-01,52817.0,bayesian_runlength,False
2387,44081.22502312613,51657.72210428392,51293.4585411436,60807.29943964298,0.017786892643999654,0.0314180334689855,2024-12-01,53397.0,bayesian_runlength,False
2388,42634.88656911725,50073.513260770356,49855.752780955,59001.85988531848,0.026627414838907817,0.04710166892923387,2024-12-01,52058.0,bayesian_runlength,False
2389,42639.23859140945,49858.02996109355,49877.284627330766,59382.08345953839,0.023720053164268954,0.04181443620652878,2024-12-01,52058.0,bayesian_runlength,False
2390,44441.384375291964,52221.58709312531,52417.50198958358,62410.37984995276,0.016209753037409975,0.02866736202091261,2024-12-01,54560.0,bayesian_runlength,False
2391,40675.45935193611,47421.94424058217,48508.58314978742,55763.06138375579,0.04484373864181587,0.07808519212639431,2024-12-01,49221.0,bayesian_runlength,False
2392,40581.54402658087,47972.07962948054,47627.657688964864,56055.20686985798,0.019229541328633883,0.03394355145150715,2024-12-01,49306.0,bayesian_runlength,False
2393,40731.913356692385,48205.695652964554,48616.25584794176,58401.93628574154,0.01651835498071873,0.029242430153367936,2024-12-01,50523.0,bayesian_runlength,False
2395,37439.37597241205,44435.04668335861,44551.78809326961,52405.267910432274,0.02820572021827452,0.050059920272112604,2024-12-01,45845.0,bayesian_runlength,False
2397,45846.97078389973,49538.75045572774,50359.39711274796,58956.973872404975,,,2024-12-01,53561.0,bayesian_runlength,False
2398,44527.06432552706,52292.83965033831,52682.705686280504,61798.444163942404,0.020121602641571923,0.03555355460738163,2024-12-01,54397.0,bayesian_runlength,False
2399,47798.74748730644,56051.32092971282,56202.72184937966,66824.2608648733,0.016958082825824655,0.029828960931524193,2024-12-01,58597.0,bayesian_runlength,False
2400,46674.89727307354,54951.102792367215,54897.643396358726,63969.510788124266,0.022919153906401313,0.04029796610640593,2024-12-01,56617.0,bayesian_runlength,False
2401,42740.407037449644,50293.304427305724,50054.00056061499,59045.466680636,0.023334068053808627,0.04128757304449414,2024-12-01,51927.0,bayesian_runlength,False
2402,44080.063902012844,51919.41042473201,51655.63815690353,61366.64730757162,0.020204833733641327,0.035751822966187334,2024-12-01,53916.0,bayesian_runlength,False
2403,43004.88515341788,50282.304249375105,50926.27237274551,60645.967714393235,0.012396475038907593,0.021806291846017123,2024-12-01,53129.0,bayesian_runlength,False
2404,45440.28612437055,53319.20923057554,53595.57173937347,63343.16108422535,0.018119453126761758,0.03199306729154515,2024-12-01,55903.0,bayesian_runlength,False
2405,49986.01907676415,58921.28544371132,58831.216752889246,69959.58015741469,0.017090418895398744,0.030229200385985065,2024-12-01,61571.0,bayesian_runlength,False
2406,45945.70296954462,54043.162388770965,54634.41630458866,64765.11951715057,0.01388519820011747,0.024512407249958887,2024-12-01,56497.0,bayesian_runlength,False
2407,44043.16619227783,51814.20841022275,52327.11300399764,61876.90743509424,0.018892645804567672,0.03375783552716152,2024-12-01,54447.0,bayesian_runlength,False
2408,42814.92747293467,50151.91299766519,50181.82003586826,59255.38359246488,0.016496323966466202,0.029136813509303503,2024-12-01,52378.0,bayesian_runlength,False
2409,44171.1398640919,51723.71578369405,51956.65545943997,61996.72414259849,0.014739518406799866,0.025979236935019107,2024-12-01,54701.0,bayesian_runlength,False
2410,42232.88667577374,49282.31946478622,49303.347460657365,59642.92358180221,0.0133390427949007,0.02361880385631039,2024-12-01,52632.0,bayesian_runlength,False
2411,46109.564922655045,53796.482485187174,53825.764409774354,64610.60193226642,0.014478183597162776,0.025257598031541654,2024-12-01,56968.0,bayesian_runlength,False
2412,49033.306910069776,57577.03740399098,57621.7756412917,68459.20190413891,0.019059267438415444,0.03343524284626382,2024-12-01,60145.0,bayesian_runlength,False
2416,48363.75801587055,56098.90500013036,56082.54486305507,67904.86285378828,0.00993689720471624,0.017457643827470563,2024-12-01,59561.0,bayesian_runlength,False
2422,41873.47339215732,49958.09005871175,49843.753192907665,59174.61074284125,0.010620333512157425,0.01855407551851612,2024-12-01,52120.0,bayesian_runlength,False
2423,51296.6586507655,60545.01767016815,59934.79493739584,70102.46668641194,0.02468195261564014,0.04346567348796996,2024-12-01,61854.0,bayesian_runlength,False
2424,48706.90798090513,57370.540940102874,57330.08318705231,67545.23801686571,0.023855906144008072,0.04224635726903034,2024-12-01,58957.0,bayesian_runlength,False
2425,46664.415903875284,54879.0202716862,54711.85218617093,64568.36603670633,0.026203575948493152,0.0463451572455111,2024-12-01,56486.0,bayesian_runlength,False
2426,47644.311590346515,56026.06288134665,55419.18715483571,65022.05082194644,0.02154607628229192,0.03787758656306037,2024-12-01,58084.0,bayesian_runlength,False
2427,50588.57012862487,59746.83764852131,59340.635826980964,69905.1271174592,0.027460468714844775,0.04870266368698109,2024-12-01,61730.0,bayesian_runlength,False
2428,44435.33797995397,52196.52261770281,52103.23201818137,60718.98225469317,0.03990386869876428,0.07015306545798021,2024-12-01,53465.0,bayesian_runlength,False
2429,45687.11033806839,53867.26848610976,53683.3111602239,64458.098267488036,0.022733515405710832,0.04040873334718731,2024-12-01,56147.0,bayesian_runlength,False
2430,44597.815781147125,52418.044741159014,52641.724165526284,62033.61204959725,0.02273000952381385,0.040111702229718084,2024-12-01,54468.0,bayesian_runlength,False
2431,43876.79158849862,51277.0492786586,51186.3895889292,60535.3982766716,0.017916416571375472,0.03150476083088052,2024-12-01,53719.0,bayesian_runlength,False
2432,43652.965355479406,51356.206706003526,51332.262115222926,60546.29765014312,0.014523583084137317,0.02541840975107927,2024-12-01,53191.0,bayesian_runlength,False
2433,44775.920240973224,52738.073623425895,52860.309849445184,62420.46207987672,0.019856825749113453,0.03504166952675701,2024-12-01,54662.0,bayesian_runlength,False
2434,46450.171662622226,54496.707358948406,54552.412601386925,64566.24408437165,0.014601699260066329,0.025751405447306117,2024-12-01,56979.0,bayesian_runlength,False
2435,42844.27531078995,50422.78330719164,50607.01919767486,59109.680891237025,0.023184607889012016,0.04077775806155803,2024-12-01,52222.0,bayesian_runlength,False
2436,48344.445417083334,56872.152069103446,57014.82152043061,66828.82688512797,0.02228282117503479,0.039309727158288496,2024-12-01,58936.0,bayesian_runlength,False
2437,47717.333801193214,56455.227881568746,56165.02991551396,66308.87694311453,0.02962800173704071,0.05259353923236749,2024-12-01,58511.0,bayesian_runlength,False
2439,52500.54547774693,61226.83913088704,61692.76641303858,72238.06552960309,0.03664863605776767,0.06449566894782169,2024-12-01,62780.0,bayesian_runlength,False
2440,50712.602239677646,59656.70086372,59534.5918541949,70351.49479695945,0.028557517173371856,0.04976915987348609,2024-12-01,62003.0,bayesian_runlength,False
2441,58013.19366853188,67837.13927675903,69686.40296755669,81663.06315081076,0.030515110607627426,0.0538952289283977,2024-12-01,70917.0,bayesian_runlength,False
2442,58932.98187863638,69085.95896472587,69930.00529986381,80100.67028952949,0.038766141914228065,0.06746349675555592,2024-12-01,70088.0,bayesian_runlength,False
2443,54520.21158443408,63748.91413042672,63262.24521408567,74903.56946644053,0.018274133462618712,0.03219509405824062,2024-12-01,66209.0,bayesian_runlength,False
2444,64957.59055193253,77018.30041518986,77536.78325010282,92251.55778591348,0.05071471866993014,0.08855593364275925,2024-12-01,79505.0,bayesian_runlength,False
2445,43910.160754409444,51208.587888113965,51621.51593130703,61118.29056782104,0.011812179253067956,0.0206962711905061,2024-12-01,53930.0,bayesian_runlength,False
2446,44508.02081397567,52654.349333468366,51920.435206715956,61712.70970245301,0.011747506346647991,0.020727042610350715,2024-12-01,54458.0,bayesian_runlength,False
2447,48780.510537046386,57838.545340657336,58069.63033197047,68740.2941886595,0.017462892097643713,0.030700997545836058,2024-12-01,60380.0,bayesian_runlength,False
2449,44125.800376825944,51874.02372094669,52107.783954705264,62577.27730242678,0.011535462313090931,0.020171126200065656,2024-12-01,54871.0,bayesian_runlength,False
2450,42031.410587005754,49264.41635333577,49070.047470963356,57487.1586422035,0.02828622914064747,0.04973702363401738,2024-12-01,51063.0,bayesian_runlength,False
2451,43870.86077508083,51653.95347507159,51208.415114956864,61343.41958041684,0.017456165561683917,0.030794916877445476,2024-12-01,53800.0,bayesian_runlength,False
2452,43952.8592889023,51491.61514714159,51698.05789581199,61078.48091120987,0.02560490721002012,0.04535890855486146,2024-12-01,53593.0,bayesian_runlength,False
2453,43965.377632805714,51409.01366102108,50976.247976373714,60670.68559344595,0.029509649962880084,0.0523033149488931,2024-12-01,53303.0,bayesian_runlength,False
2454,46803.434194137735,54787.0509960662,54264.57559467571,64695.69942853325,0.024448593399679017,0.04330637992812644,2024-12-01,56657.0,bayesian_runlength,False
2455,42830.44592464211,50307.114588599085,50203.525191057546,59086.796013527106,0.02121551308769234,0.0375736709388207,2024-12-01,51966.0,bayesian_runlength,False
2456,52196.692022580566,61246.829861382095,61500.859433942394,70065.98989774083,0.034285791989121434,0.06070157912680777,2024-12-01,61764.0,bayesian_runlength,False
2457,49762.2505101531,58481.65141553559,59535.153465389565,69213.2230776726,0.010989807124502383,0.01919745692312395,2024-12-01,60641.0,bayesian_runlength,False
2458,52030.481085796375,60505.00145753636,60598.668940411255,71246.07000055599,0.02760388486212086,0.04843929313992072,2024-12-01,62695.0,bayesian_runlength,False
2459,52413.7902958093,61413.095448241525,61396.455017016364,71426.69682775345,0.033170661864121674,0.05817090140868582,2024-12-01,63129.0,bayesian_runlength,False
2460,49718.51845597026,58199.25181647448,58512.09371081943,68005.32033328433,0.016185298030579436,0.02847101414380515,2024-12-01,60563.0,bayesian_runlength,False
2461,47268.67794822532,55190.148980993275,56024.10494595813,64830.830328867116,0.026278577013405514,0.04622921991456463,2024-12-01,57165.0,bayesian_runlength,False
2462,50867.10180449884,60083.165476106755,60365.615177814565,72224.84795504922,0.012752924439618138,0.022504853514402595,2024-12-01,63276.0,bayesian_runlength,False
2463,44446.954429941405,52685.663094398726,53038.51409090196,63493.891720820604,0.010495707128242751,0.018433671930526523,2024-12-01,55810.0,bayesian_runlength,False
2464,50004.93317564705,58714.53095815249,59655.45899927142,71760.97633595136,0.00904964148759529,0.015904629707739926,2024-12-01,63082.0,bayesian_runlength,False
2465,41359.04784945515,48621.50727380056,49255.999498394194,57500.30199809379,0.023625701522608532,0.041815042599723386,2024-12-01,51374.0,bayesian_runlength,False
2466,46116.206021422906,54519.11003628137,55160.00637927778,65876.71376729509,0.011971060148162668,0.021083075359117954,2024-12-01,57679.0,bayesian_runlength,False
2467,46754.85767949192,55110.25175015247,55119.98568607949,66601.35719713052,0.010264689902869939,0.018157202085260032,2024-12-01,59222.0,bayesian_runlength,False
2468,49955.86716045535,58710.99402296376,58723.272307871615,70474.49833355763,0.0154492408041416,0.027273105332935546,2024-12-01,62081.0,bayesian_runlength,False
2469,49023.80972750839,58271.888512577396,58530.219006296305,69983.3199769521,0.00949052784119017,0.016580520169623955,2024-12-01,61736.0,bayesian_runlength,False
2470,49555.2534347747,58128.3306517569,58505.46738412511,69812.66390783561,0.014347731591610194,0.025269143300590737,2024-12-01,61406.0,bayesian_runlength,False
2471,48626.633036125335,57638.47246521876,57768.61150953786,69643.22747862645,0.009923793633889063,0.01736890343679133,2024-12-01,61524.0,bayesian_runlength,False
2472,44166.775102641106,51584.76304833341,51883.69142529897,62571.66555185344,0.012534572345803529,0.022065950816823544,2024-12-01,55073.0,bayesian_runlength,False
2473,46909.57209750542,55418.28973306278,55649.846050701024,66825.85419774658,0.0127880129384144,0.022605701490440465,2024-12-01,58632.0,bayesian_runlength,False
2474,45541.081834008975,53823.009756353626,54257.27160554886,64767.34329356234,0.013780784960697307,0.024262678597886198,2024-12-01,56852.0,bayesian_runlength,False
2475,48240.92766277095,56907.49391791801,56631.12351184883,67222.82711958469,0.011231355179018784,0.01969019550869032,2024-12-01,59720.0,bayesian_runlength,False
2476,56971.68611929623,67026.8474219391,66913.95272765048,80266.89233364887,0.021344199104530732,0.03775628651340571,2024-12-01,70842.0,bayesian_runlength,False
2477,50332.10018359241,59569.85002202915,59226.42500037342,70498.54150724817,0.014745732666797155,0.02600547268358568,2024-12-01,62188.0,bayesian_runlength,False
2478,45966.437313176975,53553.421373828525,53687.626303791614,64001.6307379102,0.019859935313128917,0.03513321152901065,2024-12-01,56664.0,bayesian_runlength,False
2479,65889.63474182367,77063.02904164446,78267.09537137405,91367.6849885709,0.02531422298324199,0.04459139249978507,2024-12-01,79801.0,bayesian_runlength,False
2480,63483.730579915755,74204.42429120808,74176.40456619921,89338.0257473078,0.018854483963770707,0.033293492591758365,2024-12-01,78807.0,bayesian_runlength,False
2481,55913.88510932212,65961.7618540661,66422.77047140154,80141.69844248281,0.011333194254306716,0.019994878597410958,2024-12-01,70105.0,bayesian_runlength,False
2482,52554.90185208523,62089.352440914416,62502.706538856,74937.67802688922,0.012640424894303611,0.022194949025809544,2024-12-01,65514.0,bayesian_runlength,False
2483,51518.386336592026,60926.84665530614,61325.61393972139,73388.2929414032,0.011236150485268354,0.019734642084711096,2024-12-01,64600.0,bayesian_runlength,False
2484,55655.475775328814,65527.84121900692,66270.5607326605,79414.53647898106,0.01672276642283231,0.02950022726915674,2024-12-01,69271.0,bayesian_runlength,False
2485,64077.496018668426,75331.14295472788,75513.66665851604,89954.75731763031,0.01831418431787545,0.03209666350929553,2024-12-01,79349.0,bayesian_runlength,False
2486,71655.93154032469,84467.24685803297,84322.72814538759,100496.29258024627,0.019276702972289603,0.03396035759972405,2024-12-01,88176.0,bayesian_runlength,False
2487,53008.482496170844,62342.778813617435,62592.1166314412,75145.1517292753,0.012411484990560287,0.021831654318603306,2024-12-01,66291.0,bayesian_runlength,False
2488,63147.91046523828,73816.72418713491,74503.55308713844,88817.81486262874,0.01623410197247152,0.02843828232367851,2024-12-01,78267.0,bayesian_runlength,False
2489,63375.9930702909,74316.3101757058,74181.28241045884,88219.44515492515,0.022258524656640324,0.03934516858597084,2024-12-01,77380.0,bayesian_runlength,False
2490,54641.170585675194,64325.29802881206,64336.5265463075,78011.08975772516,0.012926882836764369,0.022786828920127875,2024-12-01,68709.0,bayesian_runlength,False
2491,50679.87396413423,60205.72545128605,60392.000583890025,72296.39039530832,0.010945715695753932,0.019214267656354846,2024-12-01,63703.0,bayesian_runlength,False
2492,49136.86185287477,58046.222000427966,58995.83496471367,70732.80037511046,0.009639514681156884,0.016853053196262187,2024-12-01,61925.0,bayesian_runlength,False
2493,49121.63458478001,58185.32546681478,58348.33116175758,70637.48340655865,0.008808947309924403,0.015400399653658142,2024-12-01,62164.0,bayesian_runlength,False
2494,61449.005595736046,72395.04056001108,72558.71285192666,85771.72700531308,0.013769014731374676,0.024166668008253653,2024-12-01,75330.0,bayesian_runlength,False
2495,63104.005125455515,74975.07182289043,75114.99682185674,89832.77933157508,0.022929152570435457,0.040309779407155424,2024-12-01,78197.0,bayesian_runlength,False
2496,49555.03307351057,58756.6202623883,58986.93191581196,70353.8163436322,0.009464581911982026,0.01656820195145055,2024-12-01,61687.0,bayesian_runlength,False
2497,57055.97766725487,67374.09692456071,67194.19057584729,80698.69327482821,0.017155630035009962,0.030242152939337578,2024-12-01,70712.0,bayesian_runlength,False
2498,48578.10779560935,57417.1621213677,57875.99890109877,69753.76959519458,0.011643175965698535,0.020496403958903047,2024-12-01,60924.0,bayesian_runlength,False
2499,50473.39046576872,59724.99017725361,59704.82689251881,72399.3247249291,0.012784196552462108,0.02247957238412035,2024-12-01,63229.0,bayesian_runlength,False
2500,48672.8448828416,57699.68221732066,58040.09566564084,69401.88823935065,0.013229069620905342,0.023255275217725097,2024-12-01,61151.0,bayesian_runlength,False
2501,49566.51504966201,58503.08293482091,58870.081432452,70333.83925580066,0.011473974736780504,0.020126581948540584,2024-12-01,62005.0,bayesian_runlength,False
2502,50490.3621406724,59274.70889409949,59078.67662276045,71072.87469741251,0.010366058806292325,0.018153955883463222,2024-12-01,62587.0,bayesian_runlength,False
2503,58342.00586235529,68903.98399811887,69791.16401570129,82517.96331090535,0.01896904703184535,0.03353294489034833,2024-12-01,71895.0,bayesian_runlength,False
2504,47425.72865206121,56271.40252331449,56485.22900102621,69499.27353530767,0.009687217166715147,0.016955653813211884,2024-12-01,61461.0,bayesian_runlength,False
2505,53664.427856870294,63340.20767212886,62982.64584230211,75485.22259238202,0.02420487927551516,0.04279537670743403,2024-12-01,66285.0,bayesian_runlength,False
2506,59406.16118518803,69970.5099292816,70397.0037994267,83386.62302766711,0.02054267536095406,0.03627612872194748,2024-12-01,72550.0,bayesian_runlength,False
2507,51504.410520980455,60633.08820431263,60695.35473095587,72365.15982323405,0.013855690511551806,0.024286707988103593,2024-12-01,63335.0,bayesian_runlength,False
2508,56022.31064005646,66231.50345425293,66462.80371314865,79375.73399090821,0.013185613264970255,0.023320982712996728,2024-12-01,69490.0,bayesian_runlength,False
2509,68063.84590077055,80056.26343453523,80114.80180619998,95476.28105763308,0.020124965060812912,0.035634619710950145,2024-12-01,83844.0,bayesian_runlength,False
2510,55924.74071145464,65474.54426948289,66543.69383419445,78578.77857415972,0.024792887362428524,0.04369054607387371,2024-12-01,68675.0,bayesian_runlength,False
2511,45989.552346779645,54380.29227451632,54607.57572978958,65657.41415539243,0.008949675906525687,0.015665567671946698,2024-12-01,57957.0,bayesian_runlength,False
2512,50244.78802973229,58915.84339595462,59224.51562824982,71433.17862703471,0.009263945225996953,0.01621802222668944,2024-12-01,62559.0,bayesian_runlength,False
2513,45829.3982947545,54077.53479054245,54021.87266535345,65254.190397130136,0.010059602491253981,0.017649592583930524,2024-12-01,57724.0,bayesian_runlength,False
2514,50978.53815423045,59810.09675296958,59581.09742043988,71859.45742532989,0.014521953444300807,0.02572911970082189,2024-12-01,63555.0,bayesian_runlength,False
2515,50260.10947208102,59766.46406280524,59813.342089433136,71795.57089802835,0.019129710989556712,0.033788584258382985,2024-12-01,62757.0,bayesian_runlength,False
2516,51741.11115717149,60870.57626508877,61292.38158747109,73673.5036867894,0.011575238011218325,0.020323702674704857,2024-12-01,64441.0,bayesian_runlength,False
2517,56876.59027107508,67288.18219360599,68381.54160667518,82040.70008755931,0.023277381356084748,0.041201626646774826,2024-12-01,70958.0,bayesian_runlength,False
2518,55694.6521981352,65071.424114633264,65314.56054475985,78474.8150573001,0.015874932024945006,0.027949180753936778,2024-12-01,68655.0,bayesian_runlength,False
2519,57082.45568195376,66619.86178840003,66511.36688436811,80031.3637563152,0.015947124693893547,0.028201113443178175,2024-12-01,70748.0,bayesian_runlength,False
2520,49187.03735127747,57629.4101775232,58005.77930424658,69624.1054599538,0.012266472251827412,0.02157264610577044,2024-12-01,61053.0,bayesian_runlength,False
2521,54733.09584525105,63909.69550113217,64652.710847480885,77192.79979414582,0.016172857447215857,0.02834869719625612,2024-12-01,67293.0,bayesian_runlength,False
2522,54362.575419032415,63889.89150916103,63380.81786473814,75872.59232659143,0.015354482577242045,0.02714070294573041,2024-12-01,67365.0,bayesian_runlength,False
2523,49084.83165196753,57879.447434693015,58491.657702756915,69418.88003144943,0.01235390043365706,0.021684383225582863,2024-12-01,60960.0,bayesian_runlength,False
2524,52917.80769223036,62134.78910733457,62954.19782761688,74104.47213685594,0.012925901294528792,0.022753947459824675,2024-12-01,65656.0,bayesian_runlength,False
2525,50579.30392879882,59576.75746996541,60291.859915403795,72327.24035484136,0.010654138030028605,0.01873796962799419,2024-12-01,63592.0,bayesian_runlength,False
2526,47054.650238793314,55334.074531734615,55529.12467252669,66856.82029879784,0.009957483520774354,0.017339244752289776,2024-12-01,58719.0,bayesian_runlength,False
2527,68190.7166418423,80211.46244724625,80261.49548647847,96959.35632556783,0.012967423303000021,0.022773254396271776,2024-12-01,85577.0,bayesian_runlength,False
2528,55266.63902232275,64913.97035740401,64945.167524118755,77970.66527418868,0.010457858667955776,0.018337891332026974,2024-12-01,69009.0,bayesian_runlength,False
2529,52779.37667367333,61797.32474151586,62486.58058001402,75364.94909793943,0.010659608172285574,0.018761754736479026,2024-12-01,65939.0,bayesian_runlength,False
2530,49071.29874133922,57868.09246141788,58168.304232596514,70070.88425328201,0.012205808493597238,0.021483333397564412,2024-12-01,61553.0,bayesian_runlength,False
2531,53538.75652749693,62770.56334877026,62731.631934587895,75475.43222011017,0.012269156281991647,0.021628497821967112,2024-12-01,66597.0,bayesian_runlength,False
2532,60345.78901453625,71197.77002642801,71576.77712286466,85287.75634545932,0.014868214245359853,0.02622999020463854,2024-12-01,74685.0,bayesian_runlength,False
2533,59986.650699626276,70517.70997563118,70483.71263612341,84242.15208643154,0.014458309051979404,0.02547001417002773,2024-12-01,74326.0,bayesian_runlength,False
2534,49289.63676779621,57986.90624027886,58066.34106976774,70042.90006196781,0.012425948118761252,0.021840285594664874,2024-12-01,61490.0,bayesian_runlength,False
2535,72035.66576179456,84912.46706501984,84630.96402856796,97270.06338598524,0.022818572799440044,0.03975038726411625,2024-12-01,86978.0,bayesian_runlength,False
2536,62009.334732645795,72769.00746336996,73399.15917377271,87721.8904681581,0.015237635437629128,0.026704611121553534,2024-12-01,76256.0,bayesian_runlength,False
2537,59595.210654720504,69619.80129455191,69308.85470628258,80469.24310915572,0.02057096188827741,0.0359739128631256,2024-12-01,71595.0,bayesian_runlength,False
2538,53260.91112623102,62681.13004061574,63171.997039471884,75049.30217554445,0.019692909310261967,0.03478837043430278,2024-12-01,65676.0,bayesian_runlength,False
2539,54940.84648126076,64157.66495870912,64315.506361112726,76634.65974861853,0.013231933897517716,0.02314723754366369,2024-12-01,67626.0,bayesian_runlength,False
2540,59385.980267007864,70092.1594804979,69704.70616326327,82401.73596648105,0.02260616105310874,0.03992375991633697,2024-12-01,72683.0,bayesian_runlength,False
2541,67205.09120391439,78791.15065318451,79521.49557068101,95297.26397483092,0.02747000608447427,0.0484907176969332,2024-12-01,82868.0,bayesian_runlength,False
2542,58630.98025600012,69345.31653085428,69230.45028644885,82502.88664098192,0.014708062013210121,0.02586662797088858,2024-12-01,72598.0,bayesian_runlength,False
2543,64686.40423738341,75477.90344746593,77313.20140629724,90091.69300137098,0.0250980592870756,0.04399251850051297,2024-12-01,79252.0,bayesian_runlength,False
2544,73102.86691194652,85913.9414825385,86132.1260985963,102618.39698522133,0.017065197355491758,0.030064197727499242,2024-12-01,89485.0,bayesian_runlength,False
2545,70278.9199563655,83423.56129181842,85188.80386900144,99448.50085128417,0.022817959502869793,0.04047384653043893,2024-12-01,86814.0,bayesian_runlength,False
2546,47796.269145273574,56673.103213069866,56510.98500928905,67866.83220869029,0.010754986987786786,0.018893270144114255,2024-12-01,59723.0,bayesian_runlength,False
2547,40518.31074558625,47458.72299370921,48008.37410847106,57141.13726153552,0.00835707015195421,0.014578084426964759,2024-12-01,50299.0,bayesian_runlength,False
2548,46149.82657207985,54246.31680697724,54508.594892400884,65504.86332446251,0.01435227236693971,0.025288342048574032,2024-12-01,57253.0,bayesian_runlength,False
2549,53116.26090504996,62182.353988599316,62415.62982838476,74986.9998922211,0.010608868109028627,0.018531644802344358,2024-12-01,66098.0,bayesian_runlength,False
2550,45664.554863215504,53638.7958915505,54153.6367005061,64574.00519549256,0.012657552859146404,0.02223493940451199,2024-12-01,56694.0,bayesian_runlength,False
2551,48835.12460518883,57475.914558379634,57863.379787165235,69175.31388625679,0.01042717471280928,0.0182720359158081,2024-12-01,61062.0,bayesian_runlength,False
2552,46778.219144348644,55096.177701093904,55645.89224945754,66461.3134625217,0.00849565644149526,0.014865002277036325,2024-12-01,58729.0,bayesian_runlength,False
2553,47448.53487294923,56108.18639762436,56667.69338218677,68410.48597532528,0.0174044355353696,0.03086364220020467,2024-12-01,59254.0,bayesian_runlength,False
2554,44779.66107677984,52651.78731117135,53137.25503016448,63281.89489756321,0.013880624997739304,0.024362955439126234,2024-12-01,55431.0,bayesian_runlength,False
2555,51714.401709033606,61184.53707575941,61775.78894596844,74013.1145922463,0.014741507093733603,0.025966219107158413,2024-12-01,64586.0,bayesian_runlength,False
2556,46570.88826008611,54790.574993196875,54988.921935492646,66124.1665168997,0.013849728657669366,0.02441065204227596,2024-12-01,58134.0,bayesian_runlength,False
2557,53931.45626970039,63225.79141607981,64289.98503631659,77265.60238098135,0.01674513814327792,0.02959589420652127,2024-12-01,66856.0,bayesian_runlength,False
2558,62308.25067201903,73896.1092642413,74278.28187290482,88754.93115805971,0.012584885428457265,0.022108398823089376,2024-12-01,77217.0,bayesian_runlength,False
2559,66299.46190520581,78028.1895388499,78650.06754314157,92724.71685700679,0.022030285280245337,0.038890015367112105,2024-12-01,81364.0,bayesian_runlength,False
2560,50759.492405421595,59767.4430310027,59801.01927160739,71031.07928866812,0.015562696345502322,0.02740630872347688,2024-12-01,62968.0,bayesian_runlength,False
2561,51946.6923762726,61057.26604943086,61156.84578017465,72302.48964873342,0.015681927712194666,0.027637579375322276,2024-12-01,63553.0,bayesian_runlength,False
2562,50883.14321667915,60121.81976030437,60193.45404904486,72841.75145601064,0.01141054354940148,0.02004822351158858,2024-12-01,63627.0,bayesian_runlength,False
2563,65582.46138030165,77355.75247517662,78138.98928713103,93063.29822496782,0.022418569275130217,0.039758922585593104,2024-12-01,81169.0,bayesian_runlength,False
2564,61873.923879796275,72747.63074438382,73714.99135259615,87215.5640508738,0.019755028355248665,0.034565187135143054,2024-12-01,76175.0,bayesian_runlength,False
2565,54037.536177893475,63810.47007667913,64329.46803371246,77011.81779362098,0.014274854122681488,0.025172738566874277,2024-12-01,67934.0,bayesian_runlength,False
2566,53094.096737318876,62186.92357082341,62192.27627795831,74901.08883366262,0.012469353280474538,0.0219425606362092,2024-12-01,65946.0,bayesian_runlength,False
2567,58128.62349744469,68585.47746714478,68319.56502217548,81848.71120903209,0.014877665356073643,0.026144864138813898,2024-12-01,71715.0,bayesian_runlength,False
2568,51739.91665010798,61230.29878121233,61643.79356194068,74034.37246502176,0.0083644376050601,0.014594278259253388,2024-12-01,65128.0,bayesian_runlength,False
2569,50324.26871035084,59288.26237312914,59464.332111596996,71037.4156225237,0.010449781016278893,0.01830549937920458,2024-12-01,62719.0,bayesian_runlength,False
2570,47165.54418703937,55660.961382470945,56170.120251949316,67737.43395572147,0.009766286804375069,0.017127936014263375,2024-12-01,59275.0,bayesian_runlength,False
2571,42128.695974409166,50205.37625558446,50293.628916492926,59963.39913828653,0.010013386135559068,0.017526872655260397,2024-12-01,52964.0,bayesian_runlength,False
2572,46854.57071910044,55473.454373604756,55787.52640624373,66940.7665308501,0.010578672515276333,0.018709869051866532,2024-12-01,59521.0,bayesian_runlength,False
2573,55798.96098484698,65198.62463015701,65007.625854840255,78674.06194857805,0.014191932025502375,0.025000143972273497,2024-12-01,68936.0,bayesian_runlength,False
2574,55476.74422215865,65284.53510137365,66059.33367082648,78976.4217960602,0.012888497125910066,0.022777855895721528,2024-12-01,69208.0,bayesian_runlength,False
2575,48126.61293633982,56679.625806822296,57122.00724689685,68626.661531889,0.010222325514642687,0.01798138920446708,2024-12-01,60155.0,bayesian_runlength,False
2576,51730.8640937326,60748.725932120375,61515.40042394124,73446.15888378897,0.013929096092216793,0.024527608786735603,2024-12-01,64129.0,bayesian_runlength,False
2577,54147.15692761456,63551.17775868416,64118.45232592486,77095.72611822344,0.02066680448553429,0.03658552712787288,2024-12-01,67084.0,bayesian_runlength,False
2578,52388.21228294924,61749.59475748675,61772.293903640966,74270.85621123631,0.014028939909329605,0.024720598553532296,2024-12-01,65113.0,bayesian_runlength,False
2579,51519.37850655582,60619.63282757167,61083.90098037231,73148.45863781394,0.02109182618454154,0.03731545913295356,2024-12-01,63880.0,bayesian_runlength,False
2580,49429.9592534789,58574.69822633254,59010.370058493274,70510.70333104051,0.010265062884564677,0.01797904531638791,2024-12-01,62047.0,bayesian_runlength,False
2581,50200.87120657135,59224.74476678847,59268.48236923152,71414.64523386455,0.011344887500494543,0.0199371584486024,2024-12-01,62762.0,bayesian_runlength,False
2582,45843.26058773319,54183.748236282605,54783.85747519082,65596.38771275227,0.010045833029978043,0.017641620040590396,2024-12-01,57644.0,bayesian_runlength,False
2583,51899.63369132081,61528.762422352345,61454.14956844212,73441.88145301607,0.014468440296501208,0.025403571834325414,2024-12-01,64635.0,bayesian_runlength,False
2584,48151.23800477182,56296.27375760396,56319.83776319397,67199.80829751857,0.012940397434118468,0.022712139624075253,2024-12-01,59645.0,bayesian_runlength,False
2585,50193.30912069278,59338.33202908408,60095.07149178389,71676.66268224436,0.012191534099342243,0.021395195449763836,2024-12-01,62910.0,bayesian_runlength,False
2586,48546.62421410816,57118.49616824945,57082.05485853853,68868.45258973363,0.009928707227211874,0.017541117466741245,2024-12-01,60877.0,bayesian_runlength,False
2587,49867.54345596203,58454.512807508974,58085.47993641555,69206.82617146638,0.0086899707360517,0.015234628660009504,2024-12-01,61968.0,bayesian_runlength,False
2588,44177.006608022435,52400.61535444861,52549.054989950986,63320.734273916816,0.009960039179671134,0.01755860772451404,2024-12-01,55774.0,bayesian_runlength,False
2589,61335.9458135133,72139.886844722,72371.11483624583,86881.45760476122,0.010503173548704496,0.018379139127022666,2024-12-01,76742.0,bayesian_runlength,False
2590,51210.73085940635,59794.64869118597,60182.02906254213,71780.67818088106,0.016206788791057913,0.02848923824341773,2024-12-01,63598.0,bayesian_runlength,False
2591,44258.45697223872,52263.985240029346,52954.180290841585,64636.63551319909,0.013709090686533995,0.0245565096705436,2024-12-01,56857.0,bayesian_runlength,False
2592,50786.6370214965,59541.793227616756,59821.57167212758,72025.70682855202,0.008191611968952127,0.014358219825081295,2024-12-01,64335.0,bayesian_runlength,False
2593,33594.08703433933,39617.04517616861,42765.205841404786,49807.88085230776,0.018438762099067488,0.033021104540995806,2024-12-01,43988.0,bayesian_runlength,False
2594,28704.768994284022,31353.175078254346,31178.704843100702,37540.55324215478,,,2024-12-01,35199.0,bayesian_runlength,False
2595,37310.73568007757,44389.432188825274,46215.919869408055,55819.25744875868,0.009070522729778563,0.01595831725651488,2024-12-01,49500.0,bayesian_runlength,False
2596,42799.80626107461,50605.585630314206,50177.97039604902,61448.46167959267,0.016830849449641295,0.03030797933887107,2024-12-01,54578.0,bayesian_runlength,False
2597,45311.89675545209,53169.01688155338,52128.93274076343,64492.186603065275,0.020993368510207954,0.03733872319542197,2024-12-01,56426.0,bayesian_runlength,False
2598,36235.18576647445,44334.20833808018,45633.35879613817,55030.60233245061,0.04221572589969437,0.07625249064064668,2024-12-01,49059.0,bayesian_runlength,False
2599,56856.77873713973,66605.98539198482,66938.38126732566,80124.12231084523,0.01296430633479999,0.022775325726652553,2024-12-01,70681.0,bayesian_runlength,False
2600,45292.07964060626,51773.93817068235,51300.434114683594,61620.56086395145,0.013598506959449865,0.024135287255663315,2024-12-01,55474.0,bayesian_runlength,False
2601,37657.40610110518,43528.12856308733,43618.97640675393,53034.0617526379,0.017741067488628696,0.03221997862708721,2024-12-01,48344.0,bayesian_runlength,False
2602,55020.41758899971,64395.5112244552,64537.977375769624,78308.25068815636,0.014116744502598446,0.02498965149942249,2024-12-01,68423.0,bayesian_runlength,False
2603,35667.25109396664,38857.96929384847,39973.97342261879,48611.57464053793,,,2024-12-01,46239.0,bayesian_runlength,False
2604,48106.148626734226,56752.22693153146,56515.86274690435,67915.69321578878,0.008850143079551643,0.015566448583318212,2024-12-01,60120.0,bayesian_runlength,False
2605,58422.23857054436,68480.18423929953,68845.78218272678,81752.83067669722,0.013261212674739543,0.023332192198219533,2024-12-01,72779.0,bayesian_runlength,False
2606,47622.86383967305,55573.70001430747,56168.371864073735,68676.75375778758,0.012231342051100678,0.021483190087979612,2024-12-01,59670.0,bayesian_runlength,False
2607,38168.66620845309,45483.25679691525,49580.427147214185,57013.17608066898,0.016663343771266267,0.02937989188287868,2024-12-01,50346.0,bayesian_runlength,False
2618,23427.069178375168,28192.25958832616,28504.236208484457,33722.798837621114,0.01679800478937993,0.029654169845984527,2024-12-01,30533.0,bayesian_runlength,False
2619,33750.70045284943,39526.23792630174,39619.24290812765,49307.36056500049,0.01511487611782502,0.026830455689684053,2024-12-01,43288.0,bayesian_runlength,False
2620,34877.19763688393,41026.201570739235,41526.97478055748,49594.95711561991,0.010359109170650494,0.018269479546014263,2024-12-01,43851.0,bayesian_runlength,False
2621,35125.4668283485,41356.50634406548,41757.5028337425,48963.73891064522,0.012545771711973564,0.02223252721551461,2024-12-01,43808.0,bayesian_runlength,False
2644,41478.11063208884,49001.83534870928,49171.9065528202,59958.71803390252,0.008329583257308544,0.014492785249396034,2024-12-01,53030.0,bayesian_runlength,False
2646,41789.20011551827,48833.14897935086,48675.614910507284,58294.42869402711,0.01565546863023853,0.027559284394908883,2024-12-01,51221.0,bayesian_runlength,False
2647,34124.54775330566,39641.60207123851,39445.10782827872,47914.603920566,0.01629965849004147,0.028855580125589465,2024-12-01,42109.0,bayesian_runlength,False
2648,41432.91287886779,49703.3122341945,49875.70955426685,60460.782329489964,0.008774867756440952,0.015305069156999161,2024-12-01,53287.0,bayesian_runlength,False
2649,43812.01212532139,51924.20247378133,51903.968284957096,63071.53695994649,0.008662484742469044,0.015184017359893937,2024-12-01,56050.0,bayesian_runlength,False
2651,49841.678470996594,58675.27606219052,58992.81970440394,71167.72185854724,0.010122592980272445,0.0177514331763033,2024-12-01,62802.0,bayesian_runlength,False
2652,38574.275602594644,46390.17261743844,46550.36319229095,56267.07415947883,0.007066924374647416,0.012300881651818545,2024-12-01,50000.0,bayesian_runlength,False
2710,29714.487314778064,35028.019560864945,35193.97114334483,42743.763413290435,0.008491874261567622,0.014834647930706308,2024-12-01,37493.0,bayesian_runlength,False
2808,41193.328359454346,48632.91699660489,48804.7642196213,59256.902463182705,0.007537167930591516,0.013119732047269248,2024-12-01,52386.0,bayesian_runlength,False
2809,27978.78250836776,33456.173030898266,33805.16421651021,40879.90896322225,0.009168853663114238,0.01612640446723471,2024-12-01,36149.0,bayesian_runlength,False
2813,36837.142978696626,44526.38447721083,45021.42983553115,54754.663547930024,0.008155370976494648,0.014230235837590055,2024-12-01,48267.0,bayesian_runlength,False
2814,44629.378988366574,52895.91737972881,53262.711091398145,64659.47381073357,0.009221794620514345,0.016144552060505656,2024-12-01,57368.0,bayesian_runlength,False
2872,37839.37763887655,46681.1103694441,50595.79879518378,56854.92929259426,0.13234552880660028,0.22961176190888188,2024-12-01,52697.0,bayesian_runlength,False
2876,36086.1895337396,41624.24463439509,42821.892024842244,51219.30445391573,0.013725222763489527,0.024092658482799987,2024-12-01,44708.0,bayesian_runlength,False
2879,45931.56563117009,56035.57251679935,59406.98085488377,63349.95720301595,0.017209247618299055,0.030830871674330115,2024-12-01,56113.0,bayesian_runlength,False
2880,47274.95876522886,56441.94461529181,59497.90459670649,65249.42221386401,0.012219120962280686,0.021729905697222454,2024-12-01,58142.0,bayesian_runlength,False
2881,29124.933368013055,33598.90527028984,33596.591846988675,40450.62737743609,0.015106279129115783,0.026614018788884593,2024-12-01,35611.0,bayesian_runlength,False
2882,40365.934453227135,48684.417094251796,50845.112575478575,54471.44918416404,0.01911916978285596,0.03450212188718697,2024-12-01,49325.0,bayesian_runlength,False
2883,34030.86798087206,40169.5977252677,39976.06464038948,48908.689966181824,0.014502048384863653,0.02559342206772819,2024-12-01,42508.0,bayesian_runlength,False
2884,29994.9280386611,35558.26705052575,35651.38777027893,43118.63587167322,0.014221871672050733,0.025055334193063505,2024-12-01,37678.0,bayesian_runlength,False
2885,24211.1919317408,29547.796969450832,29985.98750971696,36273.74598580126,0.019037659737345773,0.03405654785161004,2024-12-01,32841.0,bayesian_runlength,False
2886,26571.37201257184,31738.559345580776,32183.76157566225,36955.51506336322,0.012576546207874368,0.02240069900197472,2024-12-01,33320.0,bayesian_runlength,False
2887,32747.76231923594,38753.5477825071,38623.454304651685,46383.51053395692,0.009232450979738675,0.016109410778364374,2024-12-01,40959.0,bayesian_runlength,False
3005,31623.417530532446,37294.402169160305,37819.02366527191,45180.59811478279,0.01235907937944417,0.021666742738481293,2024-12-01,39355.0,bayesian_runlength,False
3007,27696.439934135295,32576.88892533547,32987.51909680975,39338.06296710705,0.012576589718627724,0.02222063318652691,2024-12-01,34633.0,bayesian_runlength,False
3008,63165.462784933174,72066.55358402368,72063.23201398653,83578.38360015136,,,2024-12-01,63602.0,bayesian_runlength,False
3009,32994.30584415616,39257.52510612011,38926.33635088356,47652.136706344376,0.0076001833294208595,0.01325311276525048,2024-12-01,41567.0,bayesian_runlength,False
3011,30179.93329463285,36086.79808829442,37053.9033539436,43232.158555463444,0.015596378990853622,0.027347058344396418,2024-12-01,37819.0,bayesian_runlength,False
3012,21713.452796140104,26703.027201412613,26304.64745084183,31959.8142662642,0.03190898628096043,0.05723819336695446,2024-12-01,29060.0,bayesian_runlength,False
3013,44857.54969678776,53190.69247763179,53648.8414125033,65167.61597873396,0.007395856629698388,0.012904524867915844,2024-12-01,57410.0,bayesian_runlength,False
3014,37109.483601863954,52520.61041638276,54631.38896243112,62163.01564575199,,,2024-12-01,50311.0,bayesian_runlength,False
3101,25720.661134650174,31262.716480578387,30095.92431379755,35263.56645662806,,,2024-12-01,30701.0,bayesian_runlength,False
