territory_id,month,detector,score,status
2,2024-05-01,robust_innovation,4.626213656767332,statistical_alert_not_verified_economic_event
2,2024-08-01,robust_innovation,2.7804577478188444,statistical_alert_not_verified_economic_event
9,2024-02-01,robust_innovation,2.9467283399858917,statistical_alert_not_verified_economic_event
11,2024-05-01,robust_innovation,3.788483729613169,statistical_alert_not_verified_economic_event
13,2024-01-01,robust_innovation,7.499316397177463,statistical_alert_not_verified_economic_event
15,2024-10-01,robust_innovation,3.1678439859299763,statistical_alert_not_verified_economic_event
16,2024-01-01,robust_innovation,3.529726660559686,statistical_alert_not_verified_economic_event
17,2024-01-01,robust_innovation,5.111940728802057,statistical_alert_not_verified_economic_event
19,2024-01-01,robust_innovation,4.463104671864817,statistical_alert_not_verified_economic_event
20,2024-01-01,robust_innovation,5.213966436268883,statistical_alert_not_verified_economic_event
20,2024-10-01,robust_innovation,4.467219673977634,statistical_alert_not_verified_economic_event
22,2024-09-01,robust_innovation,3.5925792379887778,statistical_alert_not_verified_economic_event
25,2024-01-01,robust_innovation,3.355084708192987,statistical_alert_not_verified_economic_event
26,2024-01-01,robust_innovation,2.9147121633203366,statistical_alert_not_verified_economic_event
28,2024-01-01,robust_innovation,2.860049161899329,statistical_alert_not_verified_economic_event
29,2024-01-01,robust_innovation,3.1044616238759764,statistical_alert_not_verified_economic_event
31,2024-01-01,robust_innovation,2.7832442260200483,statistical_alert_not_verified_economic_event
34,2024-01-01,robust_innovation,6.933080338572838,statistical_alert_not_verified_economic_event
34,2024-06-01,robust_innovation,3.444113930296714,statistical_alert_not_verified_economic_event
41,2024-05-01,robust_innovation,2.7803903569309076,statistical_alert_not_verified_economic_event
47,2024-07-01,robust_innovation,3.241829321733953,statistical_alert_not_verified_economic_event
48,2024-01-01,robust_innovation,2.9503124977217556,statistical_alert_not_verified_economic_event
51,2024-01-01,robust_innovation,3.792611782546039,statistical_alert_not_verified_economic_event
54,2024-08-01,robust_innovation,2.7920684522228303,statistical_alert_not_verified_economic_event
56,2024-01-01,robust_innovation,3.254585992656585,statistical_alert_not_verified_economic_event
57,2024-01-01,robust_innovation,3.8478291880985775,statistical_alert_not_verified_economic_event
62,2024-12-01,robust_innovation,4.374085890381288,statistical_alert_not_verified_economic_event
68,2024-01-01,robust_innovation,4.104350420849195,statistical_alert_not_verified_economic_event
69,2024-01-01,robust_innovation,3.364384372142357,statistical_alert_not_verified_economic_event
70,2024-09-01,robust_innovation,2.822764764960079,statistical_alert_not_verified_economic_event
72,2024-05-01,robust_innovation,2.7899424007216718,statistical_alert_not_verified_economic_event
74,2024-01-01,robust_innovation,2.948377637613674,statistical_alert_not_verified_economic_event
74,2024-07-01,robust_innovation,2.7489490216545027,statistical_alert_not_verified_economic_event
74,2024-11-01,robust_innovation,3.697309215005063,statistical_alert_not_verified_economic_event
75,2024-01-01,robust_innovation,2.7894218495731957,statistical_alert_not_verified_economic_event
77,2024-01-01,robust_innovation,3.5264885175466536,statistical_alert_not_verified_economic_event
78,2024-08-01,robust_innovation,4.046036107191089,statistical_alert_not_verified_economic_event
82,2024-01-01,robust_innovation,3.701289337090802,statistical_alert_not_verified_economic_event
83,2024-01-01,robust_innovation,5.032371327936738,statistical_alert_not_verified_economic_event
181,2024-06-01,robust_innovation,3.117175017527591,statistical_alert_not_verified_economic_event
188,2024-02-01,robust_innovation,3.385260502309551,statistical_alert_not_verified_economic_event
188,2024-09-01,robust_innovation,3.7197925893334456,statistical_alert_not_verified_economic_event
191,2024-01-01,robust_innovation,3.711061474276557,statistical_alert_not_verified_economic_event
191,2024-04-01,robust_innovation,4.055004978040782,statistical_alert_not_verified_economic_event
191,2024-10-01,robust_innovation,2.9539370776168288,statistical_alert_not_verified_economic_event
195,2024-03-01,robust_innovation,3.026456500021127,statistical_alert_not_verified_economic_event
201,2024-02-01,robust_innovation,2.8734760806328614,statistical_alert_not_verified_economic_event
203,2024-04-01,robust_innovation,2.9575895441745352,statistical_alert_not_verified_economic_event
207,2024-01-01,robust_innovation,3.9033769058921752,statistical_alert_not_verified_economic_event
211,2024-01-01,robust_innovation,4.144431355233021,statistical_alert_not_verified_economic_event
218,2024-09-01,robust_innovation,3.329807811145073,statistical_alert_not_verified_economic_event
219,2024-02-01,robust_innovation,2.993761081367753,statistical_alert_not_verified_economic_event
219,2024-05-01,robust_innovation,3.9670046611980383,statistical_alert_not_verified_economic_event
221,2024-01-01,robust_innovation,2.952469470304929,statistical_alert_not_verified_economic_event
225,2024-01-01,robust_innovation,3.1971455050414352,statistical_alert_not_verified_economic_event
228,2024-01-01,robust_innovation,3.540566276596426,statistical_alert_not_verified_economic_event
229,2024-01-01,robust_innovation,3.01192292367273,statistical_alert_not_verified_economic_event
230,2024-06-01,robust_innovation,4.12653155121517,statistical_alert_not_verified_economic_event
230,2024-12-01,robust_innovation,4.148553304171447,statistical_alert_not_verified_economic_event
232,2024-04-01,robust_innovation,2.8264222402929495,statistical_alert_not_verified_economic_event
235,2024-01-01,robust_innovation,4.158488792631413,statistical_alert_not_verified_economic_event
235,2024-09-01,robust_innovation,2.908973499864949,statistical_alert_not_verified_economic_event
236,2024-01-01,robust_innovation,4.403084142765135,statistical_alert_not_verified_economic_event
240,2024-01-01,robust_innovation,2.9733827213479174,statistical_alert_not_verified_economic_event
241,2024-01-01,robust_innovation,3.4326006803493194,statistical_alert_not_verified_economic_event
241,2024-12-01,robust_innovation,3.4541709222392423,statistical_alert_not_verified_economic_event
243,2024-04-01,robust_innovation,2.8342344315215255,statistical_alert_not_verified_economic_event
270,2024-01-01,robust_innovation,3.8915300192631297,statistical_alert_not_verified_economic_event
275,2024-07-01,robust_innovation,3.687032133940528,statistical_alert_not_verified_economic_event
281,2024-01-01,robust_innovation,4.2363838814838335,statistical_alert_not_verified_economic_event
285,2024-10-01,robust_innovation,3.2618658746292746,statistical_alert_not_verified_economic_event
294,2024-11-01,robust_innovation,2.761194367643411,statistical_alert_not_verified_economic_event
297,2024-03-01,robust_innovation,3.278747478782482,statistical_alert_not_verified_economic_event
302,2024-01-01,robust_innovation,2.9415904652370695,statistical_alert_not_verified_economic_event
302,2024-12-01,robust_innovation,3.9730446039222915,statistical_alert_not_verified_economic_event
304,2024-01-01,robust_innovation,3.0677546411698278,statistical_alert_not_verified_economic_event
304,2024-04-01,robust_innovation,3.4600147044162997,statistical_alert_not_verified_economic_event
306,2024-01-01,robust_innovation,3.795896856258417,statistical_alert_not_verified_economic_event
316,2024-09-01,robust_innovation,2.877020377758834,statistical_alert_not_verified_economic_event
317,2024-01-01,robust_innovation,4.040480655759887,statistical_alert_not_verified_economic_event
317,2024-12-01,robust_innovation,3.1876449458397347,statistical_alert_not_verified_economic_event
318,2024-01-01,robust_innovation,4.881911162784049,statistical_alert_not_verified_economic_event
319,2024-06-01,robust_innovation,3.1313225022913453,statistical_alert_not_verified_economic_event
320,2024-01-01,robust_innovation,2.8686217871280246,statistical_alert_not_verified_economic_event
320,2024-12-01,robust_innovation,3.4217385493169545,statistical_alert_not_verified_economic_event
324,2024-06-01,robust_innovation,3.227097633759312,statistical_alert_not_verified_economic_event
324,2024-12-01,robust_innovation,3.7444189490739497,statistical_alert_not_verified_economic_event
327,2024-01-01,robust_innovation,2.7969149569188914,statistical_alert_not_verified_economic_event
329,2024-01-01,robust_innovation,2.931836208756628,statistical_alert_not_verified_economic_event
329,2024-06-01,robust_innovation,2.7950311271580097,statistical_alert_not_verified_economic_event
329,2024-12-01,robust_innovation,3.518878018598953,statistical_alert_not_verified_economic_event
331,2024-01-01,robust_innovation,2.7468997763694167,statistical_alert_not_verified_economic_event
331,2024-12-01,robust_innovation,3.0101713243064885,statistical_alert_not_verified_economic_event
333,2024-06-01,robust_innovation,2.8683804684550354,statistical_alert_not_verified_economic_event
333,2024-09-01,robust_innovation,3.8625150492165687,statistical_alert_not_verified_economic_event
333,2024-12-01,robust_innovation,3.3086699104903694,statistical_alert_not_verified_economic_event
335,2024-01-01,robust_innovation,2.816727291893047,statistical_alert_not_verified_economic_event
335,2024-09-01,robust_innovation,3.269225627998247,statistical_alert_not_verified_economic_event
336,2024-06-01,robust_innovation,4.911401658393973,statistical_alert_not_verified_economic_event
336,2024-12-01,robust_innovation,5.696929769862142,statistical_alert_not_verified_economic_event
337,2024-01-01,robust_innovation,3.2270983982943187,statistical_alert_not_verified_economic_event
337,2024-09-01,robust_innovation,3.154899704917536,statistical_alert_not_verified_economic_event
339,2024-01-01,robust_innovation,3.3544868952107505,statistical_alert_not_verified_economic_event
339,2024-06-01,robust_innovation,3.047938788231384,statistical_alert_not_verified_economic_event
340,2024-06-01,robust_innovation,4.0099305040372055,statistical_alert_not_verified_economic_event
340,2024-11-01,robust_innovation,5.7205821958676335,statistical_alert_not_verified_economic_event
341,2024-01-01,robust_innovation,3.9477637962431085,statistical_alert_not_verified_economic_event
342,2024-01-01,robust_innovation,3.2581025364630185,statistical_alert_not_verified_economic_event
342,2024-12-01,robust_innovation,3.2681851739092016,statistical_alert_not_verified_economic_event
343,2024-01-01,robust_innovation,4.545724626736979,statistical_alert_not_verified_economic_event
343,2024-12-01,robust_innovation,3.1706676586970732,statistical_alert_not_verified_economic_event
348,2024-03-01,robust_innovation,5.261605398484685,statistical_alert_not_verified_economic_event
349,2024-05-01,robust_innovation,3.474067101941782,statistical_alert_not_verified_economic_event
355,2024-01-01,robust_innovation,3.214556410669507,statistical_alert_not_verified_economic_event
357,2024-01-01,robust_innovation,3.7165092596557803,statistical_alert_not_verified_economic_event
359,2024-06-01,robust_innovation,2.7624128861706554,statistical_alert_not_verified_economic_event
361,2024-01-01,robust_innovation,4.249181510214962,statistical_alert_not_verified_economic_event
362,2024-01-01,robust_innovation,3.9330542927316814,statistical_alert_not_verified_economic_event
365,2024-01-01,robust_innovation,4.6518404764478225,statistical_alert_not_verified_economic_event
366,2024-01-01,robust_innovation,4.878884146334786,statistical_alert_not_verified_economic_event
366,2024-04-01,robust_innovation,2.950245516766386,statistical_alert_not_verified_economic_event
367,2024-01-01,robust_innovation,3.1604159942302905,statistical_alert_not_verified_economic_event
368,2024-01-01,robust_innovation,2.8974788388861388,statistical_alert_not_verified_economic_event
370,2024-12-01,robust_innovation,3.8968288354195133,statistical_alert_not_verified_economic_event
371,2024-12-01,robust_innovation,2.787164487867014,statistical_alert_not_verified_economic_event
373,2024-02-01,robust_innovation,2.835805532336928,statistical_alert_not_verified_economic_event
374,2024-12-01,robust_innovation,3.639311970273983,statistical_alert_not_verified_economic_event
376,2024-04-01,robust_innovation,3.612035440278459,statistical_alert_not_verified_economic_event
376,2024-07-01,robust_innovation,2.759684228095297,statistical_alert_not_verified_economic_event
377,2024-01-01,robust_innovation,4.716420814099356,statistical_alert_not_verified_economic_event
380,2024-01-01,robust_innovation,4.841151110970523,statistical_alert_not_verified_economic_event
381,2024-01-01,robust_innovation,5.179729857592588,statistical_alert_not_verified_economic_event
382,2024-01-01,robust_innovation,3.4072260991300607,statistical_alert_not_verified_economic_event
384,2024-11-01,robust_innovation,2.756530177812017,statistical_alert_not_verified_economic_event
385,2024-01-01,robust_innovation,3.577206477074486,statistical_alert_not_verified_economic_event
386,2024-01-01,robust_innovation,3.133796460996672,statistical_alert_not_verified_economic_event
387,2024-01-01,robust_innovation,2.901965903514662,statistical_alert_not_verified_economic_event
390,2024-01-01,robust_innovation,4.818830276947493,statistical_alert_not_verified_economic_event
391,2024-01-01,robust_innovation,3.6230323196413874,statistical_alert_not_verified_economic_event
393,2024-01-01,robust_innovation,2.849670759110339,statistical_alert_not_verified_economic_event
396,2024-01-01,robust_innovation,4.919858368479777,statistical_alert_not_verified_economic_event
398,2024-01-01,robust_innovation,3.6440281082218555,statistical_alert_not_verified_economic_event
401,2024-04-01,robust_innovation,3.0974115141830185,statistical_alert_not_verified_economic_event
402,2024-01-01,robust_innovation,4.635762657586066,statistical_alert_not_verified_economic_event
403,2024-01-01,robust_innovation,4.294768039339746,statistical_alert_not_verified_economic_event
405,2024-01-01,robust_innovation,6.299840992886186,statistical_alert_not_verified_economic_event
408,2024-08-01,robust_innovation,2.889827248515506,statistical_alert_not_verified_economic_event
413,2024-01-01,robust_innovation,4.432442807101694,statistical_alert_not_verified_economic_event
413,2024-04-01,robust_innovation,4.6951471691235795,statistical_alert_not_verified_economic_event
413,2024-07-01,robust_innovation,3.630603639392267,statistical_alert_not_verified_economic_event
413,2024-11-01,robust_innovation,4.750975028897144,statistical_alert_not_verified_economic_event
414,2024-01-01,robust_innovation,4.874662498026028,statistical_alert_not_verified_economic_event
425,2024-01-01,robust_innovation,3.0496061060954647,statistical_alert_not_verified_economic_event
428,2024-01-01,robust_innovation,3.921599139000905,statistical_alert_not_verified_economic_event
429,2024-01-01,robust_innovation,3.1830745871800006,statistical_alert_not_verified_economic_event
431,2024-01-01,robust_innovation,2.896610507727121,statistical_alert_not_verified_economic_event
432,2024-07-01,robust_innovation,3.524224125650801,statistical_alert_not_verified_economic_event
433,2024-01-01,robust_innovation,2.933930773443301,statistical_alert_not_verified_economic_event
433,2024-07-01,robust_innovation,3.7202205177152843,statistical_alert_not_verified_economic_event
434,2024-12-01,robust_innovation,3.1231884166103296,statistical_alert_not_verified_economic_event
436,2024-12-01,robust_innovation,2.7659414817153496,statistical_alert_not_verified_economic_event
438,2024-12-01,robust_innovation,2.874302292511522,statistical_alert_not_verified_economic_event
441,2024-09-01,robust_innovation,3.3926210961753074,statistical_alert_not_verified_economic_event
445,2024-01-01,robust_innovation,2.758366290777207,statistical_alert_not_verified_economic_event
447,2024-10-01,robust_innovation,3.0719166424827673,statistical_alert_not_verified_economic_event
449,2024-03-01,robust_innovation,3.1129905525758725,statistical_alert_not_verified_economic_event
451,2024-06-01,robust_innovation,2.924726152122148,statistical_alert_not_verified_economic_event
453,2024-05-01,robust_innovation,2.8230776932230053,statistical_alert_not_verified_economic_event
455,2024-12-01,robust_innovation,2.8863606272667597,statistical_alert_not_verified_economic_event
456,2024-01-01,robust_innovation,3.973113768002968,statistical_alert_not_verified_economic_event
457,2024-01-01,robust_innovation,3.0948102756164713,statistical_alert_not_verified_economic_event
457,2024-09-01,robust_innovation,3.157196684495855,statistical_alert_not_verified_economic_event
484,2024-08-01,robust_innovation,3.1256991505694676,statistical_alert_not_verified_economic_event
487,2024-03-01,robust_innovation,2.824052211940224,statistical_alert_not_verified_economic_event
491,2024-06-01,robust_innovation,3.094394103648125,statistical_alert_not_verified_economic_event
491,2024-11-01,robust_innovation,3.841243911441748,statistical_alert_not_verified_economic_event
492,2024-01-01,robust_innovation,5.261886450112417,statistical_alert_not_verified_economic_event
493,2024-05-01,robust_innovation,2.8177918072207944,statistical_alert_not_verified_economic_event
493,2024-11-01,robust_innovation,2.882930189740973,statistical_alert_not_verified_economic_event
495,2024-05-01,robust_innovation,3.8412922913548315,statistical_alert_not_verified_economic_event
496,2024-09-01,robust_innovation,2.932981835155193,statistical_alert_not_verified_economic_event
497,2024-12-01,robust_innovation,3.3874842267688714,statistical_alert_not_verified_economic_event
499,2024-02-01,robust_innovation,3.100942805988053,statistical_alert_not_verified_economic_event
499,2024-05-01,robust_innovation,2.8804170031087954,statistical_alert_not_verified_economic_event
502,2024-04-01,robust_innovation,3.5651643082103477,statistical_alert_not_verified_economic_event
503,2024-01-01,robust_innovation,3.401906174666812,statistical_alert_not_verified_economic_event
503,2024-12-01,robust_innovation,4.597690269724722,statistical_alert_not_verified_economic_event
524,2024-01-01,robust_innovation,3.343577198463373,statistical_alert_not_verified_economic_event
524,2024-09-01,robust_innovation,2.8422847649964655,statistical_alert_not_verified_economic_event
525,2024-05-01,robust_innovation,3.451109783298254,statistical_alert_not_verified_economic_event
534,2024-08-01,robust_innovation,3.097657795625152,statistical_alert_not_verified_economic_event
540,2024-04-01,robust_innovation,3.5401330512436617,statistical_alert_not_verified_economic_event
541,2024-01-01,robust_innovation,2.8386958239757156,statistical_alert_not_verified_economic_event
541,2024-09-01,robust_innovation,3.5226016854239166,statistical_alert_not_verified_economic_event
544,2024-01-01,robust_innovation,3.441183822557249,statistical_alert_not_verified_economic_event
546,2024-01-01,robust_innovation,3.4760604318657373,statistical_alert_not_verified_economic_event
548,2024-04-01,robust_innovation,2.7474206352702932,statistical_alert_not_verified_economic_event
554,2024-01-01,robust_innovation,2.7583518750405855,statistical_alert_not_verified_economic_event
558,2024-11-01,robust_innovation,4.692766513941053,statistical_alert_not_verified_economic_event
566,2024-08-01,robust_innovation,2.8506900621951767,statistical_alert_not_verified_economic_event
571,2024-01-01,robust_innovation,3.6803717179651203,statistical_alert_not_verified_economic_event
574,2024-12-01,robust_innovation,2.78553545192493,statistical_alert_not_verified_economic_event
578,2024-05-01,robust_innovation,2.959757922920969,statistical_alert_not_verified_economic_event
578,2024-10-01,robust_innovation,3.096683526959438,statistical_alert_not_verified_economic_event
583,2024-12-01,robust_innovation,3.42424904510983,statistical_alert_not_verified_economic_event
587,2024-01-01,robust_innovation,4.388617306761831,statistical_alert_not_verified_economic_event
598,2024-12-01,robust_innovation,3.0047075944154114,statistical_alert_not_verified_economic_event
602,2024-08-01,robust_innovation,2.8796232099332335,statistical_alert_not_verified_economic_event
604,2024-01-01,robust_innovation,4.186684079720078,statistical_alert_not_verified_economic_event
606,2024-10-01,robust_innovation,4.006151126272149,statistical_alert_not_verified_economic_event
614,2024-06-01,robust_innovation,3.1015885088645643,statistical_alert_not_verified_economic_event
614,2024-09-01,robust_innovation,2.9449728462538274,statistical_alert_not_verified_economic_event
615,2024-08-01,robust_innovation,3.1881424270701277,statistical_alert_not_verified_economic_event
618,2024-06-01,robust_innovation,3.427375727950644,statistical_alert_not_verified_economic_event
619,2024-01-01,robust_innovation,2.8064331646372342,statistical_alert_not_verified_economic_event
619,2024-06-01,robust_innovation,3.308334852392514,statistical_alert_not_verified_economic_event
619,2024-11-01,robust_innovation,3.4756688182814686,statistical_alert_not_verified_economic_event
621,2024-06-01,robust_innovation,4.315720815576044,statistical_alert_not_verified_economic_event
670,2024-01-01,robust_innovation,2.766500268447462,statistical_alert_not_verified_economic_event
678,2024-01-01,robust_innovation,3.718918003572266,statistical_alert_not_verified_economic_event
685,2024-07-01,robust_innovation,2.917465222822024,statistical_alert_not_verified_economic_event
701,2024-11-01,robust_innovation,2.7994439515733536,statistical_alert_not_verified_economic_event
713,2024-12-01,robust_innovation,2.8157382631359016,statistical_alert_not_verified_economic_event
715,2024-06-01,robust_innovation,2.7596729247412215,statistical_alert_not_verified_economic_event
718,2024-09-01,robust_innovation,3.065280396620242,statistical_alert_not_verified_economic_event
721,2024-01-01,robust_innovation,4.321503251511825,statistical_alert_not_verified_economic_event
726,2024-09-01,robust_innovation,2.954449149854759,statistical_alert_not_verified_economic_event
744,2024-01-01,robust_innovation,3.138136157274242,statistical_alert_not_verified_economic_event
746,2024-01-01,robust_innovation,3.233406886029734,statistical_alert_not_verified_economic_event
758,2024-07-01,robust_innovation,2.9161395356342923,statistical_alert_not_verified_economic_event
765,2024-01-01,robust_innovation,3.8337897082100154,statistical_alert_not_verified_economic_event
770,2024-01-01,robust_innovation,5.941808341462597,statistical_alert_not_verified_economic_event
770,2024-07-01,robust_innovation,2.9511941919575153,statistical_alert_not_verified_economic_event
770,2024-12-01,robust_innovation,5.103301001540187,statistical_alert_not_verified_economic_event
771,2024-01-01,robust_innovation,4.679504172172904,statistical_alert_not_verified_economic_event
773,2024-01-01,robust_innovation,3.0859167668080127,statistical_alert_not_verified_economic_event
775,2024-09-01,robust_innovation,2.8079125142187396,statistical_alert_not_verified_economic_event
777,2024-09-01,robust_innovation,2.8900224723057186,statistical_alert_not_verified_economic_event
790,2024-09-01,robust_innovation,2.8257269777388543,statistical_alert_not_verified_economic_event
797,2024-02-01,robust_innovation,2.783720113900572,statistical_alert_not_verified_economic_event
813,2024-02-01,robust_innovation,2.759766318460199,statistical_alert_not_verified_economic_event
819,2024-02-01,robust_innovation,2.807418407909044,statistical_alert_not_verified_economic_event
835,2024-02-01,robust_innovation,2.818770184413478,statistical_alert_not_verified_economic_event
848,2024-01-01,robust_innovation,3.1480549779239038,statistical_alert_not_verified_economic_event
852,2024-01-01,robust_innovation,4.220745186224705,statistical_alert_not_verified_economic_event
855,2024-08-01,robust_innovation,2.91655195981477,statistical_alert_not_verified_economic_event
859,2024-09-01,robust_innovation,4.162941144584977,statistical_alert_not_verified_economic_event
871,2024-01-01,robust_innovation,2.798040814632785,statistical_alert_not_verified_economic_event
871,2024-12-01,robust_innovation,3.477899724325282,statistical_alert_not_verified_economic_event
876,2024-12-01,robust_innovation,3.5109666345135926,statistical_alert_not_verified_economic_event
877,2024-01-01,robust_innovation,3.694661616863657,statistical_alert_not_verified_economic_event
877,2024-07-01,robust_innovation,3.309805052301677,statistical_alert_not_verified_economic_event
884,2024-02-01,robust_innovation,3.135442884283417,statistical_alert_not_verified_economic_event
889,2024-07-01,robust_innovation,2.8394395728981072,statistical_alert_not_verified_economic_event
891,2024-01-01,robust_innovation,2.8911594458495413,statistical_alert_not_verified_economic_event
891,2024-11-01,robust_innovation,3.035235725340813,statistical_alert_not_verified_economic_event
895,2024-01-01,robust_innovation,2.8549777002225007,statistical_alert_not_verified_economic_event
903,2024-06-01,robust_innovation,2.7522368104637978,statistical_alert_not_verified_economic_event
904,2024-02-01,robust_innovation,3.5951507171406116,statistical_alert_not_verified_economic_event
905,2024-05-01,robust_innovation,3.07477077438394,statistical_alert_not_verified_economic_event
907,2024-06-01,robust_innovation,2.899513802258124,statistical_alert_not_verified_economic_event
912,2024-01-01,robust_innovation,3.396124310300627,statistical_alert_not_verified_economic_event
916,2024-09-01,robust_innovation,2.9416929908818195,statistical_alert_not_verified_economic_event
920,2024-01-01,robust_innovation,3.288451640204902,statistical_alert_not_verified_economic_event
930,2024-05-01,robust_innovation,2.8391697506118803,statistical_alert_not_verified_economic_event
989,2024-01-01,robust_innovation,2.7873765486372,statistical_alert_not_verified_economic_event
1013,2024-09-01,robust_innovation,2.941451106467088,statistical_alert_not_verified_economic_event
1014,2024-01-01,robust_innovation,3.2657427294591,statistical_alert_not_verified_economic_event
1016,2024-02-01,robust_innovation,2.795265792167485,statistical_alert_not_verified_economic_event
1025,2024-08-01,robust_innovation,3.548616344961067,statistical_alert_not_verified_economic_event
1028,2024-10-01,robust_innovation,2.9490950630591755,statistical_alert_not_verified_economic_event
1033,2024-04-01,robust_innovation,3.172785558678972,statistical_alert_not_verified_economic_event
1036,2024-01-01,robust_innovation,3.0999451738121855,statistical_alert_not_verified_economic_event
1040,2024-04-01,robust_innovation,3.245611930063374,statistical_alert_not_verified_economic_event
1051,2024-01-01,robust_innovation,3.0778548229621534,statistical_alert_not_verified_economic_event
1052,2024-03-01,robust_innovation,2.9702629649634904,statistical_alert_not_verified_economic_event
1057,2024-01-01,robust_innovation,3.237767591851579,statistical_alert_not_verified_economic_event
1064,2024-01-01,robust_innovation,3.273037206926517,statistical_alert_not_verified_economic_event
1113,2024-06-01,robust_innovation,3.2795390320771434,statistical_alert_not_verified_economic_event
1115,2024-01-01,robust_innovation,3.0894709101805002,statistical_alert_not_verified_economic_event
1117,2024-11-01,robust_innovation,3.282873274066356,statistical_alert_not_verified_economic_event
1118,2024-02-01,robust_innovation,3.5779597242475782,statistical_alert_not_verified_economic_event
1118,2024-08-01,robust_innovation,3.3115751408261365,statistical_alert_not_verified_economic_event
1118,2024-12-01,robust_innovation,4.240046637321314,statistical_alert_not_verified_economic_event
1121,2024-01-01,robust_innovation,3.112511778575446,statistical_alert_not_verified_economic_event
1124,2024-08-01,robust_innovation,3.1102117408889214,statistical_alert_not_verified_economic_event
1127,2024-01-01,robust_innovation,2.825653393283808,statistical_alert_not_verified_economic_event
1129,2024-01-01,robust_innovation,3.073944416359526,statistical_alert_not_verified_economic_event
1130,2024-11-01,robust_innovation,2.7890677832168436,statistical_alert_not_verified_economic_event
1139,2024-01-01,robust_innovation,3.5705501491234624,statistical_alert_not_verified_economic_event
1142,2024-01-01,robust_innovation,2.846224379770766,statistical_alert_not_verified_economic_event
1143,2024-02-01,robust_innovation,3.564594436970987,statistical_alert_not_verified_economic_event
1144,2024-01-01,robust_innovation,5.211743771228878,statistical_alert_not_verified_economic_event
1146,2024-09-01,robust_innovation,2.8961510039262452,statistical_alert_not_verified_economic_event
1152,2024-09-01,robust_innovation,3.068735330244739,statistical_alert_not_verified_economic_event
1153,2024-01-01,robust_innovation,3.5485065624955463,statistical_alert_not_verified_economic_event
1155,2024-01-01,robust_innovation,2.77291523843043,statistical_alert_not_verified_economic_event
1158,2024-01-01,robust_innovation,3.340730479792224,statistical_alert_not_verified_economic_event
1161,2024-09-01,robust_innovation,3.347824165153961,statistical_alert_not_verified_economic_event
1166,2024-01-01,robust_innovation,3.312978849283856,statistical_alert_not_verified_economic_event
1170,2024-12-01,robust_innovation,2.874512718555746,statistical_alert_not_verified_economic_event
1172,2024-01-01,robust_innovation,3.5630594114992764,statistical_alert_not_verified_economic_event
1174,2024-01-01,robust_innovation,3.4052577424996526,statistical_alert_not_verified_economic_event
1178,2024-06-01,robust_innovation,2.8982742236576677,statistical_alert_not_verified_economic_event
1179,2024-02-01,robust_innovation,3.413942080403561,statistical_alert_not_verified_economic_event
1179,2024-07-01,robust_innovation,3.0881154473732635,statistical_alert_not_verified_economic_event
1181,2024-01-01,robust_innovation,3.0798635741295572,statistical_alert_not_verified_economic_event
1184,2024-03-01,robust_innovation,3.2120127097432163,statistical_alert_not_verified_economic_event
1194,2024-05-01,robust_innovation,3.7444367488374217,statistical_alert_not_verified_economic_event
1201,2024-09-01,robust_innovation,2.7695949767415624,statistical_alert_not_verified_economic_event
1203,2024-01-01,robust_innovation,3.7281194655834797,statistical_alert_not_verified_economic_event
1210,2024-07-01,robust_innovation,3.3354434624292923,statistical_alert_not_verified_economic_event
1212,2024-02-01,robust_innovation,3.165084523228443,statistical_alert_not_verified_economic_event
1214,2024-01-01,robust_innovation,5.245023083175073,statistical_alert_not_verified_economic_event
1214,2024-06-01,robust_innovation,3.174236458027745,statistical_alert_not_verified_economic_event
1218,2024-01-01,robust_innovation,3.6263528125211004,statistical_alert_not_verified_economic_event
1220,2024-05-01,robust_innovation,2.784568177465225,statistical_alert_not_verified_economic_event
1222,2024-11-01,robust_innovation,5.415996376429631,statistical_alert_not_verified_economic_event
1227,2024-01-01,robust_innovation,3.6218127702041127,statistical_alert_not_verified_economic_event
1228,2024-01-01,robust_innovation,3.3411439436622956,statistical_alert_not_verified_economic_event
1231,2024-01-01,robust_innovation,2.7800905842020356,statistical_alert_not_verified_economic_event
1234,2024-01-01,robust_innovation,3.666508892204324,statistical_alert_not_verified_economic_event
1235,2024-01-01,robust_innovation,3.922642916600155,statistical_alert_not_verified_economic_event
1254,2024-03-01,robust_innovation,2.963696405181237,statistical_alert_not_verified_economic_event
1256,2024-03-01,robust_innovation,2.756462383021655,statistical_alert_not_verified_economic_event
1259,2024-01-01,robust_innovation,2.9803314554520735,statistical_alert_not_verified_economic_event
1260,2024-01-01,robust_innovation,4.418246474002494,statistical_alert_not_verified_economic_event
1261,2024-01-01,robust_innovation,3.3671285703755958,statistical_alert_not_verified_economic_event
1264,2024-09-01,robust_innovation,2.7964673046395863,statistical_alert_not_verified_economic_event
1267,2024-02-01,robust_innovation,2.8469135894292927,statistical_alert_not_verified_economic_event
1268,2024-10-01,robust_innovation,2.776119691903462,statistical_alert_not_verified_economic_event
1270,2024-01-01,robust_innovation,3.3133793110006824,statistical_alert_not_verified_economic_event
1271,2024-09-01,robust_innovation,3.2447433150776948,statistical_alert_not_verified_economic_event
1277,2024-01-01,robust_innovation,3.605003966742386,statistical_alert_not_verified_economic_event
1278,2024-09-01,robust_innovation,3.069212833731547,statistical_alert_not_verified_economic_event
1280,2024-01-01,robust_innovation,2.9033141659766706,statistical_alert_not_verified_economic_event
1282,2024-08-01,robust_innovation,3.1436250447226155,statistical_alert_not_verified_economic_event
1285,2024-01-01,robust_innovation,3.9235595393220364,statistical_alert_not_verified_economic_event
1288,2024-01-01,robust_innovation,3.420622470139624,statistical_alert_not_verified_economic_event
1289,2024-02-01,robust_innovation,3.2184902540822264,statistical_alert_not_verified_economic_event
1289,2024-08-01,robust_innovation,2.7632515973592486,statistical_alert_not_verified_economic_event
1290,2024-01-01,robust_innovation,2.9387394738607355,statistical_alert_not_verified_economic_event
1291,2024-01-01,robust_innovation,4.264304933115882,statistical_alert_not_verified_economic_event
1291,2024-04-01,robust_innovation,2.946573483178846,statistical_alert_not_verified_economic_event
1301,2024-08-01,robust_innovation,4.216591668590814,statistical_alert_not_verified_economic_event
1304,2024-01-01,robust_innovation,2.9795956292176125,statistical_alert_not_verified_economic_event
1305,2024-01-01,robust_innovation,4.804205436004437,statistical_alert_not_verified_economic_event
1305,2024-05-01,robust_innovation,2.8120887233384835,statistical_alert_not_verified_economic_event
1305,2024-11-01,robust_innovation,3.8158543613191966,statistical_alert_not_verified_economic_event
1314,2024-04-01,robust_innovation,3.149294235344056,statistical_alert_not_verified_economic_event
1317,2024-01-01,robust_innovation,5.0900847457825344,statistical_alert_not_verified_economic_event
1319,2024-04-01,robust_innovation,3.2445401230963196,statistical_alert_not_verified_economic_event
1324,2024-01-01,robust_innovation,3.0611032824643027,statistical_alert_not_verified_economic_event
1325,2024-04-01,robust_innovation,3.0987136846367442,statistical_alert_not_verified_economic_event
1325,2024-12-01,robust_innovation,2.9181044301278236,statistical_alert_not_verified_economic_event
1328,2024-04-01,robust_innovation,2.8918348011112944,statistical_alert_not_verified_economic_event
1329,2024-09-01,robust_innovation,3.2348669099149667,statistical_alert_not_verified_economic_event
1329,2024-12-01,robust_innovation,4.301016538993007,statistical_alert_not_verified_economic_event
1335,2024-08-01,robust_innovation,2.754266251708766,statistical_alert_not_verified_economic_event
1336,2024-01-01,robust_innovation,3.8854720634416626,statistical_alert_not_verified_economic_event
1337,2024-03-01,robust_innovation,3.266442960742856,statistical_alert_not_verified_economic_event
1339,2024-10-01,robust_innovation,3.4059165850943933,statistical_alert_not_verified_economic_event
1345,2024-02-01,robust_innovation,2.834562350663242,statistical_alert_not_verified_economic_event
1346,2024-12-01,robust_innovation,2.7558052831932054,statistical_alert_not_verified_economic_event
1347,2024-02-01,robust_innovation,3.03067896517689,statistical_alert_not_verified_economic_event
1348,2024-09-01,robust_innovation,2.9990104556218453,statistical_alert_not_verified_economic_event
1348,2024-12-01,robust_innovation,3.8046496283714535,statistical_alert_not_verified_economic_event
1349,2024-12-01,robust_innovation,2.7911725566140624,statistical_alert_not_verified_economic_event
1351,2024-09-01,robust_innovation,3.286036067872896,statistical_alert_not_verified_economic_event
1353,2024-12-01,robust_innovation,2.825750044327171,statistical_alert_not_verified_economic_event
1355,2024-11-01,robust_innovation,2.8734058251690557,statistical_alert_not_verified_economic_event
1392,2024-01-01,robust_innovation,3.941561871678145,statistical_alert_not_verified_economic_event
1410,2024-01-01,robust_innovation,4.6461231524318345,statistical_alert_not_verified_economic_event
1411,2024-01-01,robust_innovation,5.578582829751178,statistical_alert_not_verified_economic_event
1419,2024-01-01,robust_innovation,3.595812369211001,statistical_alert_not_verified_economic_event
1422,2024-01-01,robust_innovation,3.109007307564267,statistical_alert_not_verified_economic_event
1423,2024-01-01,robust_innovation,4.670786883654144,statistical_alert_not_verified_economic_event
1425,2024-04-01,robust_innovation,3.2267624048429444,statistical_alert_not_verified_economic_event
1426,2024-01-01,robust_innovation,2.9371743799892984,statistical_alert_not_verified_economic_event
1431,2024-02-01,robust_innovation,4.236405467501351,statistical_alert_not_verified_economic_event
1508,2024-01-01,robust_innovation,4.90296113275757,statistical_alert_not_verified_economic_event
1508,2024-05-01,robust_innovation,3.2081109454451426,statistical_alert_not_verified_economic_event
1509,2024-01-01,robust_innovation,2.8820786561596536,statistical_alert_not_verified_economic_event
1511,2024-01-01,robust_innovation,2.968664333744574,statistical_alert_not_verified_economic_event
1512,2024-01-01,robust_innovation,3.757924458765419,statistical_alert_not_verified_economic_event
1519,2024-01-01,robust_innovation,3.3967063238921984,statistical_alert_not_verified_economic_event
1534,2024-07-01,robust_innovation,2.913399386689899,statistical_alert_not_verified_economic_event
1542,2024-07-01,robust_innovation,3.4417578244774596,statistical_alert_not_verified_economic_event
1545,2024-05-01,robust_innovation,3.35731290975162,statistical_alert_not_verified_economic_event
1546,2024-07-01,robust_innovation,3.3006876774244454,statistical_alert_not_verified_economic_event
1569,2024-12-01,robust_innovation,2.8831793039495,statistical_alert_not_verified_economic_event
1581,2024-01-01,robust_innovation,3.144371565289661,statistical_alert_not_verified_economic_event
1584,2024-03-01,robust_innovation,3.6319381231979007,statistical_alert_not_verified_economic_event
1590,2024-09-01,robust_innovation,3.8565654837139407,statistical_alert_not_verified_economic_event
1593,2024-11-01,robust_innovation,3.035527808501628,statistical_alert_not_verified_economic_event
1596,2024-07-01,robust_innovation,2.843613503107578,statistical_alert_not_verified_economic_event
1601,2024-12-01,robust_innovation,3.6564206965726487,statistical_alert_not_verified_economic_event
1602,2024-11-01,robust_innovation,2.748248165874196,statistical_alert_not_verified_economic_event
1608,2024-01-01,robust_innovation,3.528777335994076,statistical_alert_not_verified_economic_event
1617,2024-11-01,robust_innovation,2.8581469293822037,statistical_alert_not_verified_economic_event
1622,2024-07-01,robust_innovation,2.825416810840619,statistical_alert_not_verified_economic_event
1627,2024-02-01,robust_innovation,2.772175401992315,statistical_alert_not_verified_economic_event
1630,2024-01-01,robust_innovation,2.8520235333922064,statistical_alert_not_verified_economic_event
1630,2024-09-01,robust_innovation,3.0952174753045933,statistical_alert_not_verified_economic_event
1631,2024-06-01,robust_innovation,2.8198373252799565,statistical_alert_not_verified_economic_event
1644,2024-05-01,robust_innovation,2.8867908249494785,statistical_alert_not_verified_economic_event
1649,2024-01-01,robust_innovation,3.045780823575958,statistical_alert_not_verified_economic_event
1651,2024-01-01,robust_innovation,4.183042820715784,statistical_alert_not_verified_economic_event
1652,2024-12-01,robust_innovation,2.861832645338566,statistical_alert_not_verified_economic_event
1657,2024-03-01,robust_innovation,2.9917922909621883,statistical_alert_not_verified_economic_event
1657,2024-09-01,robust_innovation,3.6293791383674847,statistical_alert_not_verified_economic_event
1664,2024-03-01,robust_innovation,3.6866110100852216,statistical_alert_not_verified_economic_event
1664,2024-10-01,robust_innovation,3.8372798247040865,statistical_alert_not_verified_economic_event
1669,2024-01-01,robust_innovation,3.129323575960529,statistical_alert_not_verified_economic_event
1671,2024-01-01,robust_innovation,4.388849219296577,statistical_alert_not_verified_economic_event
1673,2024-02-01,robust_innovation,2.8507658881019697,statistical_alert_not_verified_economic_event
1681,2024-05-01,robust_innovation,3.4758248498184967,statistical_alert_not_verified_economic_event
1686,2024-08-01,robust_innovation,3.088883297028575,statistical_alert_not_verified_economic_event
1693,2024-01-01,robust_innovation,3.054393699174802,statistical_alert_not_verified_economic_event
1693,2024-09-01,robust_innovation,3.2665659810728775,statistical_alert_not_verified_economic_event
1698,2024-01-01,robust_innovation,2.8919186055396002,statistical_alert_not_verified_economic_event
1702,2024-03-01,robust_innovation,3.5687397760358155,statistical_alert_not_verified_economic_event
1705,2024-07-01,robust_innovation,3.062089690682706,statistical_alert_not_verified_economic_event
1711,2024-01-01,robust_innovation,2.7596662027890937,statistical_alert_not_verified_economic_event
1712,2024-03-01,robust_innovation,2.828442538638911,statistical_alert_not_verified_economic_event
1712,2024-09-01,robust_innovation,2.8157122708799105,statistical_alert_not_verified_economic_event
1714,2024-10-01,robust_innovation,2.783814914670641,statistical_alert_not_verified_economic_event
1715,2024-04-01,robust_innovation,3.666686313323599,statistical_alert_not_verified_economic_event
1718,2024-03-01,robust_innovation,2.7855310393501775,statistical_alert_not_verified_economic_event
1722,2024-03-01,robust_innovation,3.1315417225207205,statistical_alert_not_verified_economic_event
1724,2024-03-01,robust_innovation,3.9208936982006577,statistical_alert_not_verified_economic_event
1725,2024-11-01,robust_innovation,2.8986747241754243,statistical_alert_not_verified_economic_event
1727,2024-08-01,robust_innovation,2.940538790666166,statistical_alert_not_verified_economic_event
1728,2024-01-01,robust_innovation,3.767927977412765,statistical_alert_not_verified_economic_event
1728,2024-09-01,robust_innovation,2.7901240548784063,statistical_alert_not_verified_economic_event
1730,2024-05-01,robust_innovation,3.0419548673480343,statistical_alert_not_verified_economic_event
1730,2024-10-01,robust_innovation,3.8351874291258183,statistical_alert_not_verified_economic_event
1732,2024-04-01,robust_innovation,3.940037691990673,statistical_alert_not_verified_economic_event
1732,2024-08-01,robust_innovation,4.201741685993507,statistical_alert_not_verified_economic_event
1739,2024-10-01,robust_innovation,2.748246367235836,statistical_alert_not_verified_economic_event
1741,2024-05-01,robust_innovation,3.4211977330739014,statistical_alert_not_verified_economic_event
1744,2024-11-01,robust_innovation,2.7665374312763236,statistical_alert_not_verified_economic_event
1750,2024-12-01,robust_innovation,2.8458844299808,statistical_alert_not_verified_economic_event
1751,2024-08-01,robust_innovation,2.7998182691036133,statistical_alert_not_verified_economic_event
1755,2024-09-01,robust_innovation,2.8072311208057323,statistical_alert_not_verified_economic_event
1757,2024-06-01,robust_innovation,3.100278794162391,statistical_alert_not_verified_economic_event
1760,2024-09-01,robust_innovation,2.905747722658879,statistical_alert_not_verified_economic_event
1761,2024-06-01,robust_innovation,3.3288805437609406,statistical_alert_not_verified_economic_event
1769,2024-10-01,robust_innovation,3.266703243845606,statistical_alert_not_verified_economic_event
1770,2024-01-01,robust_innovation,3.650598716026243,statistical_alert_not_verified_economic_event
1771,2024-06-01,robust_innovation,3.2365512840955413,statistical_alert_not_verified_economic_event
1771,2024-11-01,robust_innovation,2.925730320024298,statistical_alert_not_verified_economic_event
1773,2024-01-01,robust_innovation,2.999438216957821,statistical_alert_not_verified_economic_event
1775,2024-06-01,robust_innovation,2.9958975984910468,statistical_alert_not_verified_economic_event
1775,2024-10-01,robust_innovation,2.9610399204841436,statistical_alert_not_verified_economic_event
1781,2024-01-01,robust_innovation,2.7558956331773348,statistical_alert_not_verified_economic_event
1782,2024-01-01,robust_innovation,2.947697682754039,statistical_alert_not_verified_economic_event
1785,2024-08-01,robust_innovation,3.323864483862584,statistical_alert_not_verified_economic_event
1788,2024-01-01,robust_innovation,3.5242475528267163,statistical_alert_not_verified_economic_event
1788,2024-11-01,robust_innovation,3.268424724249463,statistical_alert_not_verified_economic_event
1852,2024-06-01,robust_innovation,2.78396541484994,statistical_alert_not_verified_economic_event
1856,2024-09-01,robust_innovation,3.041032462777044,statistical_alert_not_verified_economic_event
1857,2024-06-01,robust_innovation,3.4848716498492633,statistical_alert_not_verified_economic_event
1858,2024-08-01,robust_innovation,3.0655775291573373,statistical_alert_not_verified_economic_event
1861,2024-09-01,robust_innovation,2.8061900687719175,statistical_alert_not_verified_economic_event
1868,2024-10-01,robust_innovation,3.3596784881532886,statistical_alert_not_verified_economic_event
1869,2024-01-01,robust_innovation,3.346552560211106,statistical_alert_not_verified_economic_event
1869,2024-04-01,robust_innovation,2.8113146888340905,statistical_alert_not_verified_economic_event
1871,2024-01-01,robust_innovation,3.334170720945873,statistical_alert_not_verified_economic_event
1873,2024-11-01,robust_innovation,3.749965061052645,statistical_alert_not_verified_economic_event
1884,2024-07-01,robust_innovation,2.884552707820545,statistical_alert_not_verified_economic_event
1884,2024-10-01,robust_innovation,2.86218410662893,statistical_alert_not_verified_economic_event
1888,2024-07-01,robust_innovation,2.816085516609269,statistical_alert_not_verified_economic_event
1894,2024-12-01,robust_innovation,3.25586076260073,statistical_alert_not_verified_economic_event
1902,2024-09-01,robust_innovation,2.8641907370482884,statistical_alert_not_verified_economic_event
1908,2024-11-01,robust_innovation,3.0393695731380377,statistical_alert_not_verified_economic_event
1912,2024-01-01,robust_innovation,4.746543330338192,statistical_alert_not_verified_economic_event
1916,2024-01-01,robust_innovation,3.2521833468256056,statistical_alert_not_verified_economic_event
1922,2024-01-01,robust_innovation,2.950322046714435,statistical_alert_not_verified_economic_event
1924,2024-03-01,robust_innovation,3.296775051527008,statistical_alert_not_verified_economic_event
1928,2024-02-01,robust_innovation,2.839900625032928,statistical_alert_not_verified_economic_event
1932,2024-01-01,robust_innovation,3.4256279202197613,statistical_alert_not_verified_economic_event
1932,2024-12-01,robust_innovation,4.266300515909603,statistical_alert_not_verified_economic_event
1933,2024-12-01,robust_innovation,2.7820057226802692,statistical_alert_not_verified_economic_event
1935,2024-01-01,robust_innovation,3.5918632124270484,statistical_alert_not_verified_economic_event
1938,2024-05-01,robust_innovation,2.905699570261993,statistical_alert_not_verified_economic_event
1942,2024-05-01,robust_innovation,3.4140090876579547,statistical_alert_not_verified_economic_event
1943,2024-01-01,robust_innovation,3.8939737834922985,statistical_alert_not_verified_economic_event
1945,2024-03-01,robust_innovation,2.865266918971593,statistical_alert_not_verified_economic_event
1947,2024-04-01,robust_innovation,3.183629276953215,statistical_alert_not_verified_economic_event
1955,2024-02-01,robust_innovation,3.2048124101390467,statistical_alert_not_verified_economic_event
1955,2024-05-01,robust_innovation,4.917669014602193,statistical_alert_not_verified_economic_event
1955,2024-12-01,robust_innovation,2.9666203966139575,statistical_alert_not_verified_economic_event
1956,2024-01-01,robust_innovation,3.8150512619158965,statistical_alert_not_verified_economic_event
1956,2024-07-01,robust_innovation,3.0185200018663645,statistical_alert_not_verified_economic_event
1958,2024-01-01,robust_innovation,3.3330907285708027,statistical_alert_not_verified_economic_event
1959,2024-05-01,robust_innovation,3.737840533455746,statistical_alert_not_verified_economic_event
1959,2024-10-01,robust_innovation,4.305000989222365,statistical_alert_not_verified_economic_event
1960,2024-12-01,robust_innovation,2.9256352937242407,statistical_alert_not_verified_economic_event
1962,2024-01-01,robust_innovation,3.077455510188956,statistical_alert_not_verified_economic_event
1965,2024-09-01,robust_innovation,3.1693160940605467,statistical_alert_not_verified_economic_event
1967,2024-11-01,robust_innovation,2.979706867517137,statistical_alert_not_verified_economic_event
1968,2024-01-01,robust_innovation,3.144627670223284,statistical_alert_not_verified_economic_event
1975,2024-10-01,robust_innovation,2.7468146518627896,statistical_alert_not_verified_economic_event
1976,2024-01-01,robust_innovation,3.96204658498516,statistical_alert_not_verified_economic_event
1990,2024-01-01,robust_innovation,4.145995055062155,statistical_alert_not_verified_economic_event
1991,2024-01-01,robust_innovation,4.313354165290447,statistical_alert_not_verified_economic_event
1994,2024-01-01,robust_innovation,3.4751895019626624,statistical_alert_not_verified_economic_event
1994,2024-07-01,robust_innovation,2.790799361395003,statistical_alert_not_verified_economic_event
1996,2024-01-01,robust_innovation,3.4810050936718793,statistical_alert_not_verified_economic_event
2001,2024-01-01,robust_innovation,4.599841618110876,statistical_alert_not_verified_economic_event
2001,2024-09-01,robust_innovation,3.376252297165035,statistical_alert_not_verified_economic_event
2002,2024-02-01,robust_innovation,3.1338487577443677,statistical_alert_not_verified_economic_event
2005,2024-01-01,robust_innovation,3.4280365137626787,statistical_alert_not_verified_economic_event
2006,2024-01-01,robust_innovation,2.7916858757287657,statistical_alert_not_verified_economic_event
2015,2024-03-01,robust_innovation,2.853753797861965,statistical_alert_not_verified_economic_event
2018,2024-11-01,robust_innovation,3.071333819951281,statistical_alert_not_verified_economic_event
2022,2024-01-01,robust_innovation,4.3481518378845845,statistical_alert_not_verified_economic_event
2024,2024-01-01,robust_innovation,3.276722967288965,statistical_alert_not_verified_economic_event
2025,2024-02-01,robust_innovation,4.067532205162396,statistical_alert_not_verified_economic_event
2031,2024-01-01,robust_innovation,4.093523784109137,statistical_alert_not_verified_economic_event
2037,2024-02-01,robust_innovation,3.0547203977676034,statistical_alert_not_verified_economic_event
2040,2024-12-01,robust_innovation,2.8301360333285928,statistical_alert_not_verified_economic_event
2042,2024-01-01,robust_innovation,2.955394383070052,statistical_alert_not_verified_economic_event
2046,2024-01-01,robust_innovation,3.091703332510114,statistical_alert_not_verified_economic_event
2046,2024-10-01,robust_innovation,3.5766167224088097,statistical_alert_not_verified_economic_event
2050,2024-01-01,robust_innovation,2.8467063034952407,statistical_alert_not_verified_economic_event
2051,2024-01-01,robust_innovation,3.8132143649533994,statistical_alert_not_verified_economic_event
2052,2024-06-01,robust_innovation,3.126220900126344,statistical_alert_not_verified_economic_event
2054,2024-09-01,robust_innovation,4.470623920664765,statistical_alert_not_verified_economic_event
2057,2024-06-01,robust_innovation,4.861241087258254,statistical_alert_not_verified_economic_event
2057,2024-12-01,robust_innovation,2.9543355482706537,statistical_alert_not_verified_economic_event
2061,2024-05-01,robust_innovation,2.890233166618153,statistical_alert_not_verified_economic_event
2065,2024-01-01,robust_innovation,2.8128918906087232,statistical_alert_not_verified_economic_event
2072,2024-01-01,robust_innovation,3.4980080406136818,statistical_alert_not_verified_economic_event
2077,2024-01-01,robust_innovation,3.4754374078298462,statistical_alert_not_verified_economic_event
2078,2024-12-01,robust_innovation,3.742690291885292,statistical_alert_not_verified_economic_event
2079,2024-10-01,robust_innovation,7.034578772910148,statistical_alert_not_verified_economic_event
2085,2024-02-01,robust_innovation,3.3193920561468238,statistical_alert_not_verified_economic_event
2088,2024-04-01,robust_innovation,3.709823336456187,statistical_alert_not_verified_economic_event
2090,2024-01-01,robust_innovation,2.796478231774271,statistical_alert_not_verified_economic_event
2116,2024-02-01,robust_innovation,3.1242772814688653,statistical_alert_not_verified_economic_event
2134,2024-04-01,robust_innovation,5.188778174855619,statistical_alert_not_verified_economic_event
2146,2024-01-01,robust_innovation,3.214568502123221,statistical_alert_not_verified_economic_event
2148,2024-04-01,robust_innovation,2.869044007447233,statistical_alert_not_verified_economic_event
2152,2024-02-01,robust_innovation,2.9135000629397014,statistical_alert_not_verified_economic_event
2160,2024-12-01,robust_innovation,4.036229994139595,statistical_alert_not_verified_economic_event
2171,2024-03-01,robust_innovation,5.535239876041249,statistical_alert_not_verified_economic_event
2176,2024-01-01,robust_innovation,2.7542382237233523,statistical_alert_not_verified_economic_event
2184,2024-06-01,robust_innovation,3.008197451731627,statistical_alert_not_verified_economic_event
2185,2024-02-01,robust_innovation,4.25883343741369,statistical_alert_not_verified_economic_event
2196,2024-03-01,robust_innovation,2.926572781889318,statistical_alert_not_verified_economic_event
2196,2024-10-01,robust_innovation,4.581521837907486,statistical_alert_not_verified_economic_event
2197,2024-10-01,robust_innovation,3.931556736151524,statistical_alert_not_verified_economic_event
2198,2024-10-01,robust_innovation,2.8023714364569536,statistical_alert_not_verified_economic_event
2207,2024-03-01,robust_innovation,3.3820254753871257,statistical_alert_not_verified_economic_event
2208,2024-09-01,robust_innovation,2.849069494704482,statistical_alert_not_verified_economic_event
2213,2024-10-01,robust_innovation,2.9968133422476746,statistical_alert_not_verified_economic_event
2217,2024-01-01,robust_innovation,2.86363940061415,statistical_alert_not_verified_economic_event
2218,2024-01-01,robust_innovation,4.440799778411449,statistical_alert_not_verified_economic_event
2221,2024-01-01,robust_innovation,2.8946652800212473,statistical_alert_not_verified_economic_event
2223,2024-01-01,robust_innovation,3.9989124630234016,statistical_alert_not_verified_economic_event
2224,2024-01-01,robust_innovation,3.0934122027460322,statistical_alert_not_verified_economic_event
2225,2024-01-01,robust_innovation,3.453527663343379,statistical_alert_not_verified_economic_event
2226,2024-01-01,robust_innovation,3.362554520841669,statistical_alert_not_verified_economic_event
2229,2024-01-01,robust_innovation,2.86007086077111,statistical_alert_not_verified_economic_event
2231,2024-12-01,robust_innovation,2.9107410182369526,statistical_alert_not_verified_economic_event
2232,2024-01-01,robust_innovation,2.8841188222707252,statistical_alert_not_verified_economic_event
2234,2024-11-01,robust_innovation,2.9470750946184583,statistical_alert_not_verified_economic_event
2236,2024-01-01,robust_innovation,4.126300878353947,statistical_alert_not_verified_economic_event
2242,2024-01-01,robust_innovation,3.284492801557482,statistical_alert_not_verified_economic_event
2243,2024-01-01,robust_innovation,2.7924189164098996,statistical_alert_not_verified_economic_event
2244,2024-01-01,robust_innovation,3.552787906183151,statistical_alert_not_verified_economic_event
2244,2024-06-01,robust_innovation,4.278025851604991,statistical_alert_not_verified_economic_event
2248,2024-08-01,robust_innovation,2.815315054876871,statistical_alert_not_verified_economic_event
2250,2024-09-01,robust_innovation,4.090019719402397,statistical_alert_not_verified_economic_event
2254,2024-05-01,robust_innovation,3.0294979912560946,statistical_alert_not_verified_economic_event
2260,2024-12-01,robust_innovation,2.8438706374819653,statistical_alert_not_verified_economic_event
2265,2024-03-01,robust_innovation,2.8514098226369717,statistical_alert_not_verified_economic_event
2266,2024-07-01,robust_innovation,2.862284830777932,statistical_alert_not_verified_economic_event
2295,2024-10-01,robust_innovation,2.809755856191885,statistical_alert_not_verified_economic_event
2302,2024-01-01,robust_innovation,5.344605452427142,statistical_alert_not_verified_economic_event
2307,2024-06-01,robust_innovation,2.9141712411442335,statistical_alert_not_verified_economic_event
2312,2024-02-01,robust_innovation,2.9380384529057473,statistical_alert_not_verified_economic_event
2316,2024-09-01,robust_innovation,3.664685299566143,statistical_alert_not_verified_economic_event
2317,2024-07-01,robust_innovation,3.7239294745894784,statistical_alert_not_verified_economic_event
2321,2024-10-01,robust_innovation,2.999125514618318,statistical_alert_not_verified_economic_event
2322,2024-01-01,robust_innovation,3.9928637985660087,statistical_alert_not_verified_economic_event
2325,2024-01-01,robust_innovation,3.541964843834179,statistical_alert_not_verified_economic_event
2327,2024-09-01,robust_innovation,2.766590522388955,statistical_alert_not_verified_economic_event
2333,2024-02-01,robust_innovation,3.118189542412766,statistical_alert_not_verified_economic_event
2334,2024-09-01,robust_innovation,3.290885444285996,statistical_alert_not_verified_economic_event
2335,2024-02-01,robust_innovation,3.277046396696733,statistical_alert_not_verified_economic_event
2339,2024-01-01,robust_innovation,3.017684936135484,statistical_alert_not_verified_economic_event
2342,2024-12-01,robust_innovation,4.120851164986456,statistical_alert_not_verified_economic_event
2351,2024-01-01,robust_innovation,3.5612506783812075,statistical_alert_not_verified_economic_event
2352,2024-02-01,robust_innovation,2.9192465170420356,statistical_alert_not_verified_economic_event
2358,2024-01-01,robust_innovation,4.003429799785359,statistical_alert_not_verified_economic_event
2359,2024-01-01,robust_innovation,2.902682562048567,statistical_alert_not_verified_economic_event
2360,2024-01-01,robust_innovation,3.6208487304065304,statistical_alert_not_verified_economic_event
2365,2024-01-01,robust_innovation,3.328248001875334,statistical_alert_not_verified_economic_event
2367,2024-01-01,robust_innovation,3.046170995383106,statistical_alert_not_verified_economic_event
2368,2024-01-01,robust_innovation,2.761029217214678,statistical_alert_not_verified_economic_event
2371,2024-01-01,robust_innovation,2.8161568063149685,statistical_alert_not_verified_economic_event
2378,2024-01-01,robust_innovation,2.7952629096042827,statistical_alert_not_verified_economic_event
2380,2024-01-01,robust_innovation,2.8779800965045017,statistical_alert_not_verified_economic_event
2381,2024-01-01,robust_innovation,2.969242961038252,statistical_alert_not_verified_economic_event
2382,2024-01-01,robust_innovation,3.19179447315507,statistical_alert_not_verified_economic_event
2383,2024-01-01,robust_innovation,3.215083338405578,statistical_alert_not_verified_economic_event
2385,2024-01-01,robust_innovation,3.127423872868928,statistical_alert_not_verified_economic_event
2387,2024-01-01,robust_innovation,3.0414677264990497,statistical_alert_not_verified_economic_event
2389,2024-01-01,robust_innovation,3.1540143562036995,statistical_alert_not_verified_economic_event
2391,2024-01-01,robust_innovation,3.0502963364309426,statistical_alert_not_verified_economic_event
2392,2024-01-01,robust_innovation,2.9079224506254655,statistical_alert_not_verified_economic_event
2399,2024-01-01,robust_innovation,2.7900742653600523,statistical_alert_not_verified_economic_event
2400,2024-01-01,robust_innovation,3.2286016609139807,statistical_alert_not_verified_economic_event
2401,2024-01-01,robust_innovation,2.8279050004555852,statistical_alert_not_verified_economic_event
2402,2024-01-01,robust_innovation,2.9096692399851225,statistical_alert_not_verified_economic_event
2406,2024-01-01,robust_innovation,3.02826938466511,statistical_alert_not_verified_economic_event
2407,2024-01-01,robust_innovation,2.9245534023559916,statistical_alert_not_verified_economic_event
2424,2024-01-01,robust_innovation,3.460637449955662,statistical_alert_not_verified_economic_event
2429,2024-01-01,robust_innovation,2.7611022166780095,statistical_alert_not_verified_economic_event
2430,2024-01-01,robust_innovation,2.939662514372668,statistical_alert_not_verified_economic_event
2432,2024-01-01,robust_innovation,3.3493072133656816,statistical_alert_not_verified_economic_event
2433,2024-01-01,robust_innovation,3.1493544929682167,statistical_alert_not_verified_economic_event
2435,2024-01-01,robust_innovation,2.7703764798022443,statistical_alert_not_verified_economic_event
2439,2024-01-01,robust_innovation,3.645790945913824,statistical_alert_not_verified_economic_event
2441,2024-01-01,robust_innovation,3.745933378778564,statistical_alert_not_verified_economic_event
2442,2024-01-01,robust_innovation,3.6157832364983973,statistical_alert_not_verified_economic_event
2444,2024-01-01,robust_innovation,4.127159644770779,statistical_alert_not_verified_economic_event
2445,2024-01-01,robust_innovation,2.7512615955671404,statistical_alert_not_verified_economic_event
2450,2024-01-01,robust_innovation,2.892801006146383,statistical_alert_not_verified_economic_event
2451,2024-01-01,robust_innovation,3.059162733991683,statistical_alert_not_verified_economic_event
2454,2024-01-01,robust_innovation,2.7740102196007186,statistical_alert_not_verified_economic_event
2455,2024-01-01,robust_innovation,2.758280973363502,statistical_alert_not_verified_economic_event
2456,2024-01-01,robust_innovation,5.495589640180847,statistical_alert_not_verified_economic_event
2457,2024-01-01,robust_innovation,4.126824310166912,statistical_alert_not_verified_economic_event
2458,2024-01-01,robust_innovation,3.6737187369182474,statistical_alert_not_verified_economic_event
2459,2024-01-01,robust_innovation,3.8894741941576942,statistical_alert_not_verified_economic_event
2461,2024-01-01,robust_innovation,3.5582379198291054,statistical_alert_not_verified_economic_event
2479,2024-01-01,robust_innovation,3.2579117658313366,statistical_alert_not_verified_economic_event
2507,2024-01-01,robust_innovation,2.8561125756659034,statistical_alert_not_verified_economic_event
2522,2024-02-01,robust_innovation,3.0188646805701658,statistical_alert_not_verified_economic_event
2593,2024-04-01,robust_innovation,3.4876252325842256,statistical_alert_not_verified_economic_event
2600,2024-02-01,robust_innovation,3.156352441978905,statistical_alert_not_verified_economic_event
2607,2024-04-01,robust_innovation,3.147707319565535,statistical_alert_not_verified_economic_event
2876,2024-02-01,robust_innovation,3.3172130410258367,statistical_alert_not_verified_economic_event
2884,2024-02-01,robust_innovation,2.816367497544408,statistical_alert_not_verified_economic_event
2885,2024-01-01,robust_innovation,4.36417384674198,statistical_alert_not_verified_economic_event
3007,2024-01-01,robust_innovation,3.0756635262083996,statistical_alert_not_verified_economic_event
2,2024-05-01,discounted_cusum,4.126213656767332,statistical_alert_not_verified_economic_event
10,2024-01-01,discounted_cusum,2.6010355035757957,statistical_alert_not_verified_economic_event
11,2024-01-01,discounted_cusum,2.5636697522576535,statistical_alert_not_verified_economic_event
11,2024-05-01,discounted_cusum,4.190801667874765,statistical_alert_not_verified_economic_event
11,2024-12-01,discounted_cusum,3.410509160570885,statistical_alert_not_verified_economic_event
12,2024-01-01,discounted_cusum,2.641816125729582,statistical_alert_not_verified_economic_event
13,2024-01-01,discounted_cusum,8.209684126162777,statistical_alert_not_verified_economic_event
13,2024-11-01,discounted_cusum,4.103169707069789,statistical_alert_not_verified_economic_event
14,2024-01-01,discounted_cusum,2.8697103079275332,statistical_alert_not_verified_economic_event
14,2024-11-01,discounted_cusum,2.4921816180638205,statistical_alert_not_verified_economic_event
15,2024-01-01,discounted_cusum,3.5559864040018025,statistical_alert_not_verified_economic_event
15,2024-10-01,discounted_cusum,2.6678439859299763,statistical_alert_not_verified_economic_event
16,2024-01-01,discounted_cusum,7.120657962623289,statistical_alert_not_verified_economic_event
17,2024-01-01,discounted_cusum,5.045749692723562,statistical_alert_not_verified_economic_event
18,2024-01-01,discounted_cusum,2.573756176104725,statistical_alert_not_verified_economic_event
18,2024-05-01,discounted_cusum,2.5834329072275075,statistical_alert_not_verified_economic_event
18,2024-10-01,discounted_cusum,2.6490088983504316,statistical_alert_not_verified_economic_event
19,2024-01-01,discounted_cusum,3.9631046718648166,statistical_alert_not_verified_economic_event
20,2024-01-01,discounted_cusum,4.713966436268883,statistical_alert_not_verified_economic_event
20,2024-10-01,discounted_cusum,4.161701403246415,statistical_alert_not_verified_economic_event
22,2024-01-01,discounted_cusum,2.939797226262919,statistical_alert_not_verified_economic_event
22,2024-09-01,discounted_cusum,3.0925792379887778,statistical_alert_not_verified_economic_event
25,2024-01-01,discounted_cusum,2.855084708192987,statistical_alert_not_verified_economic_event
29,2024-01-01,discounted_cusum,2.6044616238759764,statistical_alert_not_verified_economic_event
32,2024-01-01,discounted_cusum,4.87568873984249,statistical_alert_not_verified_economic_event
34,2024-01-01,discounted_cusum,6.433080338572838,statistical_alert_not_verified_economic_event
34,2024-06-01,discounted_cusum,3.3131795432714948,statistical_alert_not_verified_economic_event
37,2024-01-01,discounted_cusum,2.5645593821130097,statistical_alert_not_verified_economic_event
45,2024-01-01,discounted_cusum,2.497777067013837,statistical_alert_not_verified_economic_event
47,2024-07-01,discounted_cusum,2.82253863057093,statistical_alert_not_verified_economic_event
51,2024-01-01,discounted_cusum,3.292611782546039,statistical_alert_not_verified_economic_event
56,2024-01-01,discounted_cusum,3.568186156695557,statistical_alert_not_verified_economic_event
57,2024-01-01,discounted_cusum,3.3478291880985775,statistical_alert_not_verified_economic_event
58,2024-01-01,discounted_cusum,2.592519157854787,statistical_alert_not_verified_economic_event
61,2024-01-01,discounted_cusum,3.1435952765228827,statistical_alert_not_verified_economic_event
62,2024-12-01,discounted_cusum,3.874085890381288,statistical_alert_not_verified_economic_event
68,2024-01-01,discounted_cusum,5.499673180711105,statistical_alert_not_verified_economic_event
68,2024-04-01,discounted_cusum,3.6732867652986414,statistical_alert_not_verified_economic_event
69,2024-01-01,discounted_cusum,3.5376859545845285,statistical_alert_not_verified_economic_event
71,2024-01-01,discounted_cusum,2.9935365780135106,statistical_alert_not_verified_economic_event
72,2024-01-01,discounted_cusum,3.395978803814471,statistical_alert_not_verified_economic_event
74,2024-01-01,discounted_cusum,2.8587593886203515,statistical_alert_not_verified_economic_event
74,2024-11-01,discounted_cusum,3.197309215005063,statistical_alert_not_verified_economic_event
77,2024-01-01,discounted_cusum,3.0264885175466536,statistical_alert_not_verified_economic_event
78,2024-08-01,discounted_cusum,4.16180329007806,statistical_alert_not_verified_economic_event
82,2024-01-01,discounted_cusum,3.4849217060346356,statistical_alert_not_verified_economic_event
83,2024-01-01,discounted_cusum,4.532371327936738,statistical_alert_not_verified_economic_event
167,2024-02-01,discounted_cusum,2.972615488195772,statistical_alert_not_verified_economic_event
181,2024-06-01,discounted_cusum,2.617175017527591,statistical_alert_not_verified_economic_event
185,2024-11-01,discounted_cusum,2.7363064922528793,statistical_alert_not_verified_economic_event
188,2024-02-01,discounted_cusum,2.885260502309551,statistical_alert_not_verified_economic_event
188,2024-08-01,discounted_cusum,2.6933563347410345,statistical_alert_not_verified_economic_event
188,2024-11-01,discounted_cusum,5.177776988137593,statistical_alert_not_verified_economic_event
191,2024-01-01,discounted_cusum,3.211061474276557,statistical_alert_not_verified_economic_event
191,2024-04-01,discounted_cusum,3.6552141447567355,statistical_alert_not_verified_economic_event
191,2024-08-01,discounted_cusum,2.8300174683149124,statistical_alert_not_verified_economic_event
191,2024-11-01,discounted_cusum,3.339542905045878,statistical_alert_not_verified_economic_event
195,2024-03-01,discounted_cusum,2.526456500021127,statistical_alert_not_verified_economic_event
201,2024-02-01,discounted_cusum,3.499300901231495,statistical_alert_not_verified_economic_event
203,2024-05-01,discounted_cusum,2.885336397263969,statistical_alert_not_verified_economic_event
203,2024-08-01,discounted_cusum,2.821780630531962,statistical_alert_not_verified_economic_event
207,2024-01-01,discounted_cusum,3.4033769058921752,statistical_alert_not_verified_economic_event
211,2024-01-01,discounted_cusum,3.6444313552330208,statistical_alert_not_verified_economic_event
215,2024-10-01,discounted_cusum,2.724563536349304,statistical_alert_not_verified_economic_event
218,2024-02-01,discounted_cusum,2.8119906070779814,statistical_alert_not_verified_economic_event
218,2024-09-01,discounted_cusum,4.603690846774125,statistical_alert_not_verified_economic_event
219,2024-02-01,discounted_cusum,2.493761081367753,statistical_alert_not_verified_economic_event
219,2024-05-01,discounted_cusum,3.852146148986691,statistical_alert_not_verified_economic_event
225,2024-01-01,discounted_cusum,2.6971455050414352,statistical_alert_not_verified_economic_event
225,2024-04-01,discounted_cusum,3.4975676184155553,statistical_alert_not_verified_economic_event
227,2024-05-01,discounted_cusum,3.145124735319153,statistical_alert_not_verified_economic_event
228,2024-01-01,discounted_cusum,3.040566276596426,statistical_alert_not_verified_economic_event
228,2024-10-01,discounted_cusum,2.850495795226224,statistical_alert_not_verified_economic_event
229,2024-01-01,discounted_cusum,2.51192292367273,statistical_alert_not_verified_economic_event
230,2024-06-01,discounted_cusum,3.6265315512151703,statistical_alert_not_verified_economic_event
230,2024-12-01,discounted_cusum,3.648553304171447,statistical_alert_not_verified_economic_event
232,2024-04-01,discounted_cusum,3.3983776780858985,statistical_alert_not_verified_economic_event
233,2024-09-01,discounted_cusum,2.8137471797275406,statistical_alert_not_verified_economic_event
235,2024-01-01,discounted_cusum,3.658488792631413,statistical_alert_not_verified_economic_event
235,2024-04-01,discounted_cusum,3.8747897423164703,statistical_alert_not_verified_economic_event
236,2024-01-01,discounted_cusum,3.9030841427651346,statistical_alert_not_verified_economic_event
237,2024-02-01,discounted_cusum,2.667280864727042,statistical_alert_not_verified_economic_event
237,2024-11-01,discounted_cusum,2.504372305481259,statistical_alert_not_verified_economic_event
238,2024-09-01,discounted_cusum,2.7771419230707406,statistical_alert_not_verified_economic_event
241,2024-01-01,discounted_cusum,2.9326006803493194,statistical_alert_not_verified_economic_event
241,2024-12-01,discounted_cusum,2.9541709222392423,statistical_alert_not_verified_economic_event
243,2024-05-01,discounted_cusum,7.084709799232516,statistical_alert_not_verified_economic_event
270,2024-01-01,discounted_cusum,3.3915300192631297,statistical_alert_not_verified_economic_event
275,2024-07-01,discounted_cusum,3.187032133940528,statistical_alert_not_verified_economic_event
281,2024-01-01,discounted_cusum,3.7363838814838335,statistical_alert_not_verified_economic_event
283,2024-01-01,discounted_cusum,2.698297103231386,statistical_alert_not_verified_economic_event
285,2024-10-01,discounted_cusum,2.7618658746292746,statistical_alert_not_verified_economic_event
297,2024-03-01,discounted_cusum,3.3119751857621273,statistical_alert_not_verified_economic_event
297,2024-11-01,discounted_cusum,2.8629094006670144,statistical_alert_not_verified_economic_event
302,2024-12-01,discounted_cusum,3.610214888759251,statistical_alert_not_verified_economic_event
304,2024-01-01,discounted_cusum,2.5677546411698278,statistical_alert_not_verified_economic_event
304,2024-04-01,discounted_cusum,3.2707284684716766,statistical_alert_not_verified_economic_event
304,2024-07-01,discounted_cusum,3.074083429490648,statistical_alert_not_verified_economic_event
306,2024-01-01,discounted_cusum,3.7988659864009255,statistical_alert_not_verified_economic_event
316,2024-01-01,discounted_cusum,2.8176344780073355,statistical_alert_not_verified_economic_event
316,2024-07-01,discounted_cusum,2.5527669306468637,statistical_alert_not_verified_economic_event
316,2024-11-01,discounted_cusum,2.927521222966416,statistical_alert_not_verified_economic_event
317,2024-01-01,discounted_cusum,3.540480655759887,statistical_alert_not_verified_economic_event
317,2024-12-01,discounted_cusum,2.6876449458397347,statistical_alert_not_verified_economic_event
318,2024-01-01,discounted_cusum,4.511874316455709,statistical_alert_not_verified_economic_event
318,2024-07-01,discounted_cusum,3.138179098890395,statistical_alert_not_verified_economic_event
319,2024-06-01,discounted_cusum,2.7674530968748474,statistical_alert_not_verified_economic_event
319,2024-09-01,discounted_cusum,2.6695927179078707,statistical_alert_not_verified_economic_event
320,2024-12-01,discounted_cusum,2.9217385493169545,statistical_alert_not_verified_economic_event
324,2024-06-01,discounted_cusum,2.727097633759312,statistical_alert_not_verified_economic_event
324,2024-12-01,discounted_cusum,3.2444189490739497,statistical_alert_not_verified_economic_event
325,2024-11-01,discounted_cusum,2.658233526238872,statistical_alert_not_verified_economic_event
327,2024-11-01,discounted_cusum,2.87360199866745,statistical_alert_not_verified_economic_event
329,2024-12-01,discounted_cusum,3.257361602517461,statistical_alert_not_verified_economic_event
331,2024-12-01,discounted_cusum,2.5101713243064885,statistical_alert_not_verified_economic_event
332,2024-01-01,discounted_cusum,4.361719906734991,statistical_alert_not_verified_economic_event
332,2024-06-01,discounted_cusum,3.0118964555074363,statistical_alert_not_verified_economic_event
333,2024-09-01,discounted_cusum,3.3625150492165687,statistical_alert_not_verified_economic_event
333,2024-12-01,discounted_cusum,2.8086699104903694,statistical_alert_not_verified_economic_event
334,2024-06-01,discounted_cusum,3.759215911662362,statistical_alert_not_verified_economic_event
335,2024-09-01,discounted_cusum,2.769225627998247,statistical_alert_not_verified_economic_event
336,2024-03-01,discounted_cusum,2.4985516789703963,statistical_alert_not_verified_economic_event
336,2024-06-01,discounted_cusum,4.783261951397828,statistical_alert_not_verified_economic_event
336,2024-12-01,discounted_cusum,5.196929769862142,statistical_alert_not_verified_economic_event
337,2024-01-01,discounted_cusum,2.7270983982943187,statistical_alert_not_verified_economic_event
337,2024-09-01,discounted_cusum,2.654899704917536,statistical_alert_not_verified_economic_event
339,2024-01-01,discounted_cusum,2.8544868952107505,statistical_alert_not_verified_economic_event
339,2024-06-01,discounted_cusum,2.547938788231384,statistical_alert_not_verified_economic_event
339,2024-12-01,discounted_cusum,2.6046891976796256,statistical_alert_not_verified_economic_event
340,2024-01-01,discounted_cusum,2.5925940728816395,statistical_alert_not_verified_economic_event
340,2024-06-01,discounted_cusum,3.5099305040372055,statistical_alert_not_verified_economic_event
340,2024-11-01,discounted_cusum,5.2205821958676335,statistical_alert_not_verified_economic_event
341,2024-01-01,discounted_cusum,3.4477637962431085,statistical_alert_not_verified_economic_event
342,2024-01-01,discounted_cusum,2.7581025364630185,statistical_alert_not_verified_economic_event
342,2024-12-01,discounted_cusum,2.7681851739092016,statistical_alert_not_verified_economic_event
343,2024-01-01,discounted_cusum,4.045724626736979,statistical_alert_not_verified_economic_event
343,2024-12-01,discounted_cusum,2.6706676586970732,statistical_alert_not_verified_economic_event
345,2024-02-01,discounted_cusum,2.988778217687821,statistical_alert_not_verified_economic_event
348,2024-03-01,discounted_cusum,4.761605398484685,statistical_alert_not_verified_economic_event
349,2024-05-01,discounted_cusum,2.974067101941782,statistical_alert_not_verified_economic_event
351,2024-02-01,discounted_cusum,2.6049445091350165,statistical_alert_not_verified_economic_event
352,2024-03-01,discounted_cusum,3.0001518798164586,statistical_alert_not_verified_economic_event
355,2024-01-01,discounted_cusum,2.714556410669507,statistical_alert_not_verified_economic_event
357,2024-01-01,discounted_cusum,3.2165092596557803,statistical_alert_not_verified_economic_event
361,2024-01-01,discounted_cusum,3.749181510214962,statistical_alert_not_verified_economic_event
362,2024-01-01,discounted_cusum,3.4330542927316814,statistical_alert_not_verified_economic_event
365,2024-01-01,discounted_cusum,4.498084615050684,statistical_alert_not_verified_economic_event
366,2024-01-01,discounted_cusum,4.431673761062522,statistical_alert_not_verified_economic_event
366,2024-04-01,discounted_cusum,3.347583753845885,statistical_alert_not_verified_economic_event
367,2024-01-01,discounted_cusum,2.6604159942302905,statistical_alert_not_verified_economic_event
370,2024-07-01,discounted_cusum,2.4904878643881867,statistical_alert_not_verified_economic_event
370,2024-12-01,discounted_cusum,3.3968288354195133,statistical_alert_not_verified_economic_event
374,2024-12-01,discounted_cusum,3.4122827083003933,statistical_alert_not_verified_economic_event
376,2024-04-01,discounted_cusum,3.7169576702004425,statistical_alert_not_verified_economic_event
377,2024-01-01,discounted_cusum,4.216420814099356,statistical_alert_not_verified_economic_event
380,2024-01-01,discounted_cusum,4.341151110970523,statistical_alert_not_verified_economic_event
381,2024-01-01,discounted_cusum,4.679729857592588,statistical_alert_not_verified_economic_event
382,2024-01-01,discounted_cusum,2.9072260991300607,statistical_alert_not_verified_economic_event
384,2024-11-01,discounted_cusum,3.2925853814863917,statistical_alert_not_verified_economic_event
385,2024-01-01,discounted_cusum,3.077206477074486,statistical_alert_not_verified_economic_event
386,2024-01-01,discounted_cusum,2.633796460996672,statistical_alert_not_verified_economic_event
390,2024-01-01,discounted_cusum,4.318830276947493,statistical_alert_not_verified_economic_event
391,2024-01-01,discounted_cusum,3.1230323196413874,statistical_alert_not_verified_economic_event
396,2024-01-01,discounted_cusum,4.419858368479777,statistical_alert_not_verified_economic_event
398,2024-01-01,discounted_cusum,3.1440281082218555,statistical_alert_not_verified_economic_event
401,2024-04-01,discounted_cusum,2.5974115141830185,statistical_alert_not_verified_economic_event
401,2024-10-01,discounted_cusum,2.5630767086344965,statistical_alert_not_verified_economic_event
402,2024-01-01,discounted_cusum,4.135762657586066,statistical_alert_not_verified_economic_event
403,2024-01-01,discounted_cusum,3.794768039339746,statistical_alert_not_verified_economic_event
405,2024-01-01,discounted_cusum,5.799840992886186,statistical_alert_not_verified_economic_event
405,2024-10-01,discounted_cusum,3.258305377069396,statistical_alert_not_verified_economic_event
408,2024-10-01,discounted_cusum,3.533635066849098,statistical_alert_not_verified_economic_event
413,2024-01-01,discounted_cusum,4.970143635084116,statistical_alert_not_verified_economic_event
413,2024-04-01,discounted_cusum,5.572879066569564,statistical_alert_not_verified_economic_event
413,2024-07-01,discounted_cusum,4.35181734110438,statistical_alert_not_verified_economic_event
413,2024-11-01,discounted_cusum,5.942770993798707,statistical_alert_not_verified_economic_event
414,2024-01-01,discounted_cusum,4.374662498026028,statistical_alert_not_verified_economic_event
414,2024-06-01,discounted_cusum,2.5857231880605838,statistical_alert_not_verified_economic_event
414,2024-10-01,discounted_cusum,3.159283210387752,statistical_alert_not_verified_economic_event
425,2024-01-01,discounted_cusum,2.5496061060954647,statistical_alert_not_verified_economic_event
428,2024-01-01,discounted_cusum,3.421599139000905,statistical_alert_not_verified_economic_event
429,2024-01-01,discounted_cusum,2.735320635854568,statistical_alert_not_verified_economic_event
432,2024-07-01,discounted_cusum,3.024224125650801,statistical_alert_not_verified_economic_event
433,2024-07-01,discounted_cusum,3.2202205177152843,statistical_alert_not_verified_economic_event
434,2024-12-01,discounted_cusum,2.6231884166103296,statistical_alert_not_verified_economic_event
437,2024-03-01,discounted_cusum,2.8567202899973325,statistical_alert_not_verified_economic_event
440,2024-02-01,discounted_cusum,2.633339170918235,statistical_alert_not_verified_economic_event
441,2024-09-01,discounted_cusum,2.8926210961753074,statistical_alert_not_verified_economic_event
445,2024-01-01,discounted_cusum,3.770602445130354,statistical_alert_not_verified_economic_event
446,2024-01-01,discounted_cusum,3.5034985641744356,statistical_alert_not_verified_economic_event
447,2024-02-01,discounted_cusum,3.6373255920930845,statistical_alert_not_verified_economic_event
447,2024-10-01,discounted_cusum,2.5719166424827673,statistical_alert_not_verified_economic_event
449,2024-03-01,discounted_cusum,2.6129905525758725,statistical_alert_not_verified_economic_event
451,2024-01-01,discounted_cusum,3.510159223787542,statistical_alert_not_verified_economic_event
451,2024-06-01,discounted_cusum,2.6384301529073255,statistical_alert_not_verified_economic_event
453,2024-05-01,discounted_cusum,2.5955304608021765,statistical_alert_not_verified_economic_event
456,2024-01-01,discounted_cusum,3.473113768002968,statistical_alert_not_verified_economic_event
457,2024-01-01,discounted_cusum,2.5948102756164713,statistical_alert_not_verified_economic_event
457,2024-09-01,discounted_cusum,2.657196684495855,statistical_alert_not_verified_economic_event
460,2024-11-01,discounted_cusum,2.5803002682336493,statistical_alert_not_verified_economic_event
484,2024-08-01,discounted_cusum,2.6256991505694676,statistical_alert_not_verified_economic_event
487,2024-03-01,discounted_cusum,3.290706838843027,statistical_alert_not_verified_economic_event
489,2024-01-01,discounted_cusum,2.8320169048078667,statistical_alert_not_verified_economic_event
491,2024-06-01,discounted_cusum,2.594394103648125,statistical_alert_not_verified_economic_event
491,2024-11-01,discounted_cusum,3.341243911441748,statistical_alert_not_verified_economic_event
492,2024-01-01,discounted_cusum,4.761886450112417,statistical_alert_not_verified_economic_event
493,2024-11-01,discounted_cusum,2.5845214189237815,statistical_alert_not_verified_economic_event
495,2024-01-01,discounted_cusum,2.8392052786911375,statistical_alert_not_verified_economic_event
495,2024-05-01,discounted_cusum,3.3412922913548315,statistical_alert_not_verified_economic_event
497,2024-12-01,discounted_cusum,2.8874842267688714,statistical_alert_not_verified_economic_event
499,2024-02-01,discounted_cusum,2.600942805988053,statistical_alert_not_verified_economic_event
502,2024-04-01,discounted_cusum,3.0651643082103477,statistical_alert_not_verified_economic_event
502,2024-08-01,discounted_cusum,2.9670357542964876,statistical_alert_not_verified_economic_event
503,2024-01-01,discounted_cusum,2.901906174666812,statistical_alert_not_verified_economic_event
503,2024-04-01,discounted_cusum,2.823851277122543,statistical_alert_not_verified_economic_event
503,2024-12-01,discounted_cusum,4.097690269724722,statistical_alert_not_verified_economic_event
518,2024-11-01,discounted_cusum,2.5297914405679984,statistical_alert_not_verified_economic_event
524,2024-01-01,discounted_cusum,2.843577198463373,statistical_alert_not_verified_economic_event
525,2024-05-01,discounted_cusum,2.951109783298254,statistical_alert_not_verified_economic_event
533,2024-11-01,discounted_cusum,2.947850927132432,statistical_alert_not_verified_economic_event
534,2024-08-01,discounted_cusum,2.597657795625152,statistical_alert_not_verified_economic_event
540,2024-04-01,discounted_cusum,3.0401330512436617,statistical_alert_not_verified_economic_event
541,2024-01-01,discounted_cusum,2.547133521544004,statistical_alert_not_verified_economic_event
541,2024-09-01,discounted_cusum,3.5114893197287245,statistical_alert_not_verified_economic_event
544,2024-01-01,discounted_cusum,2.941183822557249,statistical_alert_not_verified_economic_event
546,2024-01-01,discounted_cusum,2.9760604318657373,statistical_alert_not_verified_economic_event
548,2024-04-01,discounted_cusum,3.395708011509229,statistical_alert_not_verified_economic_event
548,2024-09-01,discounted_cusum,2.65865756369772,statistical_alert_not_verified_economic_event
555,2024-01-01,discounted_cusum,3.1562099533445247,statistical_alert_not_verified_economic_event
558,2024-11-01,discounted_cusum,4.192766513941053,statistical_alert_not_verified_economic_event
564,2024-01-01,discounted_cusum,2.817434131742277,statistical_alert_not_verified_economic_event
564,2024-09-01,discounted_cusum,3.3189577629597267,statistical_alert_not_verified_economic_event
566,2024-09-01,discounted_cusum,2.5585839429406803,statistical_alert_not_verified_economic_event
570,2024-01-01,discounted_cusum,3.1153190595124682,statistical_alert_not_verified_economic_event
571,2024-01-01,discounted_cusum,3.1803717179651203,statistical_alert_not_verified_economic_event
578,2024-10-01,discounted_cusum,2.596683526959438,statistical_alert_not_verified_economic_event
583,2024-12-01,discounted_cusum,2.92424904510983,statistical_alert_not_verified_economic_event
587,2024-01-01,discounted_cusum,3.888617306761831,statistical_alert_not_verified_economic_event
598,2024-12-01,discounted_cusum,2.5047075944154114,statistical_alert_not_verified_economic_event
602,2024-11-01,discounted_cusum,3.1015717956660733,statistical_alert_not_verified_economic_event
604,2024-01-01,discounted_cusum,4.300505743140128,statistical_alert_not_verified_economic_event
604,2024-10-01,discounted_cusum,2.9972729299879806,statistical_alert_not_verified_economic_event
606,2024-01-01,discounted_cusum,2.5676392705443742,statistical_alert_not_verified_economic_event
606,2024-10-01,discounted_cusum,3.883737053011684,statistical_alert_not_verified_economic_event
614,2024-06-01,discounted_cusum,2.6015885088645643,statistical_alert_not_verified_economic_event
614,2024-09-01,discounted_cusum,3.509533014723421,statistical_alert_not_verified_economic_event
615,2024-02-01,discounted_cusum,3.5069485040765676,statistical_alert_not_verified_economic_event
615,2024-08-01,discounted_cusum,3.7641024290179077,statistical_alert_not_verified_economic_event
615,2024-11-01,discounted_cusum,3.3244620926968684,statistical_alert_not_verified_economic_event
618,2024-01-01,discounted_cusum,4.209881489255869,statistical_alert_not_verified_economic_event
618,2024-06-01,discounted_cusum,2.927375727950644,statistical_alert_not_verified_economic_event
619,2024-01-01,discounted_cusum,2.941035677235119,statistical_alert_not_verified_economic_event
619,2024-06-01,discounted_cusum,2.808334852392514,statistical_alert_not_verified_economic_event
619,2024-11-01,discounted_cusum,2.9756688182814686,statistical_alert_not_verified_economic_event
621,2024-06-01,discounted_cusum,3.815720815576044,statistical_alert_not_verified_economic_event
670,2024-02-01,discounted_cusum,2.6329982360864492,statistical_alert_not_verified_economic_event
670,2024-08-01,discounted_cusum,2.517976518383083,statistical_alert_not_verified_economic_event
678,2024-01-01,discounted_cusum,3.218918003572266,statistical_alert_not_verified_economic_event
685,2024-01-01,discounted_cusum,3.4170263338299094,statistical_alert_not_verified_economic_event
685,2024-08-01,discounted_cusum,2.8635100101901987,statistical_alert_not_verified_economic_event
687,2024-01-01,discounted_cusum,2.5972046165369536,statistical_alert_not_verified_economic_event
694,2024-11-01,discounted_cusum,2.81691051424065,statistical_alert_not_verified_economic_event
698,2024-01-01,discounted_cusum,3.0071167209153744,statistical_alert_not_verified_economic_event
706,2024-01-01,discounted_cusum,2.83883093617416,statistical_alert_not_verified_economic_event
708,2024-02-01,discounted_cusum,3.2803693082018786,statistical_alert_not_verified_economic_event
715,2024-09-01,discounted_cusum,3.0342967624966697,statistical_alert_not_verified_economic_event
718,2024-07-01,discounted_cusum,2.51829301681125,statistical_alert_not_verified_economic_event
718,2024-10-01,discounted_cusum,3.943969213876586,statistical_alert_not_verified_economic_event
720,2024-07-01,discounted_cusum,2.5015395661377067,statistical_alert_not_verified_economic_event
720,2024-10-01,discounted_cusum,3.302930240400241,statistical_alert_not_verified_economic_event
721,2024-01-01,discounted_cusum,3.8215032515118246,statistical_alert_not_verified_economic_event
726,2024-07-01,discounted_cusum,2.8249945685641453,statistical_alert_not_verified_economic_event
726,2024-10-01,discounted_cusum,2.799702264594681,statistical_alert_not_verified_economic_event
742,2024-04-01,discounted_cusum,3.4322845170178677,statistical_alert_not_verified_economic_event
744,2024-01-01,discounted_cusum,2.638136157274242,statistical_alert_not_verified_economic_event
746,2024-01-01,discounted_cusum,2.733406886029734,statistical_alert_not_verified_economic_event
765,2024-01-01,discounted_cusum,3.3337897082100154,statistical_alert_not_verified_economic_event
770,2024-01-01,discounted_cusum,5.441808341462597,statistical_alert_not_verified_economic_event
770,2024-12-01,discounted_cusum,4.603301001540187,statistical_alert_not_verified_economic_event
771,2024-01-01,discounted_cusum,4.179504172172904,statistical_alert_not_verified_economic_event
773,2024-01-01,discounted_cusum,2.5859167668080127,statistical_alert_not_verified_economic_event
790,2024-12-01,discounted_cusum,3.3138886877141758,statistical_alert_not_verified_economic_event
792,2024-01-01,discounted_cusum,2.8342681632613127,statistical_alert_not_verified_economic_event
797,2024-09-01,discounted_cusum,2.9350142557603416,statistical_alert_not_verified_economic_event
799,2024-01-01,discounted_cusum,2.5099226814762408,statistical_alert_not_verified_economic_event
805,2024-12-01,discounted_cusum,2.7914175308056395,statistical_alert_not_verified_economic_event
811,2024-02-01,discounted_cusum,2.697521980913888,statistical_alert_not_verified_economic_event
813,2024-03-01,discounted_cusum,2.654642153122714,statistical_alert_not_verified_economic_event
819,2024-02-01,discounted_cusum,2.8925777532030112,statistical_alert_not_verified_economic_event
822,2024-07-01,discounted_cusum,2.5415208183859344,statistical_alert_not_verified_economic_event
829,2024-03-01,discounted_cusum,2.6785293906149907,statistical_alert_not_verified_economic_event
836,2024-08-01,discounted_cusum,3.4256235051213695,statistical_alert_not_verified_economic_event
848,2024-01-01,discounted_cusum,2.8512087800234154,statistical_alert_not_verified_economic_event
848,2024-10-01,discounted_cusum,3.1041911964391087,statistical_alert_not_verified_economic_event
849,2024-04-01,discounted_cusum,2.9398843181783665,statistical_alert_not_verified_economic_event
852,2024-01-01,discounted_cusum,4.556430228062088,statistical_alert_not_verified_economic_event
854,2024-07-01,discounted_cusum,2.887990214693649,statistical_alert_not_verified_economic_event
859,2024-01-01,discounted_cusum,4.008669967668137,statistical_alert_not_verified_economic_event
859,2024-09-01,discounted_cusum,3.662941144584977,statistical_alert_not_verified_economic_event
859,2024-12-01,discounted_cusum,3.5514056227523225,statistical_alert_not_verified_economic_event
871,2024-12-01,discounted_cusum,2.977899724325282,statistical_alert_not_verified_economic_event
876,2024-12-01,discounted_cusum,3.0109666345135926,statistical_alert_not_verified_economic_event
877,2024-01-01,discounted_cusum,3.194661616863657,statistical_alert_not_verified_economic_event
877,2024-07-01,discounted_cusum,2.809805052301677,statistical_alert_not_verified_economic_event
878,2024-11-01,discounted_cusum,3.318855101455554,statistical_alert_not_verified_economic_event
884,2024-02-01,discounted_cusum,2.635442884283417,statistical_alert_not_verified_economic_event
889,2024-12-01,discounted_cusum,2.7969916892267173,statistical_alert_not_verified_economic_event
891,2024-11-01,discounted_cusum,4.511457703283481,statistical_alert_not_verified_economic_event
903,2024-08-01,discounted_cusum,2.5199999346300577,statistical_alert_not_verified_economic_event
904,2024-02-01,discounted_cusum,3.0951507171406116,statistical_alert_not_verified_economic_event
905,2024-05-01,discounted_cusum,2.57477077438394,statistical_alert_not_verified_economic_event
912,2024-01-01,discounted_cusum,2.896124310300627,statistical_alert_not_verified_economic_event
913,2024-08-01,discounted_cusum,2.9343718599546573,statistical_alert_not_verified_economic_event
916,2024-09-01,discounted_cusum,3.1803537091235476,statistical_alert_not_verified_economic_event
917,2024-07-01,discounted_cusum,2.773156274396804,statistical_alert_not_verified_economic_event
920,2024-01-01,discounted_cusum,2.788451640204902,statistical_alert_not_verified_economic_event
930,2024-07-01,discounted_cusum,2.87167793335506,statistical_alert_not_verified_economic_event
930,2024-11-01,discounted_cusum,2.8661846014859274,statistical_alert_not_verified_economic_event
1014,2024-01-01,discounted_cusum,2.7657427294591,statistical_alert_not_verified_economic_event
1015,2024-09-01,discounted_cusum,2.5253230044031945,statistical_alert_not_verified_economic_event
1016,2024-04-01,discounted_cusum,4.064328776140284,statistical_alert_not_verified_economic_event
1021,2024-09-01,discounted_cusum,2.7430100438128364,statistical_alert_not_verified_economic_event
1025,2024-08-01,discounted_cusum,3.048616344961067,statistical_alert_not_verified_economic_event
1028,2024-10-01,discounted_cusum,2.5535952291247446,statistical_alert_not_verified_economic_event
1033,2024-04-01,discounted_cusum,2.672785558678972,statistical_alert_not_verified_economic_event
1036,2024-01-01,discounted_cusum,2.5999451738121855,statistical_alert_not_verified_economic_event
1037,2024-09-01,discounted_cusum,2.511867520845832,statistical_alert_not_verified_economic_event
1040,2024-04-01,discounted_cusum,2.745611930063374,statistical_alert_not_verified_economic_event
1051,2024-01-01,discounted_cusum,2.5778548229621534,statistical_alert_not_verified_economic_event
1052,2024-03-01,discounted_cusum,3.064417079516222,statistical_alert_not_verified_economic_event
1055,2024-05-01,discounted_cusum,2.5063555747258217,statistical_alert_not_verified_economic_event
1057,2024-01-01,discounted_cusum,2.737767591851579,statistical_alert_not_verified_economic_event
1062,2024-10-01,discounted_cusum,2.6755526455692955,statistical_alert_not_verified_economic_event
1064,2024-01-01,discounted_cusum,2.773037206926517,statistical_alert_not_verified_economic_event
1064,2024-05-01,discounted_cusum,2.8982570567826134,statistical_alert_not_verified_economic_event
1068,2024-08-01,discounted_cusum,2.80584724053461,statistical_alert_not_verified_economic_event
1069,2024-01-01,discounted_cusum,2.7283642337376968,statistical_alert_not_verified_economic_event
1113,2024-06-01,discounted_cusum,3.7334267674232455,statistical_alert_not_verified_economic_event
1115,2024-01-01,discounted_cusum,2.5894709101805002,statistical_alert_not_verified_economic_event
1117,2024-01-01,discounted_cusum,2.491389777093093,statistical_alert_not_verified_economic_event
1117,2024-11-01,discounted_cusum,2.782873274066356,statistical_alert_not_verified_economic_event
1118,2024-02-01,discounted_cusum,3.0779597242475782,statistical_alert_not_verified_economic_event
1118,2024-08-01,discounted_cusum,2.8115751408261365,statistical_alert_not_verified_economic_event
1118,2024-12-01,discounted_cusum,3.7400466373213144,statistical_alert_not_verified_economic_event
1121,2024-01-01,discounted_cusum,3.000624338709278,statistical_alert_not_verified_economic_event
1124,2024-08-01,discounted_cusum,2.6102117408889214,statistical_alert_not_verified_economic_event
1129,2024-01-01,discounted_cusum,2.573944416359526,statistical_alert_not_verified_economic_event
1130,2024-11-01,discounted_cusum,2.505233139919188,statistical_alert_not_verified_economic_event
1139,2024-01-01,discounted_cusum,3.0705501491234624,statistical_alert_not_verified_economic_event
1143,2024-02-01,discounted_cusum,3.064594436970987,statistical_alert_not_verified_economic_event
1144,2024-01-01,discounted_cusum,4.711743771228878,statistical_alert_not_verified_economic_event
1144,2024-04-01,discounted_cusum,3.3023250053760536,statistical_alert_not_verified_economic_event
1146,2024-02-01,discounted_cusum,2.774990570396141,statistical_alert_not_verified_economic_event
1152,2024-09-01,discounted_cusum,2.6721538325430982,statistical_alert_not_verified_economic_event
1153,2024-01-01,discounted_cusum,3.0485065624955463,statistical_alert_not_verified_economic_event
1158,2024-01-01,discounted_cusum,2.840730479792224,statistical_alert_not_verified_economic_event
1159,2024-11-01,discounted_cusum,3.755772706780495,statistical_alert_not_verified_economic_event
1161,2024-09-01,discounted_cusum,2.847824165153961,statistical_alert_not_verified_economic_event
1166,2024-01-01,discounted_cusum,2.812978849283856,statistical_alert_not_verified_economic_event
1169,2024-02-01,discounted_cusum,2.8265962888905465,statistical_alert_not_verified_economic_event
1170,2024-12-01,discounted_cusum,2.8271602937895914,statistical_alert_not_verified_economic_event
1172,2024-01-01,discounted_cusum,3.0630594114992764,statistical_alert_not_verified_economic_event
1174,2024-01-01,discounted_cusum,2.9052577424996526,statistical_alert_not_verified_economic_event
1179,2024-02-01,discounted_cusum,2.913942080403561,statistical_alert_not_verified_economic_event
1179,2024-07-01,discounted_cusum,2.5881154473732635,statistical_alert_not_verified_economic_event
1179,2024-10-01,discounted_cusum,5.242704616220299,statistical_alert_not_verified_economic_event
1181,2024-01-01,discounted_cusum,2.5798635741295572,statistical_alert_not_verified_economic_event
1184,2024-03-01,discounted_cusum,4.264264085082124,statistical_alert_not_verified_economic_event
1190,2024-02-01,discounted_cusum,3.214024115416941,statistical_alert_not_verified_economic_event
1194,2024-05-01,discounted_cusum,3.2444367488374217,statistical_alert_not_verified_economic_event
1200,2024-01-01,discounted_cusum,3.8507355227623297,statistical_alert_not_verified_economic_event
1201,2024-11-01,discounted_cusum,2.5753256986148485,statistical_alert_not_verified_economic_event
1203,2024-01-01,discounted_cusum,3.6869509756239873,statistical_alert_not_verified_economic_event
1210,2024-07-01,discounted_cusum,2.8354434624292923,statistical_alert_not_verified_economic_event
1212,2024-02-01,discounted_cusum,2.946303071945268,statistical_alert_not_verified_economic_event
1214,2024-01-01,discounted_cusum,4.745023083175073,statistical_alert_not_verified_economic_event
1214,2024-06-01,discounted_cusum,3.5278615476389064,statistical_alert_not_verified_economic_event
1218,2024-01-01,discounted_cusum,3.1263528125211004,statistical_alert_not_verified_economic_event
1220,2024-06-01,discounted_cusum,3.8915680196539473,statistical_alert_not_verified_economic_event
1222,2024-11-01,discounted_cusum,4.915996376429631,statistical_alert_not_verified_economic_event
1227,2024-01-01,discounted_cusum,3.1218127702041127,statistical_alert_not_verified_economic_event
1228,2024-01-01,discounted_cusum,2.8411439436622956,statistical_alert_not_verified_economic_event
1234,2024-01-01,discounted_cusum,3.166508892204324,statistical_alert_not_verified_economic_event
1235,2024-01-01,discounted_cusum,3.422642916600155,statistical_alert_not_verified_economic_event
1235,2024-04-01,discounted_cusum,3.3338559414370987,statistical_alert_not_verified_economic_event
1249,2024-06-01,discounted_cusum,2.7218464664757867,statistical_alert_not_verified_economic_event
1260,2024-01-01,discounted_cusum,3.918246474002494,statistical_alert_not_verified_economic_event
1261,2024-01-01,discounted_cusum,3.1456715615192605,statistical_alert_not_verified_economic_event
1265,2024-11-01,discounted_cusum,3.3626872371471626,statistical_alert_not_verified_economic_event
1267,2024-02-01,discounted_cusum,3.1162839469219663,statistical_alert_not_verified_economic_event
1268,2024-01-01,discounted_cusum,2.6739316620629707,statistical_alert_not_verified_economic_event
1269,2024-02-01,discounted_cusum,2.825787180958954,statistical_alert_not_verified_economic_event
1269,2024-10-01,discounted_cusum,2.745114408807419,statistical_alert_not_verified_economic_event
1270,2024-01-01,discounted_cusum,2.8133793110006824,statistical_alert_not_verified_economic_event
1271,2024-09-01,discounted_cusum,2.7447433150776948,statistical_alert_not_verified_economic_event
1277,2024-01-01,discounted_cusum,3.105003966742386,statistical_alert_not_verified_economic_event
1278,2024-09-01,discounted_cusum,2.569212833731547,statistical_alert_not_verified_economic_event
1282,2024-08-01,discounted_cusum,2.6436250447226155,statistical_alert_not_verified_economic_event
1285,2024-01-01,discounted_cusum,3.4235595393220364,statistical_alert_not_verified_economic_event
1288,2024-01-01,discounted_cusum,2.920622470139624,statistical_alert_not_verified_economic_event
1289,2024-02-01,discounted_cusum,2.7716985964577945,statistical_alert_not_verified_economic_event
1290,2024-04-01,discounted_cusum,2.6797953394195115,statistical_alert_not_verified_economic_event
1291,2024-01-01,discounted_cusum,4.255822332684594,statistical_alert_not_verified_economic_event
1291,2024-04-01,discounted_cusum,3.324668944068211,statistical_alert_not_verified_economic_event
1301,2024-08-01,discounted_cusum,4.200866279469694,statistical_alert_not_verified_economic_event
1305,2024-01-01,discounted_cusum,4.304205436004437,statistical_alert_not_verified_economic_event
1305,2024-06-01,discounted_cusum,5.269093693386966,statistical_alert_not_verified_economic_event
1305,2024-09-01,discounted_cusum,2.8762124646679585,statistical_alert_not_verified_economic_event
1305,2024-12-01,discounted_cusum,2.942842390399381,statistical_alert_not_verified_economic_event
1314,2024-04-01,discounted_cusum,3.4273566925042855,statistical_alert_not_verified_economic_event
1316,2024-11-01,discounted_cusum,3.128138221476339,statistical_alert_not_verified_economic_event
1317,2024-01-01,discounted_cusum,4.5900847457825344,statistical_alert_not_verified_economic_event
1319,2024-04-01,discounted_cusum,2.7445401230963196,statistical_alert_not_verified_economic_event
1324,2024-01-01,discounted_cusum,2.5611032824643027,statistical_alert_not_verified_economic_event
1325,2024-04-01,discounted_cusum,2.5987136846367442,statistical_alert_not_verified_economic_event
1326,2024-09-01,discounted_cusum,2.4945571193772937,statistical_alert_not_verified_economic_event
1326,2024-12-01,discounted_cusum,2.5589407440151493,statistical_alert_not_verified_economic_event
1328,2024-04-01,discounted_cusum,2.698571930509091,statistical_alert_not_verified_economic_event
1329,2024-09-01,discounted_cusum,2.7348669099149667,statistical_alert_not_verified_economic_event
1329,2024-12-01,discounted_cusum,3.8010165389930073,statistical_alert_not_verified_economic_event
1336,2024-01-01,discounted_cusum,3.3854720634416626,statistical_alert_not_verified_economic_event
1337,2024-03-01,discounted_cusum,2.766442960742856,statistical_alert_not_verified_economic_event
1339,2024-02-01,discounted_cusum,2.5230111782668194,statistical_alert_not_verified_economic_event
1339,2024-09-01,discounted_cusum,3.4207590507161205,statistical_alert_not_verified_economic_event
1347,2024-02-01,discounted_cusum,2.53067896517689,statistical_alert_not_verified_economic_event
1348,2024-09-01,discounted_cusum,2.4990104556218453,statistical_alert_not_verified_economic_event
1348,2024-12-01,discounted_cusum,4.116604746930112,statistical_alert_not_verified_economic_event
1351,2024-08-01,discounted_cusum,2.6661860626791176,statistical_alert_not_verified_economic_event
1351,2024-11-01,discounted_cusum,2.6520677599543094,statistical_alert_not_verified_economic_event
1392,2024-01-01,discounted_cusum,3.441561871678145,statistical_alert_not_verified_economic_event
1410,2024-01-01,discounted_cusum,4.1461231524318345,statistical_alert_not_verified_economic_event
1411,2024-01-01,discounted_cusum,5.078582829751178,statistical_alert_not_verified_economic_event
1414,2024-01-01,discounted_cusum,2.715890513625943,statistical_alert_not_verified_economic_event
1417,2024-01-01,discounted_cusum,3.4640221858281053,statistical_alert_not_verified_economic_event
1419,2024-01-01,discounted_cusum,3.095812369211001,statistical_alert_not_verified_economic_event
1422,2024-01-01,discounted_cusum,2.609007307564267,statistical_alert_not_verified_economic_event
1423,2024-01-01,discounted_cusum,4.170786883654144,statistical_alert_not_verified_economic_event
1425,2024-04-01,discounted_cusum,3.91069829378001,statistical_alert_not_verified_economic_event
1425,2024-08-01,discounted_cusum,2.708311632338256,statistical_alert_not_verified_economic_event
1431,2024-02-01,discounted_cusum,3.736405467501351,statistical_alert_not_verified_economic_event
1483,2024-02-01,discounted_cusum,2.6869646097347943,statistical_alert_not_verified_economic_event
1508,2024-01-01,discounted_cusum,4.40296113275757,statistical_alert_not_verified_economic_event
1508,2024-04-01,discounted_cusum,2.6117022027769354,statistical_alert_not_verified_economic_event
1512,2024-01-01,discounted_cusum,3.257924458765419,statistical_alert_not_verified_economic_event
1512,2024-04-01,discounted_cusum,4.169510539936105,statistical_alert_not_verified_economic_event
1519,2024-01-01,discounted_cusum,2.8967063238921984,statistical_alert_not_verified_economic_event
1542,2024-07-01,discounted_cusum,2.9417578244774596,statistical_alert_not_verified_economic_event
1545,2024-05-01,discounted_cusum,2.85731290975162,statistical_alert_not_verified_economic_event
1546,2024-07-01,discounted_cusum,2.8006876774244454,statistical_alert_not_verified_economic_event
1574,2024-08-01,discounted_cusum,2.749990751855936,statistical_alert_not_verified_economic_event
1579,2024-12-01,discounted_cusum,2.8548020483464427,statistical_alert_not_verified_economic_event
1581,2024-01-01,discounted_cusum,2.6800567449421946,statistical_alert_not_verified_economic_event
1584,2024-03-01,discounted_cusum,3.1319381231979007,statistical_alert_not_verified_economic_event
1590,2024-09-01,discounted_cusum,3.3565654837139407,statistical_alert_not_verified_economic_event
1593,2024-11-01,discounted_cusum,3.153309063593282,statistical_alert_not_verified_economic_event
1596,2024-08-01,discounted_cusum,3.270369246366145,statistical_alert_not_verified_economic_event
1601,2024-12-01,discounted_cusum,3.1564206965726487,statistical_alert_not_verified_economic_event
1608,2024-01-01,discounted_cusum,3.028777335994076,statistical_alert_not_verified_economic_event
1619,2024-03-01,discounted_cusum,2.6812818830140426,statistical_alert_not_verified_economic_event
1627,2024-01-01,discounted_cusum,2.710978976160825,statistical_alert_not_verified_economic_event
1630,2024-09-01,discounted_cusum,2.963634780920712,statistical_alert_not_verified_economic_event
1648,2024-09-01,discounted_cusum,2.727420390054432,statistical_alert_not_verified_economic_event
1649,2024-01-01,discounted_cusum,6.377498650468906,statistical_alert_not_verified_economic_event
1649,2024-04-01,discounted_cusum,3.3934306303597275,statistical_alert_not_verified_economic_event
1651,2024-01-01,discounted_cusum,3.6830428207157837,statistical_alert_not_verified_economic_event
1653,2024-09-01,discounted_cusum,2.6532692290763213,statistical_alert_not_verified_economic_event
1654,2024-09-01,discounted_cusum,2.5744320041464444,statistical_alert_not_verified_economic_event
1657,2024-03-01,discounted_cusum,4.137269148118129,statistical_alert_not_verified_economic_event
1657,2024-09-01,discounted_cusum,3.1293791383674847,statistical_alert_not_verified_economic_event
1664,2024-03-01,discounted_cusum,3.1866110100852216,statistical_alert_not_verified_economic_event
1664,2024-10-01,discounted_cusum,3.3372798247040865,statistical_alert_not_verified_economic_event
1666,2024-01-01,discounted_cusum,3.1855827929602887,statistical_alert_not_verified_economic_event
1669,2024-01-01,discounted_cusum,2.629323575960529,statistical_alert_not_verified_economic_event
1671,2024-01-01,discounted_cusum,3.888849219296577,statistical_alert_not_verified_economic_event
1674,2024-03-01,discounted_cusum,2.864964614616421,statistical_alert_not_verified_economic_event
1674,2024-08-01,discounted_cusum,2.883586593040422,statistical_alert_not_verified_economic_event
1680,2024-06-01,discounted_cusum,2.8252815287171034,statistical_alert_not_verified_economic_event
1681,2024-05-01,discounted_cusum,2.9758248498184967,statistical_alert_not_verified_economic_event
1681,2024-08-01,discounted_cusum,3.0029468089203633,statistical_alert_not_verified_economic_event
1686,2024-01-01,discounted_cusum,3.7437802750384384,statistical_alert_not_verified_economic_event
1686,2024-08-01,discounted_cusum,2.588883297028575,statistical_alert_not_verified_economic_event
1687,2024-11-01,discounted_cusum,2.697196141668247,statistical_alert_not_verified_economic_event
1693,2024-01-01,discounted_cusum,2.554393699174802,statistical_alert_not_verified_economic_event
1693,2024-09-01,discounted_cusum,2.7665659810728775,statistical_alert_not_verified_economic_event
1694,2024-10-01,discounted_cusum,2.570759050390391,statistical_alert_not_verified_economic_event
1702,2024-03-01,discounted_cusum,3.0687397760358155,statistical_alert_not_verified_economic_event
1702,2024-07-01,discounted_cusum,3.5664427018883265,statistical_alert_not_verified_economic_event
1705,2024-07-01,discounted_cusum,2.562089690682706,statistical_alert_not_verified_economic_event
1710,2024-09-01,discounted_cusum,2.849941118850305,statistical_alert_not_verified_economic_event
1714,2024-03-01,discounted_cusum,3.6738917675165643,statistical_alert_not_verified_economic_event
1714,2024-10-01,discounted_cusum,2.574234851602724,statistical_alert_not_verified_economic_event
1715,2024-02-01,discounted_cusum,2.591294991508094,statistical_alert_not_verified_economic_event
1715,2024-06-01,discounted_cusum,3.0655248318497765,statistical_alert_not_verified_economic_event
1719,2024-11-01,discounted_cusum,3.431909636586529,statistical_alert_not_verified_economic_event
1722,2024-03-01,discounted_cusum,2.6315417225207205,statistical_alert_not_verified_economic_event
1724,2024-03-01,discounted_cusum,3.4208936982006577,statistical_alert_not_verified_economic_event
1725,2024-12-01,discounted_cusum,3.493291635384134,statistical_alert_not_verified_economic_event
1728,2024-01-01,discounted_cusum,3.267927977412765,statistical_alert_not_verified_economic_event
1730,2024-01-01,discounted_cusum,2.5153217372992054,statistical_alert_not_verified_economic_event
1730,2024-04-01,discounted_cusum,3.152494319284578,statistical_alert_not_verified_economic_event
1730,2024-10-01,discounted_cusum,4.167656996566265,statistical_alert_not_verified_economic_event
1732,2024-01-01,discounted_cusum,2.6496705268546186,statistical_alert_not_verified_economic_event
1732,2024-04-01,discounted_cusum,3.440037691990673,statistical_alert_not_verified_economic_event
1732,2024-08-01,discounted_cusum,3.7017416859935066,statistical_alert_not_verified_economic_event
1739,2024-10-01,discounted_cusum,3.4894071095894255,statistical_alert_not_verified_economic_event
1741,2024-05-01,discounted_cusum,3.130297110911746,statistical_alert_not_verified_economic_event
1755,2024-11-01,discounted_cusum,3.460613554060287,statistical_alert_not_verified_economic_event
1757,2024-02-01,discounted_cusum,2.551995177416032,statistical_alert_not_verified_economic_event
1757,2024-06-01,discounted_cusum,2.600278794162391,statistical_alert_not_verified_economic_event
1757,2024-11-01,discounted_cusum,2.7295421429323614,statistical_alert_not_verified_economic_event
1760,2024-09-01,discounted_cusum,2.7236204390622643,statistical_alert_not_verified_economic_event
1761,2024-06-01,discounted_cusum,2.8288805437609406,statistical_alert_not_verified_economic_event
1769,2024-10-01,discounted_cusum,2.766703243845606,statistical_alert_not_verified_economic_event
1770,2024-01-01,discounted_cusum,3.150598716026243,statistical_alert_not_verified_economic_event
1770,2024-05-01,discounted_cusum,2.5665081361446087,statistical_alert_not_verified_economic_event
1771,2024-06-01,discounted_cusum,2.7365512840955413,statistical_alert_not_verified_economic_event
1773,2024-01-01,discounted_cusum,2.499438216957821,statistical_alert_not_verified_economic_event
1774,2024-06-01,discounted_cusum,3.422067765754469,statistical_alert_not_verified_economic_event
1775,2024-06-01,discounted_cusum,2.4958975984910468,statistical_alert_not_verified_economic_event
1785,2024-08-01,discounted_cusum,2.823864483862584,statistical_alert_not_verified_economic_event
1788,2024-01-01,discounted_cusum,3.0242475528267163,statistical_alert_not_verified_economic_event
1788,2024-11-01,discounted_cusum,2.768424724249463,statistical_alert_not_verified_economic_event
1856,2024-09-01,discounted_cusum,2.541032462777044,statistical_alert_not_verified_economic_event
1857,2024-06-01,discounted_cusum,2.9848716498492633,statistical_alert_not_verified_economic_event
1857,2024-10-01,discounted_cusum,2.7781177783929953,statistical_alert_not_verified_economic_event
1858,2024-01-01,discounted_cusum,2.6504659841205607,statistical_alert_not_verified_economic_event
1858,2024-08-01,discounted_cusum,2.5655775291573373,statistical_alert_not_verified_economic_event
1861,2024-09-01,discounted_cusum,3.0213272394064132,statistical_alert_not_verified_economic_event
1868,2024-10-01,discounted_cusum,2.8596784881532886,statistical_alert_not_verified_economic_event
1869,2024-01-01,discounted_cusum,2.846552560211106,statistical_alert_not_verified_economic_event
1871,2024-01-01,discounted_cusum,3.366586193870504,statistical_alert_not_verified_economic_event
1871,2024-11-01,discounted_cusum,2.7409677116847306,statistical_alert_not_verified_economic_event
1872,2024-10-01,discounted_cusum,2.5096092560356733,statistical_alert_not_verified_economic_event
1873,2024-11-01,discounted_cusum,3.4847369424516805,statistical_alert_not_verified_economic_event
1884,2024-08-01,discounted_cusum,3.2383694655429887,statistical_alert_not_verified_economic_event
1888,2024-07-01,discounted_cusum,2.809663731995435,statistical_alert_not_verified_economic_event
1889,2024-11-01,discounted_cusum,2.6828029498661325,statistical_alert_not_verified_economic_event
1894,2024-12-01,discounted_cusum,2.75586076260073,statistical_alert_not_verified_economic_event
1896,2024-03-01,discounted_cusum,3.3118068145846067,statistical_alert_not_verified_economic_event
1897,2024-06-01,discounted_cusum,2.7166992714565215,statistical_alert_not_verified_economic_event
1904,2024-11-01,discounted_cusum,2.6031617930467332,statistical_alert_not_verified_economic_event
1908,2024-11-01,discounted_cusum,2.6165141859312575,statistical_alert_not_verified_economic_event
1912,2024-01-01,discounted_cusum,4.246543330338192,statistical_alert_not_verified_economic_event
1916,2024-01-01,discounted_cusum,2.7521833468256056,statistical_alert_not_verified_economic_event
1924,2024-03-01,discounted_cusum,2.796775051527008,statistical_alert_not_verified_economic_event
1932,2024-01-01,discounted_cusum,2.9256279202197613,statistical_alert_not_verified_economic_event
1932,2024-12-01,discounted_cusum,3.7663005159096032,statistical_alert_not_verified_economic_event
1933,2024-12-01,discounted_cusum,2.900265798773174,statistical_alert_not_verified_economic_event
1935,2024-01-01,discounted_cusum,3.0918632124270484,statistical_alert_not_verified_economic_event
1938,2024-12-01,discounted_cusum,3.3633231146726406,statistical_alert_not_verified_economic_event
1942,2024-05-01,discounted_cusum,2.9140090876579547,statistical_alert_not_verified_economic_event
1943,2024-01-01,discounted_cusum,4.704604728680858,statistical_alert_not_verified_economic_event
1947,2024-04-01,discounted_cusum,2.683629276953215,statistical_alert_not_verified_economic_event
1955,2024-02-01,discounted_cusum,2.7048124101390467,statistical_alert_not_verified_economic_event
1955,2024-05-01,discounted_cusum,4.417669014602193,statistical_alert_not_verified_economic_event
1955,2024-11-01,discounted_cusum,3.8365982413891677,statistical_alert_not_verified_economic_event
1956,2024-01-01,discounted_cusum,3.8281973529752102,statistical_alert_not_verified_economic_event
1956,2024-07-01,discounted_cusum,2.5185200018663645,statistical_alert_not_verified_economic_event
1958,2024-01-01,discounted_cusum,2.8330907285708027,statistical_alert_not_verified_economic_event
1959,2024-05-01,discounted_cusum,3.503690165774401,statistical_alert_not_verified_economic_event
1959,2024-10-01,discounted_cusum,4.466980878677483,statistical_alert_not_verified_economic_event
1962,2024-01-01,discounted_cusum,2.577455510188956,statistical_alert_not_verified_economic_event
1965,2024-09-01,discounted_cusum,2.6693160940605467,statistical_alert_not_verified_economic_event
1968,2024-01-01,discounted_cusum,3.5656302198144854,statistical_alert_not_verified_economic_event
1969,2024-02-01,discounted_cusum,2.4954253364653605,statistical_alert_not_verified_economic_event
1970,2024-01-01,discounted_cusum,5.540582902519474,statistical_alert_not_verified_economic_event
1970,2024-09-01,discounted_cusum,2.665854449779662,statistical_alert_not_verified_economic_event
1975,2024-12-01,discounted_cusum,3.4893127686022396,statistical_alert_not_verified_economic_event
1976,2024-01-01,discounted_cusum,3.46204658498516,statistical_alert_not_verified_economic_event
1990,2024-01-01,discounted_cusum,3.645995055062155,statistical_alert_not_verified_economic_event
1991,2024-01-01,discounted_cusum,4.794003354622096,statistical_alert_not_verified_economic_event
1994,2024-01-01,discounted_cusum,3.191607643348377,statistical_alert_not_verified_economic_event
1996,2024-01-01,discounted_cusum,3.6531956614794048,statistical_alert_not_verified_economic_event
2001,2024-01-01,discounted_cusum,4.099841618110876,statistical_alert_not_verified_economic_event
2001,2024-09-01,discounted_cusum,2.876252297165035,statistical_alert_not_verified_economic_event
2002,2024-02-01,discounted_cusum,2.6338487577443677,statistical_alert_not_verified_economic_event
2005,2024-01-01,discounted_cusum,2.9280365137626787,statistical_alert_not_verified_economic_event
2012,2024-12-01,discounted_cusum,2.908965736130766,statistical_alert_not_verified_economic_event
2015,2024-03-01,discounted_cusum,3.4732365865694277,statistical_alert_not_verified_economic_event
2018,2024-11-01,discounted_cusum,2.571333819951281,statistical_alert_not_verified_economic_event
2022,2024-01-01,discounted_cusum,3.8481518378845845,statistical_alert_not_verified_economic_event
2024,2024-01-01,discounted_cusum,2.776722967288965,statistical_alert_not_verified_economic_event
2025,2024-02-01,discounted_cusum,4.225285714362465,statistical_alert_not_verified_economic_event
2031,2024-01-01,discounted_cusum,3.593523784109137,statistical_alert_not_verified_economic_event
2037,2024-02-01,discounted_cusum,2.5547203977676034,statistical_alert_not_verified_economic_event
2046,2024-01-01,discounted_cusum,2.591703332510114,statistical_alert_not_verified_economic_event
2046,2024-10-01,discounted_cusum,3.0766167224088097,statistical_alert_not_verified_economic_event
2051,2024-01-01,discounted_cusum,4.544070499281508,statistical_alert_not_verified_economic_event
2052,2024-06-01,discounted_cusum,2.626220900126344,statistical_alert_not_verified_economic_event
2054,2024-09-01,discounted_cusum,3.9706239206647647,statistical_alert_not_verified_economic_event
2057,2024-06-01,discounted_cusum,4.361241087258254,statistical_alert_not_verified_economic_event
2061,2024-06-01,discounted_cusum,3.7198887444681805,statistical_alert_not_verified_economic_event
2065,2024-03-01,discounted_cusum,2.7463709464588324,statistical_alert_not_verified_economic_event
2072,2024-01-01,discounted_cusum,2.9980080406136818,statistical_alert_not_verified_economic_event
2077,2024-01-01,discounted_cusum,2.9754374078298462,statistical_alert_not_verified_economic_event
2078,2024-12-01,discounted_cusum,3.242690291885292,statistical_alert_not_verified_economic_event
2079,2024-10-01,discounted_cusum,6.534578772910148,statistical_alert_not_verified_economic_event
2081,2024-11-01,discounted_cusum,2.648629070158636,statistical_alert_not_verified_economic_event
2085,2024-02-01,discounted_cusum,2.8193920561468238,statistical_alert_not_verified_economic_event
2087,2024-01-01,discounted_cusum,3.0920490684494073,statistical_alert_not_verified_economic_event
2088,2024-04-01,discounted_cusum,3.209823336456187,statistical_alert_not_verified_economic_event
2098,2024-01-01,discounted_cusum,2.8680136270188084,statistical_alert_not_verified_economic_event
2109,2024-01-01,discounted_cusum,2.9308380373231033,statistical_alert_not_verified_economic_event
2116,2024-02-01,discounted_cusum,2.6242772814688653,statistical_alert_not_verified_economic_event
2134,2024-02-01,discounted_cusum,3.3406621686725413,statistical_alert_not_verified_economic_event
2145,2024-12-01,discounted_cusum,2.9084532933539533,statistical_alert_not_verified_economic_event
2146,2024-01-01,discounted_cusum,2.714568502123221,statistical_alert_not_verified_economic_event
2157,2024-11-01,discounted_cusum,3.0736198580707788,statistical_alert_not_verified_economic_event
2160,2024-09-01,discounted_cusum,2.5988571877739517,statistical_alert_not_verified_economic_event
2160,2024-12-01,discounted_cusum,3.536229994139595,statistical_alert_not_verified_economic_event
2171,2024-03-01,discounted_cusum,5.035239876041249,statistical_alert_not_verified_economic_event
2178,2024-03-01,discounted_cusum,2.713070308825794,statistical_alert_not_verified_economic_event
2184,2024-06-01,discounted_cusum,2.8291373061256166,statistical_alert_not_verified_economic_event
2185,2024-02-01,discounted_cusum,4.4435246853285255,statistical_alert_not_verified_economic_event
2196,2024-10-01,discounted_cusum,4.081521837907486,statistical_alert_not_verified_economic_event
2197,2024-10-01,discounted_cusum,3.431556736151524,statistical_alert_not_verified_economic_event
2207,2024-03-01,discounted_cusum,2.8820254753871257,statistical_alert_not_verified_economic_event
2213,2024-10-01,discounted_cusum,2.4968133422476746,statistical_alert_not_verified_economic_event
2218,2024-01-01,discounted_cusum,3.9407997784114492,statistical_alert_not_verified_economic_event
2223,2024-01-01,discounted_cusum,3.4989124630234016,statistical_alert_not_verified_economic_event
2224,2024-01-01,discounted_cusum,2.5934122027460322,statistical_alert_not_verified_economic_event
2225,2024-01-01,discounted_cusum,2.953527663343379,statistical_alert_not_verified_economic_event
2226,2024-01-01,discounted_cusum,2.862554520841669,statistical_alert_not_verified_economic_event
2229,2024-11-01,discounted_cusum,2.5950408832459155,statistical_alert_not_verified_economic_event
2230,2024-01-01,discounted_cusum,2.718874535961926,statistical_alert_not_verified_economic_event
2230,2024-11-01,discounted_cusum,2.813943920136785,statistical_alert_not_verified_economic_event
2234,2024-01-01,discounted_cusum,2.664834141138467,statistical_alert_not_verified_economic_event
2234,2024-07-01,discounted_cusum,2.989173559347458,statistical_alert_not_verified_economic_event
2236,2024-01-01,discounted_cusum,3.6263008783539474,statistical_alert_not_verified_economic_event
2238,2024-09-01,discounted_cusum,3.566864214388744,statistical_alert_not_verified_economic_event
2241,2024-09-01,discounted_cusum,2.702541976936917,statistical_alert_not_verified_economic_event
2242,2024-01-01,discounted_cusum,2.784492801557482,statistical_alert_not_verified_economic_event
2242,2024-04-01,discounted_cusum,2.9666016567214992,statistical_alert_not_verified_economic_event
2243,2024-02-01,discounted_cusum,2.5444799341847375,statistical_alert_not_verified_economic_event
2243,2024-10-01,discounted_cusum,2.8987862768319252,statistical_alert_not_verified_economic_event
2244,2024-01-01,discounted_cusum,3.2218943391634878,statistical_alert_not_verified_economic_event
2244,2024-06-01,discounted_cusum,4.566888133697727,statistical_alert_not_verified_economic_event
2245,2024-05-01,discounted_cusum,2.544808893672969,statistical_alert_not_verified_economic_event
2245,2024-10-01,discounted_cusum,3.4616004968102856,statistical_alert_not_verified_economic_event
2248,2024-09-01,discounted_cusum,4.4160172459317115,statistical_alert_not_verified_economic_event
2249,2024-01-01,discounted_cusum,3.4559493331340674,statistical_alert_not_verified_economic_event
2249,2024-07-01,discounted_cusum,2.867382537414886,statistical_alert_not_verified_economic_event
2250,2024-01-01,discounted_cusum,2.638076525410503,statistical_alert_not_verified_economic_event
2250,2024-09-01,discounted_cusum,4.740926660324545,statistical_alert_not_verified_economic_event
2253,2024-06-01,discounted_cusum,2.5128886549862193,statistical_alert_not_verified_economic_event
2254,2024-05-01,discounted_cusum,2.5294979912560946,statistical_alert_not_verified_economic_event
2268,2024-01-01,discounted_cusum,2.70111891136763,statistical_alert_not_verified_economic_event
2271,2024-01-01,discounted_cusum,2.6561403661130907,statistical_alert_not_verified_economic_event
2296,2024-01-01,discounted_cusum,2.7662005146859716,statistical_alert_not_verified_economic_event
2302,2024-01-01,discounted_cusum,4.844605452427142,statistical_alert_not_verified_economic_event
2307,2024-06-01,discounted_cusum,3.0955003575444784,statistical_alert_not_verified_economic_event
2309,2024-01-01,discounted_cusum,2.792744211037059,statistical_alert_not_verified_economic_event
2312,2024-02-01,discounted_cusum,2.6794492600781057,statistical_alert_not_verified_economic_event
2316,2024-09-01,discounted_cusum,3.164685299566143,statistical_alert_not_verified_economic_event
2317,2024-07-01,discounted_cusum,3.240746580774887,statistical_alert_not_verified_economic_event
2321,2024-03-01,discounted_cusum,2.6645616512994073,statistical_alert_not_verified_economic_event
2321,2024-10-01,discounted_cusum,2.499125514618318,statistical_alert_not_verified_economic_event
2322,2024-01-01,discounted_cusum,3.4928637985660087,statistical_alert_not_verified_economic_event
2325,2024-01-01,discounted_cusum,3.041964843834179,statistical_alert_not_verified_economic_event
2329,2024-01-01,discounted_cusum,2.8364325477017225,statistical_alert_not_verified_economic_event
2333,2024-02-01,discounted_cusum,2.618189542412766,statistical_alert_not_verified_economic_event
2334,2024-04-01,discounted_cusum,2.631283517993441,statistical_alert_not_verified_economic_event
2334,2024-09-01,discounted_cusum,3.220093377739312,statistical_alert_not_verified_economic_event
2335,2024-02-01,discounted_cusum,2.777046396696733,statistical_alert_not_verified_economic_event
2339,2024-01-01,discounted_cusum,2.517684936135484,statistical_alert_not_verified_economic_event
2342,2024-12-01,discounted_cusum,3.6208511649864557,statistical_alert_not_verified_economic_event
2344,2024-10-01,discounted_cusum,3.534524003506898,statistical_alert_not_verified_economic_event
2345,2024-07-01,discounted_cusum,3.2870637131892515,statistical_alert_not_verified_economic_event
2345,2024-10-01,discounted_cusum,2.8756404516006384,statistical_alert_not_verified_economic_event
2348,2024-06-01,discounted_cusum,2.7862541083286825,statistical_alert_not_verified_economic_event
2348,2024-11-01,discounted_cusum,3.24202272879604,statistical_alert_not_verified_economic_event
2349,2024-01-01,discounted_cusum,4.077048463414742,statistical_alert_not_verified_economic_event
2349,2024-10-01,discounted_cusum,3.214115217625663,statistical_alert_not_verified_economic_event
2351,2024-01-01,discounted_cusum,3.0612506783812075,statistical_alert_not_verified_economic_event
2358,2024-01-01,discounted_cusum,3.5034297997853594,statistical_alert_not_verified_economic_event
2360,2024-01-01,discounted_cusum,3.1208487304065304,statistical_alert_not_verified_economic_event
2365,2024-01-01,discounted_cusum,2.828248001875334,statistical_alert_not_verified_economic_event
2367,2024-01-01,discounted_cusum,2.546170995383106,statistical_alert_not_verified_economic_event
2382,2024-01-01,discounted_cusum,2.69179447315507,statistical_alert_not_verified_economic_event
2383,2024-01-01,discounted_cusum,2.715083338405578,statistical_alert_not_verified_economic_event
2385,2024-01-01,discounted_cusum,2.627423872868928,statistical_alert_not_verified_economic_event
2387,2024-01-01,discounted_cusum,2.5414677264990497,statistical_alert_not_verified_economic_event
2389,2024-01-01,discounted_cusum,2.6540143562036995,statistical_alert_not_verified_economic_event
2391,2024-01-01,discounted_cusum,2.5502963364309426,statistical_alert_not_verified_economic_event
2400,2024-01-01,discounted_cusum,2.7286016609139807,statistical_alert_not_verified_economic_event
2406,2024-01-01,discounted_cusum,2.52826938466511,statistical_alert_not_verified_economic_event
2424,2024-01-01,discounted_cusum,2.960637449955662,statistical_alert_not_verified_economic_event
2432,2024-01-01,discounted_cusum,2.8493072133656816,statistical_alert_not_verified_economic_event
2433,2024-01-01,discounted_cusum,2.6493544929682167,statistical_alert_not_verified_economic_event
2439,2024-01-01,discounted_cusum,3.145790945913824,statistical_alert_not_verified_economic_event
2441,2024-01-01,discounted_cusum,3.245933378778564,statistical_alert_not_verified_economic_event
2442,2024-01-01,discounted_cusum,3.1157832364983973,statistical_alert_not_verified_economic_event
2444,2024-01-01,discounted_cusum,3.627159644770779,statistical_alert_not_verified_economic_event
2451,2024-01-01,discounted_cusum,2.559162733991683,statistical_alert_not_verified_economic_event
2456,2024-01-01,discounted_cusum,4.995589640180847,statistical_alert_not_verified_economic_event
2457,2024-01-01,discounted_cusum,3.6268243101669118,statistical_alert_not_verified_economic_event
2458,2024-01-01,discounted_cusum,3.1737187369182474,statistical_alert_not_verified_economic_event
2459,2024-01-01,discounted_cusum,3.3894741941576942,statistical_alert_not_verified_economic_event
2461,2024-01-01,discounted_cusum,3.0582379198291054,statistical_alert_not_verified_economic_event
2479,2024-01-01,discounted_cusum,2.7579117658313366,statistical_alert_not_verified_economic_event
2522,2024-02-01,discounted_cusum,2.5188646805701658,statistical_alert_not_verified_economic_event
2593,2024-02-01,discounted_cusum,2.6768849189885335,statistical_alert_not_verified_economic_event
2593,2024-05-01,discounted_cusum,2.6951146184368118,statistical_alert_not_verified_economic_event
2600,2024-02-01,discounted_cusum,2.914702449977907,statistical_alert_not_verified_economic_event
2607,2024-04-01,discounted_cusum,2.647707319565535,statistical_alert_not_verified_economic_event
2876,2024-02-01,discounted_cusum,2.8172130410258367,statistical_alert_not_verified_economic_event
2879,2024-03-01,discounted_cusum,2.737382123204209,statistical_alert_not_verified_economic_event
2879,2024-10-01,discounted_cusum,3.4856165728267747,statistical_alert_not_verified_economic_event
2880,2024-09-01,discounted_cusum,2.504399896346998,statistical_alert_not_verified_economic_event
2882,2024-09-01,discounted_cusum,3.547939906702423,statistical_alert_not_verified_economic_event
2885,2024-01-01,discounted_cusum,3.8641738467419797,statistical_alert_not_verified_economic_event
3007,2024-01-01,discounted_cusum,2.5756635262083996,statistical_alert_not_verified_economic_event
2,2024-05-01,window_glr,3.8884393173710388,statistical_alert_not_verified_economic_event
6,2024-08-01,window_glr,3.1363793207915416,statistical_alert_not_verified_economic_event
9,2024-02-01,window_glr,3.5649415660635735,statistical_alert_not_verified_economic_event
11,2024-05-01,window_glr,4.082408080898049,statistical_alert_not_verified_economic_event
11,2024-12-01,window_glr,3.602773513129241,statistical_alert_not_verified_economic_event
13,2024-01-01,window_glr,6.692030980647938,statistical_alert_not_verified_economic_event
13,2024-04-01,window_glr,5.839546076949148,statistical_alert_not_verified_economic_event
13,2024-11-01,window_glr,3.6790511748005725,statistical_alert_not_verified_economic_event
14,2024-11-01,window_glr,3.10691652013743,statistical_alert_not_verified_economic_event
15,2024-05-01,window_glr,3.337927765556947,statistical_alert_not_verified_economic_event
15,2024-11-01,window_glr,4.835592796574829,statistical_alert_not_verified_economic_event
16,2024-01-01,window_glr,3.7897667424155057,statistical_alert_not_verified_economic_event
17,2024-01-01,window_glr,4.3908363091481535,statistical_alert_not_verified_economic_event
18,2024-05-01,window_glr,3.2009188268785143,statistical_alert_not_verified_economic_event
18,2024-10-01,window_glr,3.13264515849502,statistical_alert_not_verified_economic_event
20,2024-01-01,window_glr,4.09501664635392,statistical_alert_not_verified_economic_event
20,2024-04-01,window_glr,3.356600918230688,statistical_alert_not_verified_economic_event
20,2024-07-01,window_glr,3.231397376337898,statistical_alert_not_verified_economic_event
20,2024-10-01,window_glr,4.199095394774424,statistical_alert_not_verified_economic_event
22,2024-09-01,window_glr,3.3114729995870724,statistical_alert_not_verified_economic_event
32,2024-01-01,window_glr,5.196579075667054,statistical_alert_not_verified_economic_event
32,2024-06-01,window_glr,3.411555565483748,statistical_alert_not_verified_economic_event
34,2024-01-01,window_glr,5.747407997294581,statistical_alert_not_verified_economic_event
34,2024-04-01,window_glr,4.994828291138349,statistical_alert_not_verified_economic_event
34,2024-10-01,window_glr,3.0772214706000782,statistical_alert_not_verified_economic_event
47,2024-07-01,window_glr,3.8280846534407758,statistical_alert_not_verified_economic_event
48,2024-03-01,window_glr,3.403825225894154,statistical_alert_not_verified_economic_event
52,2024-01-01,window_glr,3.0847015580064294,statistical_alert_not_verified_economic_event
53,2024-05-01,window_glr,3.650238297379237,statistical_alert_not_verified_economic_event
56,2024-01-01,window_glr,3.329648129971627,statistical_alert_not_verified_economic_event
61,2024-03-01,window_glr,3.5687397629854427,statistical_alert_not_verified_economic_event
62,2024-12-01,window_glr,3.4803338771221224,statistical_alert_not_verified_economic_event
65,2024-07-01,window_glr,3.0851659536988905,statistical_alert_not_verified_economic_event
68,2024-01-01,window_glr,4.911089982956673,statistical_alert_not_verified_economic_event
69,2024-01-01,window_glr,3.4271710852034136,statistical_alert_not_verified_economic_event
72,2024-01-01,window_glr,3.6054509251805325,statistical_alert_not_verified_economic_event
74,2024-03-01,window_glr,3.4816842814652342,statistical_alert_not_verified_economic_event
74,2024-09-01,window_glr,3.1451964249233493,statistical_alert_not_verified_economic_event
78,2024-08-01,window_glr,3.4506970011609837,statistical_alert_not_verified_economic_event
78,2024-12-01,window_glr,3.282561010017362,statistical_alert_not_verified_economic_event
82,2024-03-01,window_glr,3.321048014137217,statistical_alert_not_verified_economic_event
83,2024-01-01,window_glr,4.285043913355532,statistical_alert_not_verified_economic_event
167,2024-01-01,window_glr,3.122598769756122,statistical_alert_not_verified_economic_event
168,2024-02-01,window_glr,3.9488351043164482,statistical_alert_not_verified_economic_event
169,2024-01-01,window_glr,3.2899096303888253,statistical_alert_not_verified_economic_event
181,2024-12-01,window_glr,3.147986891341176,statistical_alert_not_verified_economic_event
185,2024-11-01,window_glr,3.055932453351107,statistical_alert_not_verified_economic_event
188,2024-03-01,window_glr,3.055532114765693,statistical_alert_not_verified_economic_event
188,2024-11-01,window_glr,4.0172975942232325,statistical_alert_not_verified_economic_event
191,2024-06-01,window_glr,4.2042996407293485,statistical_alert_not_verified_economic_event
195,2024-05-01,window_glr,4.136592983568776,statistical_alert_not_verified_economic_event
196,2024-02-01,window_glr,3.1865632150719114,statistical_alert_not_verified_economic_event
196,2024-08-01,window_glr,3.801602582238542,statistical_alert_not_verified_economic_event
201,2024-01-01,window_glr,3.579912571522256,statistical_alert_not_verified_economic_event
203,2024-03-01,window_glr,4.310718791733016,statistical_alert_not_verified_economic_event
203,2024-08-01,window_glr,3.656586727462737,statistical_alert_not_verified_economic_event
207,2024-02-01,window_glr,3.617664463948026,statistical_alert_not_verified_economic_event
215,2024-10-01,window_glr,3.607926003032191,statistical_alert_not_verified_economic_event
218,2024-02-01,window_glr,3.6244112038603133,statistical_alert_not_verified_economic_event
218,2024-09-01,window_glr,4.39586371406668,statistical_alert_not_verified_economic_event
219,2024-05-01,window_glr,4.18318727086609,statistical_alert_not_verified_economic_event
220,2024-09-01,window_glr,3.422954116257859,statistical_alert_not_verified_economic_event
224,2024-03-01,window_glr,3.1402901614819743,statistical_alert_not_verified_economic_event
225,2024-03-01,window_glr,4.42301856093446,statistical_alert_not_verified_economic_event
227,2024-03-01,window_glr,3.0431657233600844,statistical_alert_not_verified_economic_event
228,2024-03-01,window_glr,3.8024004934853473,statistical_alert_not_verified_economic_event
228,2024-10-01,window_glr,3.583533288443151,statistical_alert_not_verified_economic_event
229,2024-03-01,window_glr,3.2626050444805443,statistical_alert_not_verified_economic_event
230,2024-02-01,window_glr,4.302602029328597,statistical_alert_not_verified_economic_event
230,2024-06-01,window_glr,3.3076145790522826,statistical_alert_not_verified_economic_event
230,2024-09-01,window_glr,4.0978453610253585,statistical_alert_not_verified_economic_event
230,2024-12-01,window_glr,3.5953357890566755,statistical_alert_not_verified_economic_event
232,2024-04-01,window_glr,3.134423871595881,statistical_alert_not_verified_economic_event
235,2024-01-01,window_glr,3.6678089476290814,statistical_alert_not_verified_economic_event
236,2024-01-01,window_glr,3.1194021671401293,statistical_alert_not_verified_economic_event
237,2024-02-01,window_glr,5.267202912313019,statistical_alert_not_verified_economic_event
237,2024-11-01,window_glr,3.8582010102942905,statistical_alert_not_verified_economic_event
238,2024-09-01,window_glr,3.5607305374047655,statistical_alert_not_verified_economic_event
239,2024-11-01,window_glr,3.1528980016758146,statistical_alert_not_verified_economic_event
240,2024-03-01,window_glr,3.8936197902878,statistical_alert_not_verified_economic_event
240,2024-10-01,window_glr,3.3415317328955694,statistical_alert_not_verified_economic_event
241,2024-02-01,window_glr,3.3172014881574365,statistical_alert_not_verified_economic_event
243,2024-05-01,window_glr,6.593924207653249,statistical_alert_not_verified_economic_event
272,2024-01-01,window_glr,4.102656479662713,statistical_alert_not_verified_economic_event
275,2024-07-01,window_glr,3.1740489780220305,statistical_alert_not_verified_economic_event
275,2024-10-01,window_glr,3.5984338583559774,statistical_alert_not_verified_economic_event
281,2024-01-01,window_glr,3.125653453664336,statistical_alert_not_verified_economic_event
292,2024-01-01,window_glr,3.8909076297818275,statistical_alert_not_verified_economic_event
297,2024-10-01,window_glr,3.1471820470074063,statistical_alert_not_verified_economic_event
302,2024-12-01,window_glr,3.9637176203103723,statistical_alert_not_verified_economic_event
304,2024-04-01,window_glr,3.5853160206238033,statistical_alert_not_verified_economic_event
306,2024-01-01,window_glr,3.3797246886478924,statistical_alert_not_verified_economic_event
308,2024-04-01,window_glr,3.2671813726530163,statistical_alert_not_verified_economic_event
316,2024-07-01,window_glr,3.236648025654405,statistical_alert_not_verified_economic_event
316,2024-11-01,window_glr,4.150982065181868,statistical_alert_not_verified_economic_event
318,2024-01-01,window_glr,4.563646881560914,statistical_alert_not_verified_economic_event
318,2024-12-01,window_glr,4.125921392855354,statistical_alert_not_verified_economic_event
319,2024-07-01,window_glr,4.182131807841606,statistical_alert_not_verified_economic_event
323,2024-02-01,window_glr,3.5686536928761776,statistical_alert_not_verified_economic_event
324,2024-07-01,window_glr,3.1387875591806957,statistical_alert_not_verified_economic_event
325,2024-10-01,window_glr,3.2303749743433388,statistical_alert_not_verified_economic_event
327,2024-10-01,window_glr,3.2346004933067958,statistical_alert_not_verified_economic_event
329,2024-12-01,window_glr,3.1048225380360375,statistical_alert_not_verified_economic_event
332,2024-01-01,window_glr,5.793906647858838,statistical_alert_not_verified_economic_event
332,2024-06-01,window_glr,3.192341693982505,statistical_alert_not_verified_economic_event
333,2024-09-01,window_glr,3.3212463116310778,statistical_alert_not_verified_economic_event
334,2024-02-01,window_glr,3.637720700817046,statistical_alert_not_verified_economic_event
334,2024-07-01,window_glr,3.257304953380716,statistical_alert_not_verified_economic_event
334,2024-10-01,window_glr,3.2375276070676064,statistical_alert_not_verified_economic_event
335,2024-10-01,window_glr,3.895361488983692,statistical_alert_not_verified_economic_event
336,2024-01-01,window_glr,3.975806471536416,statistical_alert_not_verified_economic_event
336,2024-06-01,window_glr,4.078358269192067,statistical_alert_not_verified_economic_event
336,2024-12-01,window_glr,4.745427524000175,statistical_alert_not_verified_economic_event
337,2024-02-01,window_glr,3.047324627312435,statistical_alert_not_verified_economic_event
337,2024-11-01,window_glr,3.4588591554912904,statistical_alert_not_verified_economic_event
338,2024-02-01,window_glr,4.3150750298440546,statistical_alert_not_verified_economic_event
339,2024-01-01,window_glr,4.6740707743679435,statistical_alert_not_verified_economic_event
340,2024-02-01,window_glr,3.1762179141096074,statistical_alert_not_verified_economic_event
340,2024-06-01,window_glr,3.271408064117214,statistical_alert_not_verified_economic_event
340,2024-09-01,window_glr,5.253741489927987,statistical_alert_not_verified_economic_event
342,2024-04-01,window_glr,3.558456377279523,statistical_alert_not_verified_economic_event
343,2024-02-01,window_glr,3.1252539109925226,statistical_alert_not_verified_economic_event
345,2024-02-01,window_glr,3.4084768246290933,statistical_alert_not_verified_economic_event
347,2024-11-01,window_glr,3.2160943554727153,statistical_alert_not_verified_economic_event
348,2024-03-01,window_glr,4.406607392559828,statistical_alert_not_verified_economic_event
349,2024-01-01,window_glr,3.2088004837853474,statistical_alert_not_verified_economic_event
349,2024-07-01,window_glr,3.7587798528087397,statistical_alert_not_verified_economic_event
352,2024-02-01,window_glr,3.1268742585421814,statistical_alert_not_verified_economic_event
354,2024-02-01,window_glr,3.1501061842907427,statistical_alert_not_verified_economic_event
356,2024-04-01,window_glr,3.0620163249425696,statistical_alert_not_verified_economic_event
356,2024-08-01,window_glr,3.8739090709775392,statistical_alert_not_verified_economic_event
357,2024-03-01,window_glr,3.3953992015048655,statistical_alert_not_verified_economic_event
358,2024-03-01,window_glr,3.056521742552644,statistical_alert_not_verified_economic_event
361,2024-01-01,window_glr,3.1086389339256493,statistical_alert_not_verified_economic_event
364,2024-03-01,window_glr,3.225950836002308,statistical_alert_not_verified_economic_event
365,2024-01-01,window_glr,4.223922584901982,statistical_alert_not_verified_economic_event
366,2024-01-01,window_glr,4.165959151336814,statistical_alert_not_verified_economic_event
366,2024-04-01,window_glr,5.118254680739361,statistical_alert_not_verified_economic_event
367,2024-01-01,window_glr,3.1229766936335825,statistical_alert_not_verified_economic_event
370,2024-07-01,window_glr,3.5950515795680906,statistical_alert_not_verified_economic_event
373,2024-02-01,window_glr,3.2382417553785516,statistical_alert_not_verified_economic_event
374,2024-02-01,window_glr,3.096057317420728,statistical_alert_not_verified_economic_event
374,2024-12-01,window_glr,3.5418751392833743,statistical_alert_not_verified_economic_event
376,2024-01-01,window_glr,5.142958055149434,statistical_alert_not_verified_economic_event
376,2024-04-01,window_glr,3.5795141050927564,statistical_alert_not_verified_economic_event
376,2024-08-01,window_glr,3.1599362630263106,statistical_alert_not_verified_economic_event
377,2024-01-01,window_glr,4.145972769963744,statistical_alert_not_verified_economic_event
378,2024-03-01,window_glr,3.0537589427640723,statistical_alert_not_verified_economic_event
379,2024-02-01,window_glr,3.5967938593482387,statistical_alert_not_verified_economic_event
381,2024-01-01,window_glr,3.3523537262504632,statistical_alert_not_verified_economic_event
382,2024-03-01,window_glr,4.06116163921455,statistical_alert_not_verified_economic_event
384,2024-11-01,window_glr,3.331180570535057,statistical_alert_not_verified_economic_event
388,2024-02-01,window_glr,3.594868131158446,statistical_alert_not_verified_economic_event
390,2024-01-01,window_glr,3.307772809611004,statistical_alert_not_verified_economic_event
390,2024-06-01,window_glr,3.508847657066627,statistical_alert_not_verified_economic_event
393,2024-03-01,window_glr,3.076450349009885,statistical_alert_not_verified_economic_event
393,2024-12-01,window_glr,3.129610282620234,statistical_alert_not_verified_economic_event
396,2024-01-01,window_glr,3.491577814759632,statistical_alert_not_verified_economic_event
401,2024-04-01,window_glr,3.5998317695818267,statistical_alert_not_verified_economic_event
401,2024-11-01,window_glr,3.2074558264710746,statistical_alert_not_verified_economic_event
403,2024-01-01,window_glr,3.4295288825717316,statistical_alert_not_verified_economic_event
405,2024-01-01,window_glr,5.146374736151568,statistical_alert_not_verified_economic_event
405,2024-04-01,window_glr,3.9420526179698436,statistical_alert_not_verified_economic_event
405,2024-10-01,window_glr,3.627650272829917,statistical_alert_not_verified_economic_event
408,2024-07-01,window_glr,3.13349616604201,statistical_alert_not_verified_economic_event
408,2024-10-01,window_glr,3.722746426748084,statistical_alert_not_verified_economic_event
413,2024-01-01,window_glr,4.24579211884168,statistical_alert_not_verified_economic_event
413,2024-04-01,window_glr,6.006473806020895,statistical_alert_not_verified_economic_event
413,2024-07-01,window_glr,4.4382450070909245,statistical_alert_not_verified_economic_event
413,2024-11-01,window_glr,5.606002416670484,statistical_alert_not_verified_economic_event
414,2024-01-01,window_glr,4.127382894869828,statistical_alert_not_verified_economic_event
414,2024-04-01,window_glr,3.744046102701089,statistical_alert_not_verified_economic_event
414,2024-10-01,window_glr,3.680519417349179,statistical_alert_not_verified_economic_event
428,2024-01-01,window_glr,3.523009966847349,statistical_alert_not_verified_economic_event
432,2024-08-01,window_glr,3.1628964981393883,statistical_alert_not_verified_economic_event
433,2024-03-01,window_glr,3.7750377050858615,statistical_alert_not_verified_economic_event
433,2024-08-01,window_glr,3.1388519523299614,statistical_alert_not_verified_economic_event
436,2024-05-01,window_glr,3.119523855315696,statistical_alert_not_verified_economic_event
437,2024-03-01,window_glr,3.957345219876309,statistical_alert_not_verified_economic_event
440,2024-01-01,window_glr,3.1433565242238726,statistical_alert_not_verified_economic_event
440,2024-04-01,window_glr,3.3020040248666214,statistical_alert_not_verified_economic_event
441,2024-11-01,window_glr,3.681784559819767,statistical_alert_not_verified_economic_event
442,2024-04-01,window_glr,3.618048877078612,statistical_alert_not_verified_economic_event
445,2024-01-01,window_glr,3.186073884954935,statistical_alert_not_verified_economic_event
447,2024-02-01,window_glr,3.0412965414678905,statistical_alert_not_verified_economic_event
451,2024-01-01,window_glr,3.162430675317998,statistical_alert_not_verified_economic_event
453,2024-07-01,window_glr,3.6842586169206637,statistical_alert_not_verified_economic_event
456,2024-03-01,window_glr,3.5315828231507376,statistical_alert_not_verified_economic_event
457,2024-05-01,window_glr,3.5910570398646176,statistical_alert_not_verified_economic_event
457,2024-11-01,window_glr,3.27456661740657,statistical_alert_not_verified_economic_event
460,2024-11-01,window_glr,4.125470812030674,statistical_alert_not_verified_economic_event
484,2024-10-01,window_glr,3.6583878852182377,statistical_alert_not_verified_economic_event
489,2024-05-01,window_glr,3.5487626623662742,statistical_alert_not_verified_economic_event
491,2024-08-01,window_glr,3.1707847287304944,statistical_alert_not_verified_economic_event
491,2024-11-01,window_glr,3.2864317109175705,statistical_alert_not_verified_economic_event
492,2024-01-01,window_glr,3.7428389690427766,statistical_alert_not_verified_economic_event
493,2024-07-01,window_glr,4.152599491120569,statistical_alert_not_verified_economic_event
495,2024-05-01,window_glr,3.330002070968286,statistical_alert_not_verified_economic_event
499,2024-05-01,window_glr,3.715515708444398,statistical_alert_not_verified_economic_event
502,2024-04-01,window_glr,3.094356572922551,statistical_alert_not_verified_economic_event
502,2024-10-01,window_glr,3.4950462388008803,statistical_alert_not_verified_economic_event
503,2024-02-01,window_glr,3.487265033878999,statistical_alert_not_verified_economic_event
511,2024-10-01,window_glr,3.3551160068280987,statistical_alert_not_verified_economic_event
518,2024-01-01,window_glr,3.364594689978949,statistical_alert_not_verified_economic_event
518,2024-09-01,window_glr,3.163047113570866,statistical_alert_not_verified_economic_event
524,2024-11-01,window_glr,4.050864607452971,statistical_alert_not_verified_economic_event
525,2024-06-01,window_glr,4.766613617882861,statistical_alert_not_verified_economic_event
533,2024-11-01,window_glr,4.091778304997586,statistical_alert_not_verified_economic_event
534,2024-09-01,window_glr,3.2011178025699896,statistical_alert_not_verified_economic_event
540,2024-04-01,window_glr,3.2790154473493036,statistical_alert_not_verified_economic_event
541,2024-03-01,window_glr,3.2289261162358387,statistical_alert_not_verified_economic_event
541,2024-09-01,window_glr,3.6585750319797166,statistical_alert_not_verified_economic_event
546,2024-03-01,window_glr,3.7500784239761416,statistical_alert_not_verified_economic_event
546,2024-07-01,window_glr,3.4388830118087292,statistical_alert_not_verified_economic_event
548,2024-04-01,window_glr,3.481808932704252,statistical_alert_not_verified_economic_event
548,2024-10-01,window_glr,4.588555790369059,statistical_alert_not_verified_economic_event
555,2024-07-01,window_glr,3.0840038995711168,statistical_alert_not_verified_economic_event
555,2024-11-01,window_glr,3.2241310446239786,statistical_alert_not_verified_economic_event
558,2024-11-01,window_glr,3.1478784679191576,statistical_alert_not_verified_economic_event
562,2024-06-01,window_glr,3.4466839006258065,statistical_alert_not_verified_economic_event
562,2024-09-01,window_glr,3.345956118359403,statistical_alert_not_verified_economic_event
564,2024-09-01,window_glr,4.057230887667378,statistical_alert_not_verified_economic_event
566,2024-09-01,window_glr,3.1860043909760853,statistical_alert_not_verified_economic_event
569,2024-06-01,window_glr,3.4456622505720262,statistical_alert_not_verified_economic_event
571,2024-03-01,window_glr,3.5898083618746983,statistical_alert_not_verified_economic_event
578,2024-11-01,window_glr,3.2300495253799615,statistical_alert_not_verified_economic_event
582,2024-06-01,window_glr,3.0421353498878134,statistical_alert_not_verified_economic_event
583,2024-12-01,window_glr,3.47595086973179,statistical_alert_not_verified_economic_event
586,2024-11-01,window_glr,4.177721709618067,statistical_alert_not_verified_economic_event
587,2024-01-01,window_glr,3.4563910108581535,statistical_alert_not_verified_economic_event
587,2024-04-01,window_glr,4.197736273470929,statistical_alert_not_verified_economic_event
601,2024-02-01,window_glr,3.3563992946175265,statistical_alert_not_verified_economic_event
602,2024-09-01,window_glr,3.30863174939688,statistical_alert_not_verified_economic_event
604,2024-01-01,window_glr,3.9714787781117256,statistical_alert_not_verified_economic_event
604,2024-10-01,window_glr,3.6196056576114652,statistical_alert_not_verified_economic_event
606,2024-04-01,window_glr,3.7430058685012684,statistical_alert_not_verified_economic_event
606,2024-07-01,window_glr,3.7649652526555597,statistical_alert_not_verified_economic_event
606,2024-10-01,window_glr,4.13773075153646,statistical_alert_not_verified_economic_event
615,2024-03-01,window_glr,3.2004395280227937,statistical_alert_not_verified_economic_event
615,2024-08-01,window_glr,3.823668965569109,statistical_alert_not_verified_economic_event
616,2024-11-01,window_glr,3.3329106764547554,statistical_alert_not_verified_economic_event
618,2024-08-01,window_glr,4.121704077821508,statistical_alert_not_verified_economic_event
618,2024-12-01,window_glr,3.1841232905248575,statistical_alert_not_verified_economic_event
619,2024-07-01,window_glr,3.0715764446673175,statistical_alert_not_verified_economic_event
619,2024-11-01,window_glr,3.2084687140907815,statistical_alert_not_verified_economic_event
621,2024-06-01,window_glr,3.562128261404585,statistical_alert_not_verified_economic_event
621,2024-09-01,window_glr,5.835773405356575,statistical_alert_not_verified_economic_event
670,2024-08-01,window_glr,3.1207901652404924,statistical_alert_not_verified_economic_event
683,2024-02-01,window_glr,3.0651966610428585,statistical_alert_not_verified_economic_event
685,2024-01-01,window_glr,3.816767498299201,statistical_alert_not_verified_economic_event
686,2024-02-01,window_glr,3.565236602651119,statistical_alert_not_verified_economic_event
693,2024-02-01,window_glr,3.213971322268944,statistical_alert_not_verified_economic_event
698,2024-01-01,window_glr,4.2216404957335865,statistical_alert_not_verified_economic_event
702,2024-05-01,window_glr,3.098180214728778,statistical_alert_not_verified_economic_event
706,2024-01-01,window_glr,4.021249534651862,statistical_alert_not_verified_economic_event
706,2024-05-01,window_glr,3.424303565835615,statistical_alert_not_verified_economic_event
708,2024-03-01,window_glr,3.1252346633829617,statistical_alert_not_verified_economic_event
715,2024-04-01,window_glr,3.4372010049518367,statistical_alert_not_verified_economic_event
715,2024-08-01,window_glr,4.167402638991619,statistical_alert_not_verified_economic_event
718,2024-06-01,window_glr,3.061732989889433,statistical_alert_not_verified_economic_event
718,2024-09-01,window_glr,3.305401389527815,statistical_alert_not_verified_economic_event
720,2024-10-01,window_glr,3.2604063723358085,statistical_alert_not_verified_economic_event
721,2024-01-01,window_glr,3.2470810854874115,statistical_alert_not_verified_economic_event
726,2024-07-01,window_glr,3.120524384981809,statistical_alert_not_verified_economic_event
726,2024-11-01,window_glr,4.0598301937592725,statistical_alert_not_verified_economic_event
737,2024-02-01,window_glr,3.3876740451892284,statistical_alert_not_verified_economic_event
742,2024-02-01,window_glr,3.28969258009986,statistical_alert_not_verified_economic_event
746,2024-03-01,window_glr,4.007670930971485,statistical_alert_not_verified_economic_event
757,2024-02-01,window_glr,3.281478605494415,statistical_alert_not_verified_economic_event
758,2024-08-01,window_glr,3.128421053375107,statistical_alert_not_verified_economic_event
761,2024-02-01,window_glr,3.4539507629338906,statistical_alert_not_verified_economic_event
765,2024-05-01,window_glr,3.5069636058471785,statistical_alert_not_verified_economic_event
770,2024-01-01,window_glr,3.242881652855645,statistical_alert_not_verified_economic_event
770,2024-12-01,window_glr,4.070713747876646,statistical_alert_not_verified_economic_event
771,2024-02-01,window_glr,3.0882823186642874,statistical_alert_not_verified_economic_event
773,2024-05-01,window_glr,4.713395188104673,statistical_alert_not_verified_economic_event
775,2024-11-01,window_glr,3.6563129804872636,statistical_alert_not_verified_economic_event
777,2024-11-01,window_glr,3.5252750313323347,statistical_alert_not_verified_economic_event
783,2024-11-01,window_glr,3.5038316280124575,statistical_alert_not_verified_economic_event
790,2024-10-01,window_glr,3.105740820919768,statistical_alert_not_verified_economic_event
792,2024-01-01,window_glr,3.288095805137898,statistical_alert_not_verified_economic_event
795,2024-02-01,window_glr,3.94617197092495,statistical_alert_not_verified_economic_event
800,2024-02-01,window_glr,3.3467938610659487,statistical_alert_not_verified_economic_event
805,2024-11-01,window_glr,3.1247241609815477,statistical_alert_not_verified_economic_event
808,2024-04-01,window_glr,3.049615453709032,statistical_alert_not_verified_economic_event
812,2024-02-01,window_glr,3.682640833503874,statistical_alert_not_verified_economic_event
813,2024-02-01,window_glr,3.886989711785981,statistical_alert_not_verified_economic_event
817,2024-10-01,window_glr,3.300779098015579,statistical_alert_not_verified_economic_event
819,2024-02-01,window_glr,3.677392614547398,statistical_alert_not_verified_economic_event
824,2024-02-01,window_glr,4.686316801897303,statistical_alert_not_verified_economic_event
826,2024-05-01,window_glr,3.3159163928846485,statistical_alert_not_verified_economic_event
829,2024-05-01,window_glr,4.531304366961106,statistical_alert_not_verified_economic_event
829,2024-08-01,window_glr,3.303330090401969,statistical_alert_not_verified_economic_event
832,2024-07-01,window_glr,3.0756113015815525,statistical_alert_not_verified_economic_event
834,2024-02-01,window_glr,3.0905415913758763,statistical_alert_not_verified_economic_event
835,2024-03-01,window_glr,3.1903376709003624,statistical_alert_not_verified_economic_event
836,2024-08-01,window_glr,3.8507624146493624,statistical_alert_not_verified_economic_event
848,2024-01-01,window_glr,3.244390604366752,statistical_alert_not_verified_economic_event
848,2024-10-01,window_glr,3.609259022891133,statistical_alert_not_verified_economic_event
849,2024-04-01,window_glr,3.679352610448097,statistical_alert_not_verified_economic_event
852,2024-01-01,window_glr,4.828831072451532,statistical_alert_not_verified_economic_event
854,2024-08-01,window_glr,3.9229477223548037,statistical_alert_not_verified_economic_event
859,2024-01-01,window_glr,4.555590259207847,statistical_alert_not_verified_economic_event
859,2024-11-01,window_glr,3.9334327215162768,statistical_alert_not_verified_economic_event
871,2024-12-01,window_glr,3.1628731363977853,statistical_alert_not_verified_economic_event
877,2024-03-01,window_glr,3.6682402251578026,statistical_alert_not_verified_economic_event
877,2024-09-01,window_glr,3.3527620998052736,statistical_alert_not_verified_economic_event
878,2024-11-01,window_glr,4.051137398559596,statistical_alert_not_verified_economic_event
889,2024-12-01,window_glr,3.64708523937416,statistical_alert_not_verified_economic_event
891,2024-10-01,window_glr,3.1486623579158497,statistical_alert_not_verified_economic_event
903,2024-06-01,window_glr,3.1766101608901973,statistical_alert_not_verified_economic_event
913,2024-08-01,window_glr,3.77288539864321,statistical_alert_not_verified_economic_event
916,2024-10-01,window_glr,3.7071670437790334,statistical_alert_not_verified_economic_event
920,2024-05-01,window_glr,3.3612115633762185,statistical_alert_not_verified_economic_event
927,2024-02-01,window_glr,3.3238825811955,statistical_alert_not_verified_economic_event
930,2024-11-01,window_glr,3.994823849163985,statistical_alert_not_verified_economic_event
1002,2024-05-01,window_glr,3.7563044185929972,statistical_alert_not_verified_economic_event
1013,2024-09-01,window_glr,3.060257009016971,statistical_alert_not_verified_economic_event
1016,2024-04-01,window_glr,3.533761485799853,statistical_alert_not_verified_economic_event
1021,2024-09-01,window_glr,3.16902562132668,statistical_alert_not_verified_economic_event
1025,2024-08-01,window_glr,3.046339868661079,statistical_alert_not_verified_economic_event
1025,2024-11-01,window_glr,3.3885236647247394,statistical_alert_not_verified_economic_event
1033,2024-01-01,window_glr,3.864771726328015,statistical_alert_not_verified_economic_event
1033,2024-06-01,window_glr,3.5873320102586597,statistical_alert_not_verified_economic_event
1036,2024-03-01,window_glr,3.305439435073714,statistical_alert_not_verified_economic_event
1039,2024-11-01,window_glr,3.9396052828847075,statistical_alert_not_verified_economic_event
1047,2024-01-01,window_glr,3.2181335807949623,statistical_alert_not_verified_economic_event
1047,2024-09-01,window_glr,3.1085105251694247,statistical_alert_not_verified_economic_event
1052,2024-04-01,window_glr,4.0088721070726026,statistical_alert_not_verified_economic_event
1055,2024-05-01,window_glr,3.4839271123484665,statistical_alert_not_verified_economic_event
1058,2024-12-01,window_glr,3.523143648018602,statistical_alert_not_verified_economic_event
1060,2024-02-01,window_glr,3.1634221773628104,statistical_alert_not_verified_economic_event
1061,2024-05-01,window_glr,3.401114816988383,statistical_alert_not_verified_economic_event
1064,2024-02-01,window_glr,3.7236145917605787,statistical_alert_not_verified_economic_event
1066,2024-08-01,window_glr,3.0520008581905222,statistical_alert_not_verified_economic_event
1067,2024-04-01,window_glr,3.393551281513378,statistical_alert_not_verified_economic_event
1068,2024-08-01,window_glr,3.8176987926529184,statistical_alert_not_verified_economic_event
1113,2024-06-01,window_glr,3.6275327254682725,statistical_alert_not_verified_economic_event
1115,2024-03-01,window_glr,3.4108712828748646,statistical_alert_not_verified_economic_event
1118,2024-04-01,window_glr,4.604688827560283,statistical_alert_not_verified_economic_event
1118,2024-12-01,window_glr,3.404689368181526,statistical_alert_not_verified_economic_event
1121,2024-01-01,window_glr,3.264435231695877,statistical_alert_not_verified_economic_event
1124,2024-08-01,window_glr,3.8688982941387104,statistical_alert_not_verified_economic_event
1130,2024-12-01,window_glr,3.1211268706617745,statistical_alert_not_verified_economic_event
1143,2024-04-01,window_glr,3.27622757781695,statistical_alert_not_verified_economic_event
1144,2024-01-01,window_glr,4.449769007466919,statistical_alert_not_verified_economic_event
1144,2024-04-01,window_glr,5.2910199459376255,statistical_alert_not_verified_economic_event
1146,2024-02-01,window_glr,3.2230686144439984,statistical_alert_not_verified_economic_event
1146,2024-11-01,window_glr,4.4729261162004255,statistical_alert_not_verified_economic_event
1152,2024-11-01,window_glr,4.997801505449464,statistical_alert_not_verified_economic_event
1154,2024-11-01,window_glr,3.5256396233529936,statistical_alert_not_verified_economic_event
1158,2024-03-01,window_glr,4.383601757003321,statistical_alert_not_verified_economic_event
1159,2024-11-01,window_glr,3.517118648708281,statistical_alert_not_verified_economic_event
1161,2024-11-01,window_glr,4.0015716403636254,statistical_alert_not_verified_economic_event
1164,2024-11-01,window_glr,3.254854106204105,statistical_alert_not_verified_economic_event
1170,2024-12-01,window_glr,3.043502209798726,statistical_alert_not_verified_economic_event
1174,2024-04-01,window_glr,3.312357646058424,statistical_alert_not_verified_economic_event
1178,2024-08-01,window_glr,3.584245381116449,statistical_alert_not_verified_economic_event
1179,2024-03-01,window_glr,4.254450552955649,statistical_alert_not_verified_economic_event
1179,2024-08-01,window_glr,5.260018726397729,statistical_alert_not_verified_economic_event
1184,2024-03-01,window_glr,4.157634831599585,statistical_alert_not_verified_economic_event
1190,2024-02-01,window_glr,3.372177952577481,statistical_alert_not_verified_economic_event
1194,2024-05-01,window_glr,3.121291298484806,statistical_alert_not_verified_economic_event
1196,2024-11-01,window_glr,3.4393327979585893,statistical_alert_not_verified_economic_event
1200,2024-01-01,window_glr,4.538461335405333,statistical_alert_not_verified_economic_event
1201,2024-11-01,window_glr,3.094401807730892,statistical_alert_not_verified_economic_event
1203,2024-01-01,window_glr,3.400813721025348,statistical_alert_not_verified_economic_event
1212,2024-02-01,window_glr,3.8360578159104533,statistical_alert_not_verified_economic_event
1214,2024-01-01,window_glr,4.1024681358985475,statistical_alert_not_verified_economic_event
1214,2024-06-01,window_glr,3.1404992681544535,statistical_alert_not_verified_economic_event
1218,2024-01-01,window_glr,3.2411411220416073,statistical_alert_not_verified_economic_event
1222,2024-11-01,window_glr,3.6586676782113554,statistical_alert_not_verified_economic_event
1227,2024-03-01,window_glr,3.2995796656906324,statistical_alert_not_verified_economic_event
1235,2024-03-01,window_glr,3.2666552369932926,statistical_alert_not_verified_economic_event
1237,2024-04-01,window_glr,3.141662826016439,statistical_alert_not_verified_economic_event
1240,2024-03-01,window_glr,3.505010914563823,statistical_alert_not_verified_economic_event
1249,2024-06-01,window_glr,3.1990356491210865,statistical_alert_not_verified_economic_event
1250,2024-05-01,window_glr,3.0635032264922955,statistical_alert_not_verified_economic_event
1253,2024-04-01,window_glr,3.482935055407814,statistical_alert_not_verified_economic_event
1261,2024-01-01,window_glr,3.1444759738311365,statistical_alert_not_verified_economic_event
1264,2024-11-01,window_glr,3.248292856449467,statistical_alert_not_verified_economic_event
1267,2024-04-01,window_glr,4.1265013480458475,statistical_alert_not_verified_economic_event
1269,2024-04-01,window_glr,4.1299078234704485,statistical_alert_not_verified_economic_event
1269,2024-10-01,window_glr,3.377654068597616,statistical_alert_not_verified_economic_event
1270,2024-02-01,window_glr,3.576610452638442,statistical_alert_not_verified_economic_event
1271,2024-04-01,window_glr,3.2589187411826823,statistical_alert_not_verified_economic_event
1271,2024-11-01,window_glr,4.000025558065681,statistical_alert_not_verified_economic_event
1277,2024-01-01,window_glr,3.7540127387587687,statistical_alert_not_verified_economic_event
1278,2024-09-01,window_glr,3.1711637111697595,statistical_alert_not_verified_economic_event
1285,2024-01-01,window_glr,3.4059729188282537,statistical_alert_not_verified_economic_event
1288,2024-04-01,window_glr,3.7588933594570584,statistical_alert_not_verified_economic_event
1290,2024-03-01,window_glr,3.282030519759939,statistical_alert_not_verified_economic_event
1291,2024-01-01,window_glr,4.214710426286434,statistical_alert_not_verified_economic_event
1291,2024-04-01,window_glr,3.6412942297609665,statistical_alert_not_verified_economic_event
1292,2024-08-01,window_glr,3.1769555099820623,statistical_alert_not_verified_economic_event
1294,2024-04-01,window_glr,3.051733707964872,statistical_alert_not_verified_economic_event
1301,2024-08-01,window_glr,3.3683509591453773,statistical_alert_not_verified_economic_event
1304,2024-03-01,window_glr,3.063037714830064,statistical_alert_not_verified_economic_event
1305,2024-01-01,window_glr,3.990734632486161,statistical_alert_not_verified_economic_event
1305,2024-04-01,window_glr,3.7983558051305284,statistical_alert_not_verified_economic_event
1305,2024-07-01,window_glr,5.5477960061795075,statistical_alert_not_verified_economic_event
1305,2024-10-01,window_glr,3.673712787378859,statistical_alert_not_verified_economic_event
1309,2024-07-01,window_glr,3.9613727676835944,statistical_alert_not_verified_economic_event
1314,2024-04-01,window_glr,3.1972662474699898,statistical_alert_not_verified_economic_event
1316,2024-11-01,window_glr,3.2245299531585476,statistical_alert_not_verified_economic_event
1317,2024-03-01,window_glr,3.168874794604001,statistical_alert_not_verified_economic_event
1319,2024-05-01,window_glr,3.351251968827226,statistical_alert_not_verified_economic_event
1328,2024-05-01,window_glr,3.5109100294616766,statistical_alert_not_verified_economic_event
1329,2024-12-01,window_glr,3.6210379995417328,statistical_alert_not_verified_economic_event
1330,2024-11-01,window_glr,3.04859677043477,statistical_alert_not_verified_economic_event
1336,2024-04-01,window_glr,4.334334290101264,statistical_alert_not_verified_economic_event
1337,2024-03-01,window_glr,3.061143643772106,statistical_alert_not_verified_economic_event
1339,2024-02-01,window_glr,3.056446428544963,statistical_alert_not_verified_economic_event
1339,2024-09-01,window_glr,3.4819045568874176,statistical_alert_not_verified_economic_event
1344,2024-06-01,window_glr,3.4326567082289956,statistical_alert_not_verified_economic_event
1345,2024-02-01,window_glr,3.554874650011159,statistical_alert_not_verified_economic_event
1346,2024-02-01,window_glr,3.7322401909234832,statistical_alert_not_verified_economic_event
1348,2024-11-01,window_glr,3.9446315663553637,statistical_alert_not_verified_economic_event
1351,2024-10-01,window_glr,3.108811921460868,statistical_alert_not_verified_economic_event
1353,2024-08-01,window_glr,3.489197593231622,statistical_alert_not_verified_economic_event
1392,2024-03-01,window_glr,3.0813386981096254,statistical_alert_not_verified_economic_event
1399,2024-05-01,window_glr,3.0616787733229582,statistical_alert_not_verified_economic_event
1402,2024-02-01,window_glr,3.4050798668098725,statistical_alert_not_verified_economic_event
1411,2024-01-01,window_glr,3.9099146876353537,statistical_alert_not_verified_economic_event
1412,2024-01-01,window_glr,4.377048036280776,statistical_alert_not_verified_economic_event
1412,2024-04-01,window_glr,3.776884605096072,statistical_alert_not_verified_economic_event
1414,2024-01-01,window_glr,3.9443476643607456,statistical_alert_not_verified_economic_event
1417,2024-01-01,window_glr,5.527437387221711,statistical_alert_not_verified_economic_event
1419,2024-01-01,window_glr,3.043518638338041,statistical_alert_not_verified_economic_event
1423,2024-01-01,window_glr,3.56087674115832,statistical_alert_not_verified_economic_event
1425,2024-01-01,window_glr,3.802689698845466,statistical_alert_not_verified_economic_event
1425,2024-04-01,window_glr,3.5830495619187923,statistical_alert_not_verified_economic_event
1427,2024-02-01,window_glr,3.1258427349965983,statistical_alert_not_verified_economic_event
1431,2024-02-01,window_glr,3.646912269416972,statistical_alert_not_verified_economic_event
1448,2024-02-01,window_glr,3.0450775163134507,statistical_alert_not_verified_economic_event
1474,2024-08-01,window_glr,3.388661688143075,statistical_alert_not_verified_economic_event
1489,2024-06-01,window_glr,3.353854088959397,statistical_alert_not_verified_economic_event
1493,2024-02-01,window_glr,3.0866662692331444,statistical_alert_not_verified_economic_event
1508,2024-01-01,window_glr,3.8571652183832876,statistical_alert_not_verified_economic_event
1508,2024-04-01,window_glr,4.7964649567286965,statistical_alert_not_verified_economic_event
1511,2024-05-01,window_glr,3.366063455012952,statistical_alert_not_verified_economic_event
1512,2024-01-01,window_glr,3.1785758050571156,statistical_alert_not_verified_economic_event
1512,2024-04-01,window_glr,4.531023243093178,statistical_alert_not_verified_economic_event
1519,2024-03-01,window_glr,3.1300219528783577,statistical_alert_not_verified_economic_event
1522,2024-02-01,window_glr,3.0735211375201206,statistical_alert_not_verified_economic_event
1523,2024-02-01,window_glr,3.199029341417683,statistical_alert_not_verified_economic_event
1542,2024-09-01,window_glr,3.5640526477918013,statistical_alert_not_verified_economic_event
1546,2024-08-01,window_glr,3.402630579206875,statistical_alert_not_verified_economic_event
1554,2024-09-01,window_glr,3.2217505413807523,statistical_alert_not_verified_economic_event
1555,2024-02-01,window_glr,4.860960100279089,statistical_alert_not_verified_economic_event
1557,2024-08-01,window_glr,3.0686154045998677,statistical_alert_not_verified_economic_event
1558,2024-04-01,window_glr,3.160577753034619,statistical_alert_not_verified_economic_event
1560,2024-02-01,window_glr,3.273007569131512,statistical_alert_not_verified_economic_event
1570,2024-12-01,window_glr,3.6083878815619066,statistical_alert_not_verified_economic_event
1571,2024-01-01,window_glr,3.563983568088737,statistical_alert_not_verified_economic_event
1571,2024-10-01,window_glr,3.05945091223907,statistical_alert_not_verified_economic_event
1574,2024-03-01,window_glr,3.044967008941181,statistical_alert_not_verified_economic_event
1574,2024-08-01,window_glr,3.0768037480055894,statistical_alert_not_verified_economic_event
1581,2024-01-01,window_glr,3.2486214577099433,statistical_alert_not_verified_economic_event
1590,2024-09-01,window_glr,3.155462156970013,statistical_alert_not_verified_economic_event
1593,2024-05-01,window_glr,3.440590012335853,statistical_alert_not_verified_economic_event
1593,2024-11-01,window_glr,3.235708004965444,statistical_alert_not_verified_economic_event
1595,2024-08-01,window_glr,3.0463146413973035,statistical_alert_not_verified_economic_event
1599,2024-02-01,window_glr,4.231110391757872,statistical_alert_not_verified_economic_event
1604,2024-03-01,window_glr,3.1320598634543684,statistical_alert_not_verified_economic_event
1616,2024-06-01,window_glr,3.0865412460035375,statistical_alert_not_verified_economic_event
1630,2024-09-01,window_glr,3.0547970732679746,statistical_alert_not_verified_economic_event
1641,2024-04-01,window_glr,4.074980994006471,statistical_alert_not_verified_economic_event
1642,2024-09-01,window_glr,3.2801876567843147,statistical_alert_not_verified_economic_event
1643,2024-12-01,window_glr,3.1177840780308954,statistical_alert_not_verified_economic_event
1644,2024-07-01,window_glr,3.342395930987052,statistical_alert_not_verified_economic_event
1648,2024-09-01,window_glr,3.496661337442824,statistical_alert_not_verified_economic_event
1648,2024-12-01,window_glr,3.258903341916333,statistical_alert_not_verified_economic_event
1649,2024-01-01,window_glr,6.857659011337533,statistical_alert_not_verified_economic_event
1650,2024-02-01,window_glr,3.3786697203999694,statistical_alert_not_verified_economic_event
1651,2024-01-01,window_glr,3.2043523393468263,statistical_alert_not_verified_economic_event
1653,2024-11-01,window_glr,3.692766238164221,statistical_alert_not_verified_economic_event
1654,2024-01-01,window_glr,3.3995938195658675,statistical_alert_not_verified_economic_event
1657,2024-03-01,window_glr,4.0532987954550865,statistical_alert_not_verified_economic_event
1657,2024-09-01,window_glr,3.1972081436013378,statistical_alert_not_verified_economic_event
1662,2024-02-01,window_glr,4.167186216070846,statistical_alert_not_verified_economic_event
1662,2024-11-01,window_glr,3.131782855152332,statistical_alert_not_verified_economic_event
1664,2024-01-01,window_glr,3.291724955102981,statistical_alert_not_verified_economic_event
1664,2024-10-01,window_glr,3.354622779431847,statistical_alert_not_verified_economic_event
1666,2024-03-01,window_glr,3.133579888004626,statistical_alert_not_verified_economic_event
1671,2024-01-01,window_glr,3.5287748948801654,statistical_alert_not_verified_economic_event
1674,2024-08-01,window_glr,3.322766653230959,statistical_alert_not_verified_economic_event
1676,2024-06-01,window_glr,3.66515635951162,statistical_alert_not_verified_economic_event
1679,2024-01-01,window_glr,3.158521335149961,statistical_alert_not_verified_economic_event
1679,2024-07-01,window_glr,3.5918618679681127,statistical_alert_not_verified_economic_event
1680,2024-06-01,window_glr,3.4100599264975764,statistical_alert_not_verified_economic_event
1681,2024-07-01,window_glr,5.174522592709537,statistical_alert_not_verified_economic_event
1686,2024-01-01,window_glr,3.87612008820347,statistical_alert_not_verified_economic_event
1686,2024-05-01,window_glr,3.637105255086364,statistical_alert_not_verified_economic_event
1686,2024-09-01,window_glr,3.2700482513160702,statistical_alert_not_verified_economic_event
1687,2024-11-01,window_glr,3.1982299327368944,statistical_alert_not_verified_economic_event
1688,2024-12-01,window_glr,3.5537480742373715,statistical_alert_not_verified_economic_event
1693,2024-01-01,window_glr,3.198443894149907,statistical_alert_not_verified_economic_event
1694,2024-12-01,window_glr,3.5915312648144386,statistical_alert_not_verified_economic_event
1702,2024-05-01,window_glr,4.103317564132652,statistical_alert_not_verified_economic_event
1705,2024-09-01,window_glr,3.5498521870816933,statistical_alert_not_verified_economic_event
1710,2024-09-01,window_glr,3.2122446355239465,statistical_alert_not_verified_economic_event
1714,2024-03-01,window_glr,3.940894092567028,statistical_alert_not_verified_economic_event
1714,2024-10-01,window_glr,4.395368968320609,statistical_alert_not_verified_economic_event
1715,2024-01-01,window_glr,4.762700498029308,statistical_alert_not_verified_economic_event
1718,2024-05-01,window_glr,3.352393344653941,statistical_alert_not_verified_economic_event
1719,2024-11-01,window_glr,4.140577768516075,statistical_alert_not_verified_economic_event
1724,2024-03-01,window_glr,3.6267891569957276,statistical_alert_not_verified_economic_event
1727,2024-10-01,window_glr,3.1319706800019267,statistical_alert_not_verified_economic_event
1728,2024-03-01,window_glr,4.806869013523984,statistical_alert_not_verified_economic_event
1730,2024-07-01,window_glr,3.0618006338716155,statistical_alert_not_verified_economic_event
1730,2024-10-01,window_glr,3.406328534997037,statistical_alert_not_verified_economic_event
1732,2024-01-01,window_glr,3.249203167480967,statistical_alert_not_verified_economic_event
1732,2024-05-01,window_glr,3.0888332530467415,statistical_alert_not_verified_economic_event
1732,2024-08-01,window_glr,3.1923552449722807,statistical_alert_not_verified_economic_event
1739,2024-10-01,window_glr,3.477303239822158,statistical_alert_not_verified_economic_event
1740,2024-02-01,window_glr,3.9054358164565253,statistical_alert_not_verified_economic_event
1741,2024-07-01,window_glr,3.0562788878667044,statistical_alert_not_verified_economic_event
1743,2024-09-01,window_glr,3.3255416934479007,statistical_alert_not_verified_economic_event
1746,2024-05-01,window_glr,3.1541034860986796,statistical_alert_not_verified_economic_event
1751,2024-10-01,window_glr,3.053013810570381,statistical_alert_not_verified_economic_event
1755,2024-11-01,window_glr,4.849199662133917,statistical_alert_not_verified_economic_event
1756,2024-10-01,window_glr,3.2090460577167663,statistical_alert_not_verified_economic_event
1757,2024-02-01,window_glr,4.056500496804166,statistical_alert_not_verified_economic_event
1760,2024-06-01,window_glr,3.5075081609543304,statistical_alert_not_verified_economic_event
1760,2024-11-01,window_glr,3.407258802016746,statistical_alert_not_verified_economic_event
1769,2024-11-01,window_glr,3.1733750083987706,statistical_alert_not_verified_economic_event
1770,2024-03-01,window_glr,4.45607617992502,statistical_alert_not_verified_economic_event
1771,2024-07-01,window_glr,3.5672649949604947,statistical_alert_not_verified_economic_event
1785,2024-12-01,window_glr,3.7183344308366384,statistical_alert_not_verified_economic_event
1852,2024-08-01,window_glr,3.513508024423129,statistical_alert_not_verified_economic_event
1854,2024-06-01,window_glr,3.3175198638234913,statistical_alert_not_verified_economic_event
1855,2024-01-01,window_glr,4.000744322973576,statistical_alert_not_verified_economic_event
1857,2024-11-01,window_glr,3.125448622272042,statistical_alert_not_verified_economic_event
1861,2024-02-01,window_glr,3.250094219672407,statistical_alert_not_verified_economic_event
1861,2024-09-01,window_glr,3.188137148290666,statistical_alert_not_verified_economic_event
1865,2024-09-01,window_glr,3.704449300904328,statistical_alert_not_verified_economic_event
1870,2024-01-01,window_glr,3.1239079052988803,statistical_alert_not_verified_economic_event
1871,2024-01-01,window_glr,4.116013374019428,statistical_alert_not_verified_economic_event
1873,2024-11-01,window_glr,3.443006031044736,statistical_alert_not_verified_economic_event
1884,2024-08-01,window_glr,3.338066537729902,statistical_alert_not_verified_economic_event
1889,2024-11-01,window_glr,3.832218737443338,statistical_alert_not_verified_economic_event
1896,2024-03-01,window_glr,3.242683392434663,statistical_alert_not_verified_economic_event
1903,2024-04-01,window_glr,3.0430056856775556,statistical_alert_not_verified_economic_event
1905,2024-02-01,window_glr,3.9591760551233914,statistical_alert_not_verified_economic_event
1906,2024-02-01,window_glr,3.9834843440025747,statistical_alert_not_verified_economic_event
1912,2024-01-01,window_glr,3.243689261172314,statistical_alert_not_verified_economic_event
1915,2024-01-01,window_glr,3.4253935129246518,statistical_alert_not_verified_economic_event
1923,2024-09-01,window_glr,3.1808019810055184,statistical_alert_not_verified_economic_event
1924,2024-04-01,window_glr,3.1227904656171437,statistical_alert_not_verified_economic_event
1924,2024-07-01,window_glr,3.153999128904582,statistical_alert_not_verified_economic_event
1929,2024-05-01,window_glr,3.871228400381615,statistical_alert_not_verified_economic_event
1931,2024-09-01,window_glr,3.353653038900575,statistical_alert_not_verified_economic_event
1932,2024-03-01,window_glr,3.3296364608378277,statistical_alert_not_verified_economic_event
1932,2024-12-01,window_glr,3.749765342883024,statistical_alert_not_verified_economic_event
1933,2024-12-01,window_glr,3.248740073322947,statistical_alert_not_verified_economic_event
1935,2024-02-01,window_glr,3.1138540478330556,statistical_alert_not_verified_economic_event
1935,2024-07-01,window_glr,3.118791874785875,statistical_alert_not_verified_economic_event
1938,2024-12-01,window_glr,3.302144230961517,statistical_alert_not_verified_economic_event
1941,2024-08-01,window_glr,3.165566816795187,statistical_alert_not_verified_economic_event
1943,2024-01-01,window_glr,5.809335340700135,statistical_alert_not_verified_economic_event
1945,2024-04-01,window_glr,3.99887410749846,statistical_alert_not_verified_economic_event
1954,2024-02-01,window_glr,3.6520029052054697,statistical_alert_not_verified_economic_event
1955,2024-04-01,window_glr,3.429731588279559,statistical_alert_not_verified_economic_event
1955,2024-07-01,window_glr,4.478994103318522,statistical_alert_not_verified_economic_event
1955,2024-11-01,window_glr,3.5900016567652315,statistical_alert_not_verified_economic_event
1959,2024-05-01,window_glr,3.8175573450488374,statistical_alert_not_verified_economic_event
1959,2024-10-01,window_glr,4.049802945774868,statistical_alert_not_verified_economic_event
1962,2024-02-01,window_glr,3.1326341634439734,statistical_alert_not_verified_economic_event
1965,2024-01-01,window_glr,3.615992617511767,statistical_alert_not_verified_economic_event
1966,2024-02-01,window_glr,3.0514942316074563,statistical_alert_not_verified_economic_event
1966,2024-05-01,window_glr,3.370123945747143,statistical_alert_not_verified_economic_event
1968,2024-01-01,window_glr,3.1596451679834443,statistical_alert_not_verified_economic_event
1975,2024-05-01,window_glr,4.124516794262791,statistical_alert_not_verified_economic_event
1976,2024-03-01,window_glr,3.115006115160271,statistical_alert_not_verified_economic_event
1991,2024-01-01,window_glr,3.863550005596892,statistical_alert_not_verified_economic_event
1992,2024-09-01,window_glr,3.855043200930948,statistical_alert_not_verified_economic_event
1996,2024-01-01,window_glr,5.211060539881193,statistical_alert_not_verified_economic_event
1996,2024-09-01,window_glr,3.2720193399946726,statistical_alert_not_verified_economic_event
2001,2024-01-01,window_glr,3.6316853782033784,statistical_alert_not_verified_economic_event
2012,2024-11-01,window_glr,3.5915765107899635,statistical_alert_not_verified_economic_event
2015,2024-03-01,window_glr,3.6282961625052383,statistical_alert_not_verified_economic_event
2018,2024-12-01,window_glr,3.8341855267210474,statistical_alert_not_verified_economic_event
2022,2024-03-01,window_glr,3.4593330950364014,statistical_alert_not_verified_economic_event
2024,2024-05-01,window_glr,3.1790488533088475,statistical_alert_not_verified_economic_event
2025,2024-02-01,window_glr,4.89140621262373,statistical_alert_not_verified_economic_event
2025,2024-06-01,window_glr,3.337031551015805,statistical_alert_not_verified_economic_event
2042,2024-03-01,window_glr,3.2640035651831685,statistical_alert_not_verified_economic_event
2051,2024-01-01,window_glr,3.5492200673471177,statistical_alert_not_verified_economic_event
2052,2024-01-01,window_glr,3.631679895664357,statistical_alert_not_verified_economic_event
2052,2024-07-01,window_glr,3.2428531937481986,statistical_alert_not_verified_economic_event
2054,2024-02-01,window_glr,3.1245032516302125,statistical_alert_not_verified_economic_event
2054,2024-09-01,window_glr,3.358645121771412,statistical_alert_not_verified_economic_event
2055,2024-11-01,window_glr,3.4234128963063166,statistical_alert_not_verified_economic_event
2057,2024-06-01,window_glr,3.2995696095512317,statistical_alert_not_verified_economic_event
2057,2024-10-01,window_glr,3.2750750150695325,statistical_alert_not_verified_economic_event
2065,2024-03-01,window_glr,4.066322199662401,statistical_alert_not_verified_economic_event
2073,2024-11-01,window_glr,3.0818981457854404,statistical_alert_not_verified_economic_event
2079,2024-10-01,window_glr,5.232519789229617,statistical_alert_not_verified_economic_event
2081,2024-12-01,window_glr,3.8914832075758485,statistical_alert_not_verified_economic_event
2088,2024-04-01,window_glr,3.149662170272965,statistical_alert_not_verified_economic_event
2088,2024-12-01,window_glr,3.326858901278265,statistical_alert_not_verified_economic_event
2089,2024-01-01,window_glr,3.2915938028009024,statistical_alert_not_verified_economic_event
2090,2024-03-01,window_glr,3.057697089010722,statistical_alert_not_verified_economic_event
2093,2024-06-01,window_glr,3.1959356508338423,statistical_alert_not_verified_economic_event
2098,2024-01-01,window_glr,3.374284852899393,statistical_alert_not_verified_economic_event
2109,2024-01-01,window_glr,3.482374192285772,statistical_alert_not_verified_economic_event
2112,2024-08-01,window_glr,3.5705019893748458,statistical_alert_not_verified_economic_event
2114,2024-10-01,window_glr,3.116818658904658,statistical_alert_not_verified_economic_event
2120,2024-08-01,window_glr,3.054847550105542,statistical_alert_not_verified_economic_event
2124,2024-02-01,window_glr,3.504354288699605,statistical_alert_not_verified_economic_event
2134,2024-02-01,window_glr,4.105200480902248,statistical_alert_not_verified_economic_event
2143,2024-07-01,window_glr,3.395378256824241,statistical_alert_not_verified_economic_event
2143,2024-12-01,window_glr,4.830378528866202,statistical_alert_not_verified_economic_event
2145,2024-04-01,window_glr,3.6862345298223915,statistical_alert_not_verified_economic_event
2145,2024-10-01,window_glr,3.2254036794313143,statistical_alert_not_verified_economic_event
2146,2024-03-01,window_glr,3.8248810578458934,statistical_alert_not_verified_economic_event
2153,2024-11-01,window_glr,3.1975573577692997,statistical_alert_not_verified_economic_event
2157,2024-11-01,window_glr,3.382053987941014,statistical_alert_not_verified_economic_event
2159,2024-02-01,window_glr,3.2293255064306114,statistical_alert_not_verified_economic_event
2160,2024-11-01,window_glr,3.1495949770021285,statistical_alert_not_verified_economic_event
2165,2024-02-01,window_glr,3.097428044443744,statistical_alert_not_verified_economic_event
2169,2024-02-01,window_glr,3.303739674291327,statistical_alert_not_verified_economic_event
2171,2024-03-01,window_glr,4.51119650382221,statistical_alert_not_verified_economic_event
2171,2024-06-01,window_glr,4.873983494357025,statistical_alert_not_verified_economic_event
2181,2024-01-01,window_glr,3.7230229506592725,statistical_alert_not_verified_economic_event
2182,2024-01-01,window_glr,3.2478786427173683,statistical_alert_not_verified_economic_event
2184,2024-07-01,window_glr,3.113546186811137,statistical_alert_not_verified_economic_event
2185,2024-01-01,window_glr,4.09338369964855,statistical_alert_not_verified_economic_event
2185,2024-04-01,window_glr,4.111553001737879,statistical_alert_not_verified_economic_event
2186,2024-02-01,window_glr,3.856116709281376,statistical_alert_not_verified_economic_event
2195,2024-11-01,window_glr,3.3762434989135466,statistical_alert_not_verified_economic_event
2196,2024-05-01,window_glr,3.9127876642878254,statistical_alert_not_verified_economic_event
2196,2024-10-01,window_glr,3.6813506370595235,statistical_alert_not_verified_economic_event
2210,2024-02-01,window_glr,3.859738753756392,statistical_alert_not_verified_economic_event
2211,2024-03-01,window_glr,3.271627611008929,statistical_alert_not_verified_economic_event
2212,2024-05-01,window_glr,3.0993915639030463,statistical_alert_not_verified_economic_event
2217,2024-11-01,window_glr,3.111897601913438,statistical_alert_not_verified_economic_event
2218,2024-01-01,window_glr,3.5525211733631092,statistical_alert_not_verified_economic_event
2223,2024-02-01,window_glr,3.040085503019229,statistical_alert_not_verified_economic_event
2225,2024-01-01,window_glr,3.0580105293125777,statistical_alert_not_verified_economic_event
2229,2024-03-01,window_glr,3.205051181144315,statistical_alert_not_verified_economic_event
2229,2024-11-01,window_glr,3.0794820145184585,statistical_alert_not_verified_economic_event
2230,2024-02-01,window_glr,3.452588962691909,statistical_alert_not_verified_economic_event
2230,2024-11-01,window_glr,3.640736651131072,statistical_alert_not_verified_economic_event
2231,2024-02-01,window_glr,3.4581477320791567,statistical_alert_not_verified_economic_event
2232,2024-03-01,window_glr,3.621892726473849,statistical_alert_not_verified_economic_event
2234,2024-03-01,window_glr,3.202888341317553,statistical_alert_not_verified_economic_event
2234,2024-08-01,window_glr,3.5733435620177203,statistical_alert_not_verified_economic_event
2236,2024-03-01,window_glr,3.1040802017951576,statistical_alert_not_verified_economic_event
2238,2024-09-01,window_glr,3.3473597717209707,statistical_alert_not_verified_economic_event
2241,2024-03-01,window_glr,3.7510873803901257,statistical_alert_not_verified_economic_event
2241,2024-10-01,window_glr,3.7429504850474804,statistical_alert_not_verified_economic_event
2242,2024-03-01,window_glr,5.013640589024051,statistical_alert_not_verified_economic_event
2243,2024-02-01,window_glr,3.370802882261197,statistical_alert_not_verified_economic_event
2243,2024-09-01,window_glr,3.1495515757257375,statistical_alert_not_verified_economic_event
2244,2024-01-01,window_glr,3.390597505548402,statistical_alert_not_verified_economic_event
2244,2024-06-01,window_glr,3.697001115403248,statistical_alert_not_verified_economic_event
2244,2024-09-01,window_glr,4.349868405498659,statistical_alert_not_verified_economic_event
2245,2024-03-01,window_glr,3.1704221077955426,statistical_alert_not_verified_economic_event
2245,2024-10-01,window_glr,4.367319377452344,statistical_alert_not_verified_economic_event
2248,2024-09-01,window_glr,3.692692830731325,statistical_alert_not_verified_economic_event
2249,2024-01-01,window_glr,3.6601271125400245,statistical_alert_not_verified_economic_event
2249,2024-08-01,window_glr,3.0486468106135804,statistical_alert_not_verified_economic_event
2250,2024-07-01,window_glr,3.087768383514813,statistical_alert_not_verified_economic_event
2250,2024-10-01,window_glr,5.552207876826021,statistical_alert_not_verified_economic_event
2251,2024-02-01,window_glr,3.0786649496844425,statistical_alert_not_verified_economic_event
2252,2024-02-01,window_glr,3.3668570446709194,statistical_alert_not_verified_economic_event
2254,2024-06-01,window_glr,3.2540226881929817,statistical_alert_not_verified_economic_event
2265,2024-05-01,window_glr,4.255475091189601,statistical_alert_not_verified_economic_event
2268,2024-06-01,window_glr,3.1234346716002728,statistical_alert_not_verified_economic_event
2269,2024-11-01,window_glr,3.0573507543175436,statistical_alert_not_verified_economic_event
2272,2024-01-01,window_glr,3.428942538612003,statistical_alert_not_verified_economic_event
2274,2024-12-01,window_glr,4.154152547499995,statistical_alert_not_verified_economic_event
2278,2024-10-01,window_glr,3.3275539796460802,statistical_alert_not_verified_economic_event
2280,2024-02-01,window_glr,3.3913802072494423,statistical_alert_not_verified_economic_event
2282,2024-04-01,window_glr,3.099476769874252,statistical_alert_not_verified_economic_event
2302,2024-01-01,window_glr,4.252304504015333,statistical_alert_not_verified_economic_event
2302,2024-05-01,window_glr,3.3361557229203895,statistical_alert_not_verified_economic_event
2307,2024-08-01,window_glr,3.994988453470439,statistical_alert_not_verified_economic_event
2309,2024-03-01,window_glr,3.0484658632949007,statistical_alert_not_verified_economic_event
2312,2024-02-01,window_glr,4.501794091295577,statistical_alert_not_verified_economic_event
2316,2024-10-01,window_glr,3.532546477603923,statistical_alert_not_verified_economic_event
2317,2024-07-01,window_glr,3.7150158115538034,statistical_alert_not_verified_economic_event
2321,2024-11-01,window_glr,3.47218976513372,statistical_alert_not_verified_economic_event
2322,2024-03-01,window_glr,3.3718048202886535,statistical_alert_not_verified_economic_event
2324,2024-08-01,window_glr,3.3659488535393813,statistical_alert_not_verified_economic_event
2329,2024-01-01,window_glr,3.7761691274230964,statistical_alert_not_verified_economic_event
2333,2024-02-01,window_glr,4.192586971247855,statistical_alert_not_verified_economic_event
2334,2024-01-01,window_glr,3.472801581191461,statistical_alert_not_verified_economic_event
2334,2024-04-01,window_glr,3.3447831214449204,statistical_alert_not_verified_economic_event
2334,2024-09-01,window_glr,3.5900096428803323,statistical_alert_not_verified_economic_event
2334,2024-12-01,window_glr,3.1553586972012777,statistical_alert_not_verified_economic_event
2342,2024-12-01,window_glr,3.1416394513982424,statistical_alert_not_verified_economic_event
2344,2024-10-01,window_glr,3.1853468378652283,statistical_alert_not_verified_economic_event
2345,2024-07-01,window_glr,3.0983049032411696,statistical_alert_not_verified_economic_event
2349,2024-10-01,window_glr,3.3136161274519482,statistical_alert_not_verified_economic_event
2411,2024-02-01,window_glr,3.074857396716983,statistical_alert_not_verified_economic_event
2437,2024-02-01,window_glr,3.0655190325211774,statistical_alert_not_verified_economic_event
2471,2024-02-01,window_glr,3.21920229287924,statistical_alert_not_verified_economic_event
2519,2024-02-01,window_glr,3.147976056624527,statistical_alert_not_verified_economic_event
2522,2024-02-01,window_glr,3.391875580401861,statistical_alert_not_verified_economic_event
2533,2024-02-01,window_glr,3.2487173516784336,statistical_alert_not_verified_economic_event
2539,2024-02-01,window_glr,3.081781004997315,statistical_alert_not_verified_economic_event
2540,2024-02-01,window_glr,3.2311631718506537,statistical_alert_not_verified_economic_event
2543,2024-02-01,window_glr,3.5436297249470794,statistical_alert_not_verified_economic_event
2590,2024-02-01,window_glr,3.212783979986555,statistical_alert_not_verified_economic_event
2593,2024-04-01,window_glr,7.412916100009383,statistical_alert_not_verified_economic_event
2595,2024-01-01,window_glr,3.398773487357934,statistical_alert_not_verified_economic_event
2596,2024-02-01,window_glr,3.386204639871589,statistical_alert_not_verified_economic_event
2598,2024-05-01,window_glr,3.0776077473154184,statistical_alert_not_verified_economic_event
2600,2024-02-01,window_glr,3.582832943461319,statistical_alert_not_verified_economic_event
2601,2024-01-01,window_glr,3.410334725642872,statistical_alert_not_verified_economic_event
2604,2024-02-01,window_glr,3.1253483367860846,statistical_alert_not_verified_economic_event
2605,2024-02-01,window_glr,3.3114336001498748,statistical_alert_not_verified_economic_event
2607,2024-04-01,window_glr,3.632555675448578,statistical_alert_not_verified_economic_event
2619,2024-02-01,window_glr,3.0538560034357976,statistical_alert_not_verified_economic_event
2876,2024-02-01,window_glr,4.1602305101580175,statistical_alert_not_verified_economic_event
2879,2024-10-01,window_glr,4.316781658449462,statistical_alert_not_verified_economic_event
2882,2024-09-01,window_glr,3.6328029277481773,statistical_alert_not_verified_economic_event
2,2024-07-01,bayesian_runlength,0.8429525192818189,statistical_alert_not_verified_economic_event
5,2024-06-01,bayesian_runlength,0.8706807745404981,statistical_alert_not_verified_economic_event
10,2024-01-01,bayesian_runlength,0.921116408642145,statistical_alert_not_verified_economic_event
11,2024-07-01,bayesian_runlength,0.8333427372209119,statistical_alert_not_verified_economic_event
13,2024-01-01,bayesian_runlength,1.0,statistical_alert_not_verified_economic_event
13,2024-04-01,bayesian_runlength,0.9950385852443155,statistical_alert_not_verified_economic_event
13,2024-07-01,bayesian_runlength,0.9863715605257302,statistical_alert_not_verified_economic_event
13,2024-12-01,bayesian_runlength,0.9924734261771041,statistical_alert_not_verified_economic_event
14,2024-01-01,bayesian_runlength,0.9992740541149872,statistical_alert_not_verified_economic_event
14,2024-05-01,bayesian_runlength,0.8834758091063473,statistical_alert_not_verified_economic_event
14,2024-11-01,bayesian_runlength,0.8424352031458365,statistical_alert_not_verified_economic_event
15,2024-01-01,bayesian_runlength,0.9999989232152099,statistical_alert_not_verified_economic_event
15,2024-04-01,bayesian_runlength,0.8234552162897144,statistical_alert_not_verified_economic_event
15,2024-08-01,bayesian_runlength,0.8802924457483483,statistical_alert_not_verified_economic_event
15,2024-11-01,bayesian_runlength,0.9999726980885051,statistical_alert_not_verified_economic_event
16,2024-01-01,bayesian_runlength,0.9999999999999569,statistical_alert_not_verified_economic_event
16,2024-04-01,bayesian_runlength,0.8747965579142797,statistical_alert_not_verified_economic_event
17,2024-01-01,bayesian_runlength,0.792937107732661,statistical_alert_not_verified_economic_event
18,2024-07-01,bayesian_runlength,0.7924927612004707,statistical_alert_not_verified_economic_event
19,2024-01-01,bayesian_runlength,0.9999606124132706,statistical_alert_not_verified_economic_event
19,2024-04-01,bayesian_runlength,0.9888022841552717,statistical_alert_not_verified_economic_event
20,2024-01-01,bayesian_runlength,0.9962616225186054,statistical_alert_not_verified_economic_event
20,2024-05-01,bayesian_runlength,0.9388334355690982,statistical_alert_not_verified_economic_event
20,2024-10-01,bayesian_runlength,0.9915308562993271,statistical_alert_not_verified_economic_event
22,2024-01-01,bayesian_runlength,0.826919685406857,statistical_alert_not_verified_economic_event
30,2024-01-01,bayesian_runlength,0.9799535572694328,statistical_alert_not_verified_economic_event
30,2024-08-01,bayesian_runlength,0.8575160857929462,statistical_alert_not_verified_economic_event
32,2024-01-01,bayesian_runlength,0.9999709038989626,statistical_alert_not_verified_economic_event
32,2024-11-01,bayesian_runlength,0.8025289267708255,statistical_alert_not_verified_economic_event
34,2024-01-01,bayesian_runlength,0.9995990634828454,statistical_alert_not_verified_economic_event
36,2024-02-01,bayesian_runlength,0.8530907694268374,statistical_alert_not_verified_economic_event
41,2024-11-01,bayesian_runlength,0.8363094670943246,statistical_alert_not_verified_economic_event
45,2024-09-01,bayesian_runlength,0.8427981319366298,statistical_alert_not_verified_economic_event
46,2024-09-01,bayesian_runlength,0.8031192068410944,statistical_alert_not_verified_economic_event
47,2024-07-01,bayesian_runlength,0.7973373913833599,statistical_alert_not_verified_economic_event
49,2024-07-01,bayesian_runlength,0.844976738660506,statistical_alert_not_verified_economic_event
56,2024-01-01,bayesian_runlength,0.763865990211128,statistical_alert_not_verified_economic_event
60,2024-07-01,bayesian_runlength,0.8270934564277175,statistical_alert_not_verified_economic_event
63,2024-11-01,bayesian_runlength,0.9575673313857702,statistical_alert_not_verified_economic_event
67,2024-12-01,bayesian_runlength,0.8668652801727375,statistical_alert_not_verified_economic_event
68,2024-01-01,bayesian_runlength,0.9999962942534377,statistical_alert_not_verified_economic_event
68,2024-04-01,bayesian_runlength,0.9991475170108524,statistical_alert_not_verified_economic_event
68,2024-07-01,bayesian_runlength,0.9035669774295638,statistical_alert_not_verified_economic_event
70,2024-10-01,bayesian_runlength,0.9670276730481747,statistical_alert_not_verified_economic_event
74,2024-01-01,bayesian_runlength,0.9995049188007967,statistical_alert_not_verified_economic_event
74,2024-09-01,bayesian_runlength,0.8941035005397413,statistical_alert_not_verified_economic_event
74,2024-12-01,bayesian_runlength,0.9304497596151122,statistical_alert_not_verified_economic_event
78,2024-12-01,bayesian_runlength,0.7835713470667444,statistical_alert_not_verified_economic_event
82,2024-01-01,bayesian_runlength,0.983840056192612,statistical_alert_not_verified_economic_event
168,2024-02-01,bayesian_runlength,0.9992856690023234,statistical_alert_not_verified_economic_event
181,2024-12-01,bayesian_runlength,0.9748670930317366,statistical_alert_not_verified_economic_event
184,2024-12-01,bayesian_runlength,0.8710888710774327,statistical_alert_not_verified_economic_event
188,2024-01-01,bayesian_runlength,0.9999999920458519,statistical_alert_not_verified_economic_event
188,2024-04-01,bayesian_runlength,0.9960795674734851,statistical_alert_not_verified_economic_event
188,2024-08-01,bayesian_runlength,0.9999962363139935,statistical_alert_not_verified_economic_event
188,2024-11-01,bayesian_runlength,0.9999999999993141,statistical_alert_not_verified_economic_event
191,2024-01-01,bayesian_runlength,0.878299833840795,statistical_alert_not_verified_economic_event
191,2024-04-01,bayesian_runlength,0.9999606362724255,statistical_alert_not_verified_economic_event
191,2024-10-01,bayesian_runlength,0.9999741773765789,statistical_alert_not_verified_economic_event
194,2024-05-01,bayesian_runlength,0.825788334718373,statistical_alert_not_verified_economic_event
203,2024-04-01,bayesian_runlength,0.999506859330462,statistical_alert_not_verified_economic_event
203,2024-07-01,bayesian_runlength,0.9217773639053622,statistical_alert_not_verified_economic_event
203,2024-11-01,bayesian_runlength,0.8680941568833183,statistical_alert_not_verified_economic_event
207,2024-02-01,bayesian_runlength,0.9994203104914317,statistical_alert_not_verified_economic_event
207,2024-08-01,bayesian_runlength,0.9971588587510393,statistical_alert_not_verified_economic_event
210,2024-08-01,bayesian_runlength,0.9909653609671559,statistical_alert_not_verified_economic_event
215,2024-10-01,bayesian_runlength,0.768984737670107,statistical_alert_not_verified_economic_event
218,2024-02-01,bayesian_runlength,0.9884040529828393,statistical_alert_not_verified_economic_event
218,2024-09-01,bayesian_runlength,0.9984754909275312,statistical_alert_not_verified_economic_event
219,2024-05-01,bayesian_runlength,0.9801231972315407,statistical_alert_not_verified_economic_event
219,2024-10-01,bayesian_runlength,0.8980346052204974,statistical_alert_not_verified_economic_event
222,2024-04-01,bayesian_runlength,0.8891920893950596,statistical_alert_not_verified_economic_event
222,2024-10-01,bayesian_runlength,0.8089049246976574,statistical_alert_not_verified_economic_event
225,2024-06-01,bayesian_runlength,0.8034683506241522,statistical_alert_not_verified_economic_event
227,2024-07-01,bayesian_runlength,0.8172417588374318,statistical_alert_not_verified_economic_event
228,2024-06-01,bayesian_runlength,0.8618229978127089,statistical_alert_not_verified_economic_event
228,2024-11-01,bayesian_runlength,0.9792260698241371,statistical_alert_not_verified_economic_event
231,2024-01-01,bayesian_runlength,0.9091581293011558,statistical_alert_not_verified_economic_event
231,2024-11-01,bayesian_runlength,0.8413440418470965,statistical_alert_not_verified_economic_event
232,2024-05-01,bayesian_runlength,0.927913812686229,statistical_alert_not_verified_economic_event
237,2024-02-01,bayesian_runlength,0.7896972108226925,statistical_alert_not_verified_economic_event
239,2024-03-01,bayesian_runlength,0.9383740299594497,statistical_alert_not_verified_economic_event
239,2024-09-01,bayesian_runlength,0.9249706827018657,statistical_alert_not_verified_economic_event
240,2024-07-01,bayesian_runlength,0.8265610274773462,statistical_alert_not_verified_economic_event
240,2024-10-01,bayesian_runlength,0.8715812504165582,statistical_alert_not_verified_economic_event
242,2024-05-01,bayesian_runlength,0.9990659565462192,statistical_alert_not_verified_economic_event
279,2024-09-01,bayesian_runlength,0.9281139798114376,statistical_alert_not_verified_economic_event
280,2024-01-01,bayesian_runlength,0.8082687882801072,statistical_alert_not_verified_economic_event
281,2024-01-01,bayesian_runlength,0.9995265640917557,statistical_alert_not_verified_economic_event
281,2024-07-01,bayesian_runlength,0.7829002235619131,statistical_alert_not_verified_economic_event
283,2024-02-01,bayesian_runlength,0.955717492407,statistical_alert_not_verified_economic_event
284,2024-09-01,bayesian_runlength,0.9509317174667052,statistical_alert_not_verified_economic_event
293,2024-09-01,bayesian_runlength,0.8696679688218056,statistical_alert_not_verified_economic_event
296,2024-04-01,bayesian_runlength,0.923030102722157,statistical_alert_not_verified_economic_event
297,2024-03-01,bayesian_runlength,0.9995305445327038,statistical_alert_not_verified_economic_event
297,2024-06-01,bayesian_runlength,0.9985154627303384,statistical_alert_not_verified_economic_event
297,2024-11-01,bayesian_runlength,0.9480283293607559,statistical_alert_not_verified_economic_event
302,2024-12-01,bayesian_runlength,0.9280603588768636,statistical_alert_not_verified_economic_event
308,2024-04-01,bayesian_runlength,0.8393931499211584,statistical_alert_not_verified_economic_event
309,2024-01-01,bayesian_runlength,0.9562639532083597,statistical_alert_not_verified_economic_event
309,2024-06-01,bayesian_runlength,0.8244802189272569,statistical_alert_not_verified_economic_event
309,2024-11-01,bayesian_runlength,0.999676329895238,statistical_alert_not_verified_economic_event
312,2024-06-01,bayesian_runlength,0.7774589696843413,statistical_alert_not_verified_economic_event
316,2024-01-01,bayesian_runlength,0.8390485639098394,statistical_alert_not_verified_economic_event
316,2024-06-01,bayesian_runlength,0.9999515592200332,statistical_alert_not_verified_economic_event
316,2024-09-01,bayesian_runlength,0.999955216421107,statistical_alert_not_verified_economic_event
316,2024-12-01,bayesian_runlength,0.9980600189794405,statistical_alert_not_verified_economic_event
325,2024-07-01,bayesian_runlength,0.9490777559801511,statistical_alert_not_verified_economic_event
327,2024-07-01,bayesian_runlength,0.9511934258911415,statistical_alert_not_verified_economic_event
327,2024-11-01,bayesian_runlength,0.7716448169873505,statistical_alert_not_verified_economic_event
330,2024-12-01,bayesian_runlength,0.9412250890901397,statistical_alert_not_verified_economic_event
332,2024-03-01,bayesian_runlength,0.9989251336757683,statistical_alert_not_verified_economic_event
332,2024-06-01,bayesian_runlength,0.9624763092319295,statistical_alert_not_verified_economic_event
334,2024-04-01,bayesian_runlength,0.7663237929424167,statistical_alert_not_verified_economic_event
334,2024-07-01,bayesian_runlength,0.999998428861251,statistical_alert_not_verified_economic_event
334,2024-10-01,bayesian_runlength,0.9995702053875912,statistical_alert_not_verified_economic_event
337,2024-01-01,bayesian_runlength,0.998559521498985,statistical_alert_not_verified_economic_event
337,2024-06-01,bayesian_runlength,0.9366173625145917,statistical_alert_not_verified_economic_event
337,2024-09-01,bayesian_runlength,0.8542683546496347,statistical_alert_not_verified_economic_event
343,2024-01-01,bayesian_runlength,0.9999999492793464,statistical_alert_not_verified_economic_event
343,2024-06-01,bayesian_runlength,0.8797290681547889,statistical_alert_not_verified_economic_event
343,2024-10-01,bayesian_runlength,0.8635742676240862,statistical_alert_not_verified_economic_event
348,2024-03-01,bayesian_runlength,0.9977255508863949,statistical_alert_not_verified_economic_event
351,2024-04-01,bayesian_runlength,0.8072316529122676,statistical_alert_not_verified_economic_event
356,2024-10-01,bayesian_runlength,0.9762695355381138,statistical_alert_not_verified_economic_event
357,2024-01-01,bayesian_runlength,0.7848984339344752,statistical_alert_not_verified_economic_event
365,2024-01-01,bayesian_runlength,0.992249417612491,statistical_alert_not_verified_economic_event
370,2024-01-01,bayesian_runlength,0.9999660630029238,statistical_alert_not_verified_economic_event
370,2024-06-01,bayesian_runlength,0.9497431158764138,statistical_alert_not_verified_economic_event
370,2024-12-01,bayesian_runlength,0.8683949931847795,statistical_alert_not_verified_economic_event
376,2024-01-01,bayesian_runlength,0.9997775613904694,statistical_alert_not_verified_economic_event
376,2024-04-01,bayesian_runlength,0.9999996939951908,statistical_alert_not_verified_economic_event
381,2024-01-01,bayesian_runlength,0.9960584447424272,statistical_alert_not_verified_economic_event
381,2024-06-01,bayesian_runlength,0.8373822006789534,statistical_alert_not_verified_economic_event
381,2024-12-01,bayesian_runlength,0.7648260541007383,statistical_alert_not_verified_economic_event
383,2024-12-01,bayesian_runlength,0.9734880193307006,statistical_alert_not_verified_economic_event
386,2024-01-01,bayesian_runlength,0.9999621446718149,statistical_alert_not_verified_economic_event
386,2024-10-01,bayesian_runlength,0.8440250661454883,statistical_alert_not_verified_economic_event
390,2024-01-01,bayesian_runlength,0.9999997686558889,statistical_alert_not_verified_economic_event
390,2024-04-01,bayesian_runlength,0.9885506984682015,statistical_alert_not_verified_economic_event
391,2024-01-01,bayesian_runlength,0.9994019635144686,statistical_alert_not_verified_economic_event
392,2024-10-01,bayesian_runlength,0.8255017842535362,statistical_alert_not_verified_economic_event
398,2024-08-01,bayesian_runlength,0.8362900960611418,statistical_alert_not_verified_economic_event
414,2024-01-01,bayesian_runlength,0.9999999999991315,statistical_alert_not_verified_economic_event
414,2024-05-01,bayesian_runlength,0.9870693358369647,statistical_alert_not_verified_economic_event
414,2024-08-01,bayesian_runlength,0.9942852557336929,statistical_alert_not_verified_economic_event
414,2024-11-01,bayesian_runlength,0.8818329639907964,statistical_alert_not_verified_economic_event
423,2024-04-01,bayesian_runlength,0.8921496718147699,statistical_alert_not_verified_economic_event
424,2024-04-01,bayesian_runlength,0.9812390028511044,statistical_alert_not_verified_economic_event
424,2024-09-01,bayesian_runlength,0.9685733884789892,statistical_alert_not_verified_economic_event
429,2024-03-01,bayesian_runlength,0.8894098876361247,statistical_alert_not_verified_economic_event
432,2024-04-01,bayesian_runlength,0.938686287432989,statistical_alert_not_verified_economic_event
432,2024-09-01,bayesian_runlength,0.9533760944244223,statistical_alert_not_verified_economic_event
435,2024-04-01,bayesian_runlength,0.9909151206263677,statistical_alert_not_verified_economic_event
437,2024-03-01,bayesian_runlength,0.9896606135062472,statistical_alert_not_verified_economic_event
437,2024-10-01,bayesian_runlength,0.9343681580741046,statistical_alert_not_verified_economic_event
438,2024-11-01,bayesian_runlength,0.9382406590895139,statistical_alert_not_verified_economic_event
441,2024-05-01,bayesian_runlength,0.995149623069457,statistical_alert_not_verified_economic_event
441,2024-09-01,bayesian_runlength,0.9715002195491476,statistical_alert_not_verified_economic_event
447,2024-01-01,bayesian_runlength,0.9992687023629979,statistical_alert_not_verified_economic_event
447,2024-04-01,bayesian_runlength,0.9999611486241261,statistical_alert_not_verified_economic_event
447,2024-09-01,bayesian_runlength,0.9967894435759067,statistical_alert_not_verified_economic_event
449,2024-05-01,bayesian_runlength,0.7887717439236825,statistical_alert_not_verified_economic_event
450,2024-01-01,bayesian_runlength,0.964043907294153,statistical_alert_not_verified_economic_event
451,2024-01-01,bayesian_runlength,0.9999957722942531,statistical_alert_not_verified_economic_event
451,2024-06-01,bayesian_runlength,0.8848374322126858,statistical_alert_not_verified_economic_event
451,2024-12-01,bayesian_runlength,0.9891167596575381,statistical_alert_not_verified_economic_event
453,2024-02-01,bayesian_runlength,0.8444420031821439,statistical_alert_not_verified_economic_event
456,2024-01-01,bayesian_runlength,0.9999999945386638,statistical_alert_not_verified_economic_event
456,2024-06-01,bayesian_runlength,0.9909900096337487,statistical_alert_not_verified_economic_event
456,2024-09-01,bayesian_runlength,0.9994808157276117,statistical_alert_not_verified_economic_event
460,2024-08-01,bayesian_runlength,0.869159171625095,statistical_alert_not_verified_economic_event
460,2024-11-01,bayesian_runlength,0.9462896060296049,statistical_alert_not_verified_economic_event
487,2024-03-01,bayesian_runlength,0.9879056558970605,statistical_alert_not_verified_economic_event
489,2024-01-01,bayesian_runlength,0.9891304356792396,statistical_alert_not_verified_economic_event
490,2024-01-01,bayesian_runlength,0.9518871297071729,statistical_alert_not_verified_economic_event
490,2024-08-01,bayesian_runlength,0.8418819487646252,statistical_alert_not_verified_economic_event
492,2024-01-01,bayesian_runlength,0.8707624728058692,statistical_alert_not_verified_economic_event
492,2024-12-01,bayesian_runlength,0.922999007465458,statistical_alert_not_verified_economic_event
495,2024-02-01,bayesian_runlength,0.9703610356224451,statistical_alert_not_verified_economic_event
495,2024-05-01,bayesian_runlength,0.9999769596948391,statistical_alert_not_verified_economic_event
502,2024-04-01,bayesian_runlength,0.8400707970029319,statistical_alert_not_verified_economic_event
502,2024-08-01,bayesian_runlength,0.9999672581761724,statistical_alert_not_verified_economic_event
503,2024-11-01,bayesian_runlength,0.9476165733644876,statistical_alert_not_verified_economic_event
518,2024-11-01,bayesian_runlength,0.8683780969536145,statistical_alert_not_verified_economic_event
521,2024-01-01,bayesian_runlength,0.8704498146243944,statistical_alert_not_verified_economic_event
521,2024-06-01,bayesian_runlength,0.8840573170351438,statistical_alert_not_verified_economic_event
524,2024-02-01,bayesian_runlength,0.9378844110284088,statistical_alert_not_verified_economic_event
525,2024-05-01,bayesian_runlength,0.9923062265020092,statistical_alert_not_verified_economic_event
525,2024-12-01,bayesian_runlength,0.9998763025184426,statistical_alert_not_verified_economic_event
527,2024-11-01,bayesian_runlength,0.7960664445045584,statistical_alert_not_verified_economic_event
529,2024-02-01,bayesian_runlength,0.8751984978624056,statistical_alert_not_verified_economic_event
529,2024-07-01,bayesian_runlength,0.9130052171731342,statistical_alert_not_verified_economic_event
534,2024-10-01,bayesian_runlength,0.7768097120846457,statistical_alert_not_verified_economic_event
540,2024-05-01,bayesian_runlength,0.9728958253382003,statistical_alert_not_verified_economic_event
541,2024-01-01,bayesian_runlength,0.9918748843855396,statistical_alert_not_verified_economic_event
541,2024-05-01,bayesian_runlength,0.791031916658425,statistical_alert_not_verified_economic_event
541,2024-09-01,bayesian_runlength,0.8062222354060011,statistical_alert_not_verified_economic_event
542,2024-01-01,bayesian_runlength,0.999998004748688,statistical_alert_not_verified_economic_event
542,2024-12-01,bayesian_runlength,0.9999680068519092,statistical_alert_not_verified_economic_event
546,2024-02-01,bayesian_runlength,0.9959919739721725,statistical_alert_not_verified_economic_event
547,2024-02-01,bayesian_runlength,0.9820090397162059,statistical_alert_not_verified_economic_event
547,2024-06-01,bayesian_runlength,0.7956886675694074,statistical_alert_not_verified_economic_event
549,2024-01-01,bayesian_runlength,0.9642954450329645,statistical_alert_not_verified_economic_event
549,2024-07-01,bayesian_runlength,0.9427869046408383,statistical_alert_not_verified_economic_event
555,2024-02-01,bayesian_runlength,0.807369128095993,statistical_alert_not_verified_economic_event
559,2024-02-01,bayesian_runlength,0.86983518377678,statistical_alert_not_verified_economic_event
559,2024-10-01,bayesian_runlength,0.9430655411436539,statistical_alert_not_verified_economic_event
562,2024-02-01,bayesian_runlength,0.9971266702474393,statistical_alert_not_verified_economic_event
562,2024-05-01,bayesian_runlength,0.9985369286158206,statistical_alert_not_verified_economic_event
562,2024-09-01,bayesian_runlength,0.9872798502973266,statistical_alert_not_verified_economic_event
564,2024-01-01,bayesian_runlength,0.9965890821333292,statistical_alert_not_verified_economic_event
564,2024-05-01,bayesian_runlength,0.9086073238218926,statistical_alert_not_verified_economic_event
564,2024-09-01,bayesian_runlength,0.8806283987809256,statistical_alert_not_verified_economic_event
568,2024-03-01,bayesian_runlength,0.9508951604372626,statistical_alert_not_verified_economic_event
571,2024-01-01,bayesian_runlength,0.9019485394443297,statistical_alert_not_verified_economic_event
574,2024-11-01,bayesian_runlength,0.7706929945457716,statistical_alert_not_verified_economic_event
585,2024-12-01,bayesian_runlength,0.8626102140197802,statistical_alert_not_verified_economic_event
589,2024-01-01,bayesian_runlength,0.8001537029046949,statistical_alert_not_verified_economic_event
589,2024-11-01,bayesian_runlength,0.9265104801187394,statistical_alert_not_verified_economic_event
591,2024-09-01,bayesian_runlength,0.9992869572312522,statistical_alert_not_verified_economic_event
592,2024-05-01,bayesian_runlength,0.7805480567517286,statistical_alert_not_verified_economic_event
599,2024-11-01,bayesian_runlength,0.9922398948909721,statistical_alert_not_verified_economic_event
600,2024-11-01,bayesian_runlength,0.9814377304327451,statistical_alert_not_verified_economic_event
602,2024-04-01,bayesian_runlength,0.8899943640449577,statistical_alert_not_verified_economic_event
602,2024-11-01,bayesian_runlength,0.9999935890087575,statistical_alert_not_verified_economic_event
604,2024-03-01,bayesian_runlength,0.8781552224337947,statistical_alert_not_verified_economic_event
604,2024-06-01,bayesian_runlength,0.9030669462540132,statistical_alert_not_verified_economic_event
604,2024-11-01,bayesian_runlength,0.8491953331335995,statistical_alert_not_verified_economic_event
615,2024-02-01,bayesian_runlength,0.9999999150475819,statistical_alert_not_verified_economic_event
615,2024-08-01,bayesian_runlength,0.9925294736311259,statistical_alert_not_verified_economic_event
615,2024-11-01,bayesian_runlength,0.9999999999999998,statistical_alert_not_verified_economic_event
618,2024-01-01,bayesian_runlength,0.8868073783176595,statistical_alert_not_verified_economic_event
618,2024-08-01,bayesian_runlength,0.7806432041862326,statistical_alert_not_verified_economic_event
668,2024-06-01,bayesian_runlength,0.7971652861713536,statistical_alert_not_verified_economic_event
668,2024-12-01,bayesian_runlength,0.9013120010536062,statistical_alert_not_verified_economic_event
670,2024-01-01,bayesian_runlength,0.8377861753097372,statistical_alert_not_verified_economic_event
670,2024-04-01,bayesian_runlength,0.9843615821750202,statistical_alert_not_verified_economic_event
670,2024-07-01,bayesian_runlength,0.8727306378110343,statistical_alert_not_verified_economic_event
670,2024-10-01,bayesian_runlength,0.9610630969318718,statistical_alert_not_verified_economic_event
685,2024-01-01,bayesian_runlength,0.8783507696516487,statistical_alert_not_verified_economic_event
685,2024-09-01,bayesian_runlength,0.8876891728104845,statistical_alert_not_verified_economic_event
687,2024-01-01,bayesian_runlength,0.999493626225046,statistical_alert_not_verified_economic_event
687,2024-09-01,bayesian_runlength,0.9394127702655296,statistical_alert_not_verified_economic_event
694,2024-09-01,bayesian_runlength,0.9923097755472693,statistical_alert_not_verified_economic_event
698,2024-02-01,bayesian_runlength,0.9999236788914645,statistical_alert_not_verified_economic_event
698,2024-09-01,bayesian_runlength,0.9903683616825528,statistical_alert_not_verified_economic_event
706,2024-01-01,bayesian_runlength,0.9995627956067434,statistical_alert_not_verified_economic_event
706,2024-09-01,bayesian_runlength,0.8643213419484979,statistical_alert_not_verified_economic_event
713,2024-01-01,bayesian_runlength,0.7992537955464842,statistical_alert_not_verified_economic_event
713,2024-04-01,bayesian_runlength,0.988546637759202,statistical_alert_not_verified_economic_event
713,2024-11-01,bayesian_runlength,0.8776593568823181,statistical_alert_not_verified_economic_event
716,2024-01-01,bayesian_runlength,0.9835312569700742,statistical_alert_not_verified_economic_event
716,2024-12-01,bayesian_runlength,0.9384361550599071,statistical_alert_not_verified_economic_event
717,2024-05-01,bayesian_runlength,0.9844486100587411,statistical_alert_not_verified_economic_event
717,2024-10-01,bayesian_runlength,0.873682507261878,statistical_alert_not_verified_economic_event
718,2024-06-01,bayesian_runlength,0.9998037071947526,statistical_alert_not_verified_economic_event
718,2024-09-01,bayesian_runlength,0.9957200301472783,statistical_alert_not_verified_economic_event
719,2024-09-01,bayesian_runlength,0.944612670456603,statistical_alert_not_verified_economic_event
720,2024-06-01,bayesian_runlength,0.9421423328392959,statistical_alert_not_verified_economic_event
720,2024-10-01,bayesian_runlength,0.9999946788134495,statistical_alert_not_verified_economic_event
726,2024-01-01,bayesian_runlength,0.9982938817783097,statistical_alert_not_verified_economic_event
726,2024-06-01,bayesian_runlength,0.9998289648793252,statistical_alert_not_verified_economic_event
726,2024-09-01,bayesian_runlength,0.9999999824967051,statistical_alert_not_verified_economic_event
726,2024-12-01,bayesian_runlength,0.9999638923687022,statistical_alert_not_verified_economic_event
737,2024-01-01,bayesian_runlength,0.8034536605263556,statistical_alert_not_verified_economic_event
737,2024-05-01,bayesian_runlength,0.8609925081122309,statistical_alert_not_verified_economic_event
737,2024-10-01,bayesian_runlength,0.995737639099764,statistical_alert_not_verified_economic_event
739,2024-04-01,bayesian_runlength,0.8098518160723472,statistical_alert_not_verified_economic_event
739,2024-09-01,bayesian_runlength,0.7768396483342316,statistical_alert_not_verified_economic_event
741,2024-10-01,bayesian_runlength,0.8690290489508264,statistical_alert_not_verified_economic_event
742,2024-04-01,bayesian_runlength,0.9944330859283735,statistical_alert_not_verified_economic_event
761,2024-04-01,bayesian_runlength,0.9824857757571331,statistical_alert_not_verified_economic_event
761,2024-11-01,bayesian_runlength,0.867451589666469,statistical_alert_not_verified_economic_event
771,2024-01-01,bayesian_runlength,0.763463950907879,statistical_alert_not_verified_economic_event
771,2024-04-01,bayesian_runlength,0.8286965709342871,statistical_alert_not_verified_economic_event
773,2024-09-01,bayesian_runlength,0.8699524959896692,statistical_alert_not_verified_economic_event
779,2024-02-01,bayesian_runlength,0.8621482407767157,statistical_alert_not_verified_economic_event
781,2024-06-01,bayesian_runlength,0.9901570399067753,statistical_alert_not_verified_economic_event
781,2024-12-01,bayesian_runlength,0.9335604764537295,statistical_alert_not_verified_economic_event
783,2024-06-01,bayesian_runlength,0.8511900285059407,statistical_alert_not_verified_economic_event
784,2024-07-01,bayesian_runlength,0.872767971661645,statistical_alert_not_verified_economic_event
785,2024-05-01,bayesian_runlength,0.8664411751906946,statistical_alert_not_verified_economic_event
787,2024-03-01,bayesian_runlength,0.9491315055086614,statistical_alert_not_verified_economic_event
787,2024-10-01,bayesian_runlength,0.9248505152165739,statistical_alert_not_verified_economic_event
790,2024-05-01,bayesian_runlength,0.9995696204213965,statistical_alert_not_verified_economic_event
790,2024-12-01,bayesian_runlength,0.9975188799185704,statistical_alert_not_verified_economic_event
791,2024-01-01,bayesian_runlength,0.8623760665522003,statistical_alert_not_verified_economic_event
795,2024-02-01,bayesian_runlength,0.9384811834314171,statistical_alert_not_verified_economic_event
797,2024-02-01,bayesian_runlength,0.8149861976983315,statistical_alert_not_verified_economic_event
797,2024-11-01,bayesian_runlength,0.8060037362645214,statistical_alert_not_verified_economic_event
799,2024-01-01,bayesian_runlength,0.9681789093529126,statistical_alert_not_verified_economic_event
799,2024-07-01,bayesian_runlength,0.7648910091681129,statistical_alert_not_verified_economic_event
804,2024-01-01,bayesian_runlength,0.7840379031681926,statistical_alert_not_verified_economic_event
805,2024-01-01,bayesian_runlength,0.8622233337240998,statistical_alert_not_verified_economic_event
805,2024-06-01,bayesian_runlength,0.8538404515850032,statistical_alert_not_verified_economic_event
806,2024-12-01,bayesian_runlength,0.7799587205521352,statistical_alert_not_verified_economic_event
822,2024-05-01,bayesian_runlength,0.8412034206093508,statistical_alert_not_verified_economic_event
822,2024-09-01,bayesian_runlength,0.8000225906026714,statistical_alert_not_verified_economic_event
831,2024-01-01,bayesian_runlength,0.854855244065645,statistical_alert_not_verified_economic_event
831,2024-05-01,bayesian_runlength,0.9725465961177939,statistical_alert_not_verified_economic_event
836,2024-01-01,bayesian_runlength,0.9999980892207783,statistical_alert_not_verified_economic_event
836,2024-04-01,bayesian_runlength,0.999678643602121,statistical_alert_not_verified_economic_event
836,2024-08-01,bayesian_runlength,0.816627376487019,statistical_alert_not_verified_economic_event
846,2024-02-01,bayesian_runlength,0.8016209498261184,statistical_alert_not_verified_economic_event
848,2024-01-01,bayesian_runlength,0.992470548547778,statistical_alert_not_verified_economic_event
848,2024-11-01,bayesian_runlength,0.9996189427259159,statistical_alert_not_verified_economic_event
849,2024-04-01,bayesian_runlength,0.992720921871209,statistical_alert_not_verified_economic_event
853,2024-08-01,bayesian_runlength,0.9876875037046431,statistical_alert_not_verified_economic_event
855,2024-08-01,bayesian_runlength,0.9040300510543174,statistical_alert_not_verified_economic_event
860,2024-05-01,bayesian_runlength,0.8251524929624543,statistical_alert_not_verified_economic_event
860,2024-12-01,bayesian_runlength,0.9986465988307076,statistical_alert_not_verified_economic_event
871,2024-06-01,bayesian_runlength,0.7891813722126155,statistical_alert_not_verified_economic_event
878,2024-11-01,bayesian_runlength,0.9952416634819282,statistical_alert_not_verified_economic_event
880,2024-12-01,bayesian_runlength,0.7843301672547017,statistical_alert_not_verified_economic_event
884,2024-12-01,bayesian_runlength,0.9871173639797661,statistical_alert_not_verified_economic_event
891,2024-06-01,bayesian_runlength,0.9981398148922103,statistical_alert_not_verified_economic_event
891,2024-12-01,bayesian_runlength,0.9834902979149682,statistical_alert_not_verified_economic_event
902,2024-05-01,bayesian_runlength,0.9952881927335224,statistical_alert_not_verified_economic_event
902,2024-09-01,bayesian_runlength,0.860462667426504,statistical_alert_not_verified_economic_event
903,2024-08-01,bayesian_runlength,0.9813804942504634,statistical_alert_not_verified_economic_event
904,2024-10-01,bayesian_runlength,0.9220293618882823,statistical_alert_not_verified_economic_event
905,2024-05-01,bayesian_runlength,0.9295734483933132,statistical_alert_not_verified_economic_event
905,2024-10-01,bayesian_runlength,0.8991641820615189,statistical_alert_not_verified_economic_event
908,2024-06-01,bayesian_runlength,0.9631939476219183,statistical_alert_not_verified_economic_event
909,2024-10-01,bayesian_runlength,0.7704197980312582,statistical_alert_not_verified_economic_event
912,2024-04-01,bayesian_runlength,0.9092359145389239,statistical_alert_not_verified_economic_event
912,2024-12-01,bayesian_runlength,0.9742704219508477,statistical_alert_not_verified_economic_event
916,2024-07-01,bayesian_runlength,0.9999658628536379,statistical_alert_not_verified_economic_event
916,2024-10-01,bayesian_runlength,0.9999999970887883,statistical_alert_not_verified_economic_event
917,2024-07-01,bayesian_runlength,0.9935732834710788,statistical_alert_not_verified_economic_event
917,2024-10-01,bayesian_runlength,0.9770952170091567,statistical_alert_not_verified_economic_event
920,2024-06-01,bayesian_runlength,0.9883000377447977,statistical_alert_not_verified_economic_event
920,2024-12-01,bayesian_runlength,0.9373404806198343,statistical_alert_not_verified_economic_event
923,2024-01-01,bayesian_runlength,0.8636990633659646,statistical_alert_not_verified_economic_event
923,2024-04-01,bayesian_runlength,0.8904935510959593,statistical_alert_not_verified_economic_event
930,2024-06-01,bayesian_runlength,0.9903361617709481,statistical_alert_not_verified_economic_event
930,2024-11-01,bayesian_runlength,0.8872384013798436,statistical_alert_not_verified_economic_event
993,2024-01-01,bayesian_runlength,0.9373641936064123,statistical_alert_not_verified_economic_event
993,2024-08-01,bayesian_runlength,0.9642902803349926,statistical_alert_not_verified_economic_event
1003,2024-10-01,bayesian_runlength,0.9996876267919562,statistical_alert_not_verified_economic_event
1014,2024-03-01,bayesian_runlength,0.9323302191849898,statistical_alert_not_verified_economic_event
1015,2024-10-01,bayesian_runlength,0.9304051394683049,statistical_alert_not_verified_economic_event
1017,2024-11-01,bayesian_runlength,0.7824979156704733,statistical_alert_not_verified_economic_event
1021,2024-10-01,bayesian_runlength,0.8362834631310279,statistical_alert_not_verified_economic_event
1024,2024-01-01,bayesian_runlength,0.8023265083040785,statistical_alert_not_verified_economic_event
1024,2024-07-01,bayesian_runlength,0.9596517350701009,statistical_alert_not_verified_economic_event
1028,2024-10-01,bayesian_runlength,0.9986298926858858,statistical_alert_not_verified_economic_event
1032,2024-03-01,bayesian_runlength,0.9896311884020211,statistical_alert_not_verified_economic_event
1032,2024-10-01,bayesian_runlength,0.9043050969431856,statistical_alert_not_verified_economic_event
1033,2024-04-01,bayesian_runlength,0.7805661654943409,statistical_alert_not_verified_economic_event
1036,2024-07-01,bayesian_runlength,0.8644629360514868,statistical_alert_not_verified_economic_event
1041,2024-01-01,bayesian_runlength,0.828839533911531,statistical_alert_not_verified_economic_event
1059,2024-05-01,bayesian_runlength,0.8461103567163973,statistical_alert_not_verified_economic_event
1062,2024-10-01,bayesian_runlength,0.9981318324612217,statistical_alert_not_verified_economic_event
1064,2024-06-01,bayesian_runlength,0.9805503352768793,statistical_alert_not_verified_economic_event
1066,2024-02-01,bayesian_runlength,0.8576735739060116,statistical_alert_not_verified_economic_event
1066,2024-06-01,bayesian_runlength,0.9625462943248185,statistical_alert_not_verified_economic_event
1066,2024-09-01,bayesian_runlength,0.7818862503219884,statistical_alert_not_verified_economic_event
1070,2024-05-01,bayesian_runlength,0.8715766547245957,statistical_alert_not_verified_economic_event
1071,2024-02-01,bayesian_runlength,0.7679511648695099,statistical_alert_not_verified_economic_event
1110,2024-02-01,bayesian_runlength,0.8877010886000269,statistical_alert_not_verified_economic_event
1115,2024-01-01,bayesian_runlength,0.9458333562967969,statistical_alert_not_verified_economic_event
1118,2024-02-01,bayesian_runlength,0.8406523548326699,statistical_alert_not_verified_economic_event
1118,2024-07-01,bayesian_runlength,0.9474537989998136,statistical_alert_not_verified_economic_event
1118,2024-10-01,bayesian_runlength,0.9999983297612469,statistical_alert_not_verified_economic_event
1121,2024-01-01,bayesian_runlength,0.9975553013948507,statistical_alert_not_verified_economic_event
1130,2024-11-01,bayesian_runlength,0.8314126001395457,statistical_alert_not_verified_economic_event
1137,2024-01-01,bayesian_runlength,0.9915685479809639,statistical_alert_not_verified_economic_event
1137,2024-11-01,bayesian_runlength,0.8672431662017461,statistical_alert_not_verified_economic_event
1148,2024-06-01,bayesian_runlength,0.8074198936547481,statistical_alert_not_verified_economic_event
1148,2024-11-01,bayesian_runlength,0.9914006465840113,statistical_alert_not_verified_economic_event
1151,2024-11-01,bayesian_runlength,0.973584718700151,statistical_alert_not_verified_economic_event
1157,2024-01-01,bayesian_runlength,0.9179204022411009,statistical_alert_not_verified_economic_event
1157,2024-05-01,bayesian_runlength,0.9457622186945189,statistical_alert_not_verified_economic_event
1157,2024-11-01,bayesian_runlength,0.8812541265793432,statistical_alert_not_verified_economic_event
1159,2024-03-01,bayesian_runlength,0.9610854853222329,statistical_alert_not_verified_economic_event
1159,2024-06-01,bayesian_runlength,0.9734760795004941,statistical_alert_not_verified_economic_event
1159,2024-10-01,bayesian_runlength,0.99934378938102,statistical_alert_not_verified_economic_event
1161,2024-01-01,bayesian_runlength,0.802941128847527,statistical_alert_not_verified_economic_event
1165,2024-01-01,bayesian_runlength,0.8822514492505247,statistical_alert_not_verified_economic_event
1170,2024-03-01,bayesian_runlength,0.7732025522510727,statistical_alert_not_verified_economic_event
1170,2024-12-01,bayesian_runlength,0.9037110666411807,statistical_alert_not_verified_economic_event
1179,2024-04-01,bayesian_runlength,0.8513903688728117,statistical_alert_not_verified_economic_event
1179,2024-10-01,bayesian_runlength,0.887637342318502,statistical_alert_not_verified_economic_event
1184,2024-03-01,bayesian_runlength,0.9996164143100996,statistical_alert_not_verified_economic_event
1184,2024-10-01,bayesian_runlength,0.9761884660537836,statistical_alert_not_verified_economic_event
1190,2024-03-01,bayesian_runlength,0.9999297657487116,statistical_alert_not_verified_economic_event
1190,2024-09-01,bayesian_runlength,0.944653546501512,statistical_alert_not_verified_economic_event
1193,2024-01-01,bayesian_runlength,0.866050303205,statistical_alert_not_verified_economic_event
1193,2024-10-01,bayesian_runlength,0.9984999139104273,statistical_alert_not_verified_economic_event
1194,2024-05-01,bayesian_runlength,0.9842862728593224,statistical_alert_not_verified_economic_event
1194,2024-08-01,bayesian_runlength,0.8913004073302238,statistical_alert_not_verified_economic_event
1197,2024-11-01,bayesian_runlength,0.8312348572691385,statistical_alert_not_verified_economic_event
1206,2024-10-01,bayesian_runlength,0.9345856741127857,statistical_alert_not_verified_economic_event
1209,2024-11-01,bayesian_runlength,0.8006858631580913,statistical_alert_not_verified_economic_event
1214,2024-01-01,bayesian_runlength,0.9569522215402654,statistical_alert_not_verified_economic_event
1214,2024-08-01,bayesian_runlength,0.833712220305069,statistical_alert_not_verified_economic_event
1218,2024-02-01,bayesian_runlength,0.9525093826315715,statistical_alert_not_verified_economic_event
1222,2024-10-01,bayesian_runlength,0.9984349388316749,statistical_alert_not_verified_economic_event
1237,2024-01-01,bayesian_runlength,0.8388432053589829,statistical_alert_not_verified_economic_event
1237,2024-04-01,bayesian_runlength,0.9586739236790079,statistical_alert_not_verified_economic_event
1241,2024-01-01,bayesian_runlength,0.9639882886067006,statistical_alert_not_verified_economic_event
1241,2024-04-01,bayesian_runlength,0.9235920546447124,statistical_alert_not_verified_economic_event
1250,2024-07-01,bayesian_runlength,0.7740061996658777,statistical_alert_not_verified_economic_event
1253,2024-04-01,bayesian_runlength,0.9491059791546465,statistical_alert_not_verified_economic_event
1261,2024-03-01,bayesian_runlength,0.9366101172298955,statistical_alert_not_verified_economic_event
1262,2024-02-01,bayesian_runlength,0.867294189978471,statistical_alert_not_verified_economic_event
1265,2024-11-01,bayesian_runlength,0.9258714475308525,statistical_alert_not_verified_economic_event
1269,2024-02-01,bayesian_runlength,0.9999676656736166,statistical_alert_not_verified_economic_event
1269,2024-05-01,bayesian_runlength,0.9529128386153569,statistical_alert_not_verified_economic_event
1269,2024-10-01,bayesian_runlength,0.8829763982611044,statistical_alert_not_verified_economic_event
1286,2024-08-01,bayesian_runlength,0.9910605810789074,statistical_alert_not_verified_economic_event
1289,2024-02-01,bayesian_runlength,0.8018264625353622,statistical_alert_not_verified_economic_event
1290,2024-01-01,bayesian_runlength,0.9530437061745205,statistical_alert_not_verified_economic_event
1290,2024-04-01,bayesian_runlength,0.8928830504513885,statistical_alert_not_verified_economic_event
1290,2024-11-01,bayesian_runlength,0.814731906792262,statistical_alert_not_verified_economic_event
1291,2024-01-01,bayesian_runlength,0.9941959235352078,statistical_alert_not_verified_economic_event
1291,2024-08-01,bayesian_runlength,0.9878048673092702,statistical_alert_not_verified_economic_event
1291,2024-11-01,bayesian_runlength,0.9999570775451752,statistical_alert_not_verified_economic_event
1296,2024-12-01,bayesian_runlength,0.9322775252121712,statistical_alert_not_verified_economic_event
1297,2024-04-01,bayesian_runlength,0.9688939733047384,statistical_alert_not_verified_economic_event
1298,2024-04-01,bayesian_runlength,0.9543017591555571,statistical_alert_not_verified_economic_event
1305,2024-06-01,bayesian_runlength,0.9998687605809915,statistical_alert_not_verified_economic_event
1305,2024-11-01,bayesian_runlength,0.9961013430802713,statistical_alert_not_verified_economic_event
1311,2024-11-01,bayesian_runlength,0.8049687626041907,statistical_alert_not_verified_economic_event
1316,2024-01-01,bayesian_runlength,0.9977270917824186,statistical_alert_not_verified_economic_event
1316,2024-08-01,bayesian_runlength,0.8975319264529514,statistical_alert_not_verified_economic_event
1316,2024-11-01,bayesian_runlength,0.8476221547956249,statistical_alert_not_verified_economic_event
1319,2024-05-01,bayesian_runlength,0.9929375694462019,statistical_alert_not_verified_economic_event
1321,2024-03-01,bayesian_runlength,0.8404961351764815,statistical_alert_not_verified_economic_event
1325,2024-11-01,bayesian_runlength,0.9674979745976893,statistical_alert_not_verified_economic_event
1326,2024-05-01,bayesian_runlength,0.8441160903633453,statistical_alert_not_verified_economic_event
1328,2024-01-01,bayesian_runlength,0.8980104518168484,statistical_alert_not_verified_economic_event
1329,2024-12-01,bayesian_runlength,0.9948304335631137,statistical_alert_not_verified_economic_event
1339,2024-05-01,bayesian_runlength,0.9895319832528716,statistical_alert_not_verified_economic_event
1339,2024-09-01,bayesian_runlength,0.9988096916640977,statistical_alert_not_verified_economic_event
1339,2024-12-01,bayesian_runlength,0.8997556452337905,statistical_alert_not_verified_economic_event
1348,2024-07-01,bayesian_runlength,0.8575491163624324,statistical_alert_not_verified_economic_event
1348,2024-12-01,bayesian_runlength,0.9280261491164767,statistical_alert_not_verified_economic_event
1351,2024-08-01,bayesian_runlength,0.9834237234553708,statistical_alert_not_verified_economic_event
1393,2024-01-01,bayesian_runlength,0.8348616708830203,statistical_alert_not_verified_economic_event
1393,2024-05-01,bayesian_runlength,0.9707586230319672,statistical_alert_not_verified_economic_event
1401,2024-05-01,bayesian_runlength,0.994418281276565,statistical_alert_not_verified_economic_event
1413,2024-04-01,bayesian_runlength,0.8449571555057126,statistical_alert_not_verified_economic_event
1414,2024-01-01,bayesian_runlength,0.8826380250166188,statistical_alert_not_verified_economic_event
1415,2024-04-01,bayesian_runlength,0.9286724970286717,statistical_alert_not_verified_economic_event
1416,2024-11-01,bayesian_runlength,0.9233159626793632,statistical_alert_not_verified_economic_event
1421,2024-01-01,bayesian_runlength,0.9996714498377268,statistical_alert_not_verified_economic_event
1422,2024-01-01,bayesian_runlength,0.8499280655276218,statistical_alert_not_verified_economic_event
1423,2024-01-01,bayesian_runlength,0.9826451399495266,statistical_alert_not_verified_economic_event
1457,2024-04-01,bayesian_runlength,0.8305573005631444,statistical_alert_not_verified_economic_event
1474,2024-04-01,bayesian_runlength,0.9727470732961627,statistical_alert_not_verified_economic_event
1478,2024-01-01,bayesian_runlength,0.9761199715386795,statistical_alert_not_verified_economic_event
1483,2024-02-01,bayesian_runlength,0.8289786213360906,statistical_alert_not_verified_economic_event
1483,2024-08-01,bayesian_runlength,0.7848467886956636,statistical_alert_not_verified_economic_event
1504,2024-02-01,bayesian_runlength,0.9901395223460532,statistical_alert_not_verified_economic_event
1504,2024-09-01,bayesian_runlength,0.9839012197116984,statistical_alert_not_verified_economic_event
1510,2024-04-01,bayesian_runlength,0.7777999172211275,statistical_alert_not_verified_economic_event
1510,2024-11-01,bayesian_runlength,0.9144884666921118,statistical_alert_not_verified_economic_event
1522,2024-06-01,bayesian_runlength,0.9998518056647092,statistical_alert_not_verified_economic_event
1522,2024-09-01,bayesian_runlength,0.9224974700013246,statistical_alert_not_verified_economic_event
1532,2024-10-01,bayesian_runlength,0.9337083415322325,statistical_alert_not_verified_economic_event
1537,2024-10-01,bayesian_runlength,0.9721922964218266,statistical_alert_not_verified_economic_event
1551,2024-05-01,bayesian_runlength,0.8996901435641433,statistical_alert_not_verified_economic_event
1554,2024-09-01,bayesian_runlength,0.8799002796873093,statistical_alert_not_verified_economic_event
1555,2024-02-01,bayesian_runlength,0.8537857455565188,statistical_alert_not_verified_economic_event
1555,2024-09-01,bayesian_runlength,0.9141686730983886,statistical_alert_not_verified_economic_event
1556,2024-08-01,bayesian_runlength,0.8570686101260451,statistical_alert_not_verified_economic_event
1557,2024-01-01,bayesian_runlength,0.8061181662134296,statistical_alert_not_verified_economic_event
1557,2024-04-01,bayesian_runlength,0.9965928101907396,statistical_alert_not_verified_economic_event
1568,2024-03-01,bayesian_runlength,0.8873156434823773,statistical_alert_not_verified_economic_event
1568,2024-08-01,bayesian_runlength,0.9610428162659848,statistical_alert_not_verified_economic_event
1570,2024-11-01,bayesian_runlength,0.945619735211416,statistical_alert_not_verified_economic_event
1571,2024-04-01,bayesian_runlength,0.803482539519633,statistical_alert_not_verified_economic_event
1581,2024-05-01,bayesian_runlength,0.9930110278384923,statistical_alert_not_verified_economic_event
1583,2024-05-01,bayesian_runlength,0.9729355291430344,statistical_alert_not_verified_economic_event
1584,2024-03-01,bayesian_runlength,0.936253250143118,statistical_alert_not_verified_economic_event
1585,2024-04-01,bayesian_runlength,0.9081805304802951,statistical_alert_not_verified_economic_event
1588,2024-05-01,bayesian_runlength,0.9595606231236835,statistical_alert_not_verified_economic_event
1588,2024-10-01,bayesian_runlength,0.7755059061725221,statistical_alert_not_verified_economic_event
1593,2024-09-01,bayesian_runlength,0.9771628798274156,statistical_alert_not_verified_economic_event
1594,2024-08-01,bayesian_runlength,0.9640898215091547,statistical_alert_not_verified_economic_event
1595,2024-03-01,bayesian_runlength,0.7942595175780721,statistical_alert_not_verified_economic_event
1598,2024-04-01,bayesian_runlength,0.7795453604086302,statistical_alert_not_verified_economic_event
1608,2024-12-01,bayesian_runlength,0.8515676869793942,statistical_alert_not_verified_economic_event
1621,2024-03-01,bayesian_runlength,0.7946342384629373,statistical_alert_not_verified_economic_event
1628,2024-06-01,bayesian_runlength,0.794926353917224,statistical_alert_not_verified_economic_event
1631,2024-03-01,bayesian_runlength,0.868041975023605,statistical_alert_not_verified_economic_event
1640,2024-11-01,bayesian_runlength,0.9691810089482866,statistical_alert_not_verified_economic_event
1641,2024-04-01,bayesian_runlength,0.9006774109031302,statistical_alert_not_verified_economic_event
1641,2024-08-01,bayesian_runlength,0.9808533929734211,statistical_alert_not_verified_economic_event
1642,2024-08-01,bayesian_runlength,0.8950607814669602,statistical_alert_not_verified_economic_event
1648,2024-09-01,bayesian_runlength,0.9999989251285282,statistical_alert_not_verified_economic_event
1649,2024-01-01,bayesian_runlength,0.7635512934070503,statistical_alert_not_verified_economic_event
1650,2024-02-01,bayesian_runlength,0.8675303359519468,statistical_alert_not_verified_economic_event
1650,2024-07-01,bayesian_runlength,0.9878135031061074,statistical_alert_not_verified_economic_event
1650,2024-10-01,bayesian_runlength,0.9926108704822588,statistical_alert_not_verified_economic_event
1651,2024-02-01,bayesian_runlength,0.858383869166195,statistical_alert_not_verified_economic_event
1654,2024-02-01,bayesian_runlength,0.9289322101140552,statistical_alert_not_verified_economic_event
1654,2024-07-01,bayesian_runlength,0.8238207520255858,statistical_alert_not_verified_economic_event
1657,2024-03-01,bayesian_runlength,0.9997900117092514,statistical_alert_not_verified_economic_event
1657,2024-09-01,bayesian_runlength,0.9777514271127462,statistical_alert_not_verified_economic_event
1662,2024-08-01,bayesian_runlength,0.986184835055677,statistical_alert_not_verified_economic_event
1664,2024-01-01,bayesian_runlength,0.9845150265825542,statistical_alert_not_verified_economic_event
1664,2024-04-01,bayesian_runlength,0.9731748910119385,statistical_alert_not_verified_economic_event
1664,2024-10-01,bayesian_runlength,0.9941918670306982,statistical_alert_not_verified_economic_event
1666,2024-08-01,bayesian_runlength,0.9575645639606236,statistical_alert_not_verified_economic_event
1674,2024-04-01,bayesian_runlength,0.9950595796609806,statistical_alert_not_verified_economic_event
1675,2024-08-01,bayesian_runlength,0.8608569127311663,statistical_alert_not_verified_economic_event
1676,2024-02-01,bayesian_runlength,0.8052851410600423,statistical_alert_not_verified_economic_event
1676,2024-10-01,bayesian_runlength,0.7841639107620221,statistical_alert_not_verified_economic_event
1692,2024-01-01,bayesian_runlength,0.9050959728720521,statistical_alert_not_verified_economic_event
1692,2024-12-01,bayesian_runlength,0.9562343276450747,statistical_alert_not_verified_economic_event
1698,2024-12-01,bayesian_runlength,0.9549098334979491,statistical_alert_not_verified_economic_event
1700,2024-03-01,bayesian_runlength,0.7826647733261431,statistical_alert_not_verified_economic_event
1700,2024-08-01,bayesian_runlength,0.9977045429633954,statistical_alert_not_verified_economic_event
1701,2024-03-01,bayesian_runlength,0.8890837183886058,statistical_alert_not_verified_economic_event
1701,2024-12-01,bayesian_runlength,0.8723479401686616,statistical_alert_not_verified_economic_event
1705,2024-07-01,bayesian_runlength,0.9951991788988579,statistical_alert_not_verified_economic_event
1709,2024-08-01,bayesian_runlength,0.7640561448087885,statistical_alert_not_verified_economic_event
1710,2024-05-01,bayesian_runlength,0.9958385359285294,statistical_alert_not_verified_economic_event
1714,2024-03-01,bayesian_runlength,0.8125582744558485,statistical_alert_not_verified_economic_event
1714,2024-06-01,bayesian_runlength,0.9386011861870127,statistical_alert_not_verified_economic_event
1715,2024-06-01,bayesian_runlength,0.9967776168415029,statistical_alert_not_verified_economic_event
1719,2024-07-01,bayesian_runlength,0.9199021047563376,statistical_alert_not_verified_economic_event
1728,2024-08-01,bayesian_runlength,0.9997365965795496,statistical_alert_not_verified_economic_event
1730,2024-02-01,bayesian_runlength,0.7954485170421941,statistical_alert_not_verified_economic_event
1732,2024-02-01,bayesian_runlength,0.988730935994486,statistical_alert_not_verified_economic_event
1732,2024-05-01,bayesian_runlength,0.9997728573301244,statistical_alert_not_verified_economic_event
1732,2024-08-01,bayesian_runlength,0.9514165960299413,statistical_alert_not_verified_economic_event
1741,2024-05-01,bayesian_runlength,0.9653163783835863,statistical_alert_not_verified_economic_event
1744,2024-01-01,bayesian_runlength,0.9999200822339829,statistical_alert_not_verified_economic_event
1744,2024-07-01,bayesian_runlength,0.99842859501147,statistical_alert_not_verified_economic_event
1744,2024-11-01,bayesian_runlength,0.9999862539212847,statistical_alert_not_verified_economic_event
1751,2024-07-01,bayesian_runlength,0.9989950033798192,statistical_alert_not_verified_economic_event
1751,2024-10-01,bayesian_runlength,0.9988577256926554,statistical_alert_not_verified_economic_event
1753,2024-10-01,bayesian_runlength,0.8939484121038599,statistical_alert_not_verified_economic_event
1755,2024-06-01,bayesian_runlength,0.7969389950801413,statistical_alert_not_verified_economic_event
1766,2024-01-01,bayesian_runlength,0.7668912109458519,statistical_alert_not_verified_economic_event
1766,2024-05-01,bayesian_runlength,0.8053283760182259,statistical_alert_not_verified_economic_event
1769,2024-08-01,bayesian_runlength,0.9666884309834578,statistical_alert_not_verified_economic_event
1774,2024-06-01,bayesian_runlength,0.9999979958224768,statistical_alert_not_verified_economic_event
1774,2024-12-01,bayesian_runlength,0.9718864831559237,statistical_alert_not_verified_economic_event
1775,2024-05-01,bayesian_runlength,0.851226270405185,statistical_alert_not_verified_economic_event
1775,2024-10-01,bayesian_runlength,0.8829364573778972,statistical_alert_not_verified_economic_event
1778,2024-10-01,bayesian_runlength,0.7741419410086774,statistical_alert_not_verified_economic_event
1781,2024-01-01,bayesian_runlength,0.8771193698766571,statistical_alert_not_verified_economic_event
1788,2024-01-01,bayesian_runlength,0.8038383220695721,statistical_alert_not_verified_economic_event
1788,2024-05-01,bayesian_runlength,0.9057569205742695,statistical_alert_not_verified_economic_event
1788,2024-11-01,bayesian_runlength,0.7680555570285384,statistical_alert_not_verified_economic_event
1848,2024-11-01,bayesian_runlength,0.9048084558401783,statistical_alert_not_verified_economic_event
1849,2024-04-01,bayesian_runlength,0.7969935306961203,statistical_alert_not_verified_economic_event
1852,2024-11-01,bayesian_runlength,0.9923116015471032,statistical_alert_not_verified_economic_event
1853,2024-11-01,bayesian_runlength,0.7688861113724934,statistical_alert_not_verified_economic_event
1854,2024-10-01,bayesian_runlength,0.9761029394397549,statistical_alert_not_verified_economic_event
1857,2024-07-01,bayesian_runlength,0.9919686472576599,statistical_alert_not_verified_economic_event
1857,2024-10-01,bayesian_runlength,0.9179299453172068,statistical_alert_not_verified_economic_event
1861,2024-09-01,bayesian_runlength,0.9627161855136828,statistical_alert_not_verified_economic_event
1863,2024-11-01,bayesian_runlength,0.8410430971784226,statistical_alert_not_verified_economic_event
1865,2024-04-01,bayesian_runlength,0.8580535775426456,statistical_alert_not_verified_economic_event
1865,2024-10-01,bayesian_runlength,0.9756025024729026,statistical_alert_not_verified_economic_event
1868,2024-10-01,bayesian_runlength,0.9987500433388211,statistical_alert_not_verified_economic_event
1870,2024-10-01,bayesian_runlength,0.9964857549406251,statistical_alert_not_verified_economic_event
1872,2024-11-01,bayesian_runlength,0.7633297127287151,statistical_alert_not_verified_economic_event
1884,2024-08-01,bayesian_runlength,0.7781868558507753,statistical_alert_not_verified_economic_event
1886,2024-07-01,bayesian_runlength,0.8432054403886486,statistical_alert_not_verified_economic_event
1888,2024-03-01,bayesian_runlength,0.8005718242908938,statistical_alert_not_verified_economic_event
1888,2024-07-01,bayesian_runlength,0.8851795710929544,statistical_alert_not_verified_economic_event
1893,2024-04-01,bayesian_runlength,0.8715742873456718,statistical_alert_not_verified_economic_event
1893,2024-12-01,bayesian_runlength,0.821145886710792,statistical_alert_not_verified_economic_event
1895,2024-06-01,bayesian_runlength,0.8351618477837174,statistical_alert_not_verified_economic_event
1896,2024-03-01,bayesian_runlength,0.9837025634497265,statistical_alert_not_verified_economic_event
1896,2024-12-01,bayesian_runlength,0.8244647038159201,statistical_alert_not_verified_economic_event
1903,2024-04-01,bayesian_runlength,0.7644761342243013,statistical_alert_not_verified_economic_event
1910,2024-06-01,bayesian_runlength,0.9417723192936186,statistical_alert_not_verified_economic_event
1915,2024-11-01,bayesian_runlength,0.7713429100637976,statistical_alert_not_verified_economic_event
1921,2024-01-01,bayesian_runlength,0.9695754148210368,statistical_alert_not_verified_economic_event
1921,2024-10-01,bayesian_runlength,0.8139191056281635,statistical_alert_not_verified_economic_event
1924,2024-03-01,bayesian_runlength,0.997272992687497,statistical_alert_not_verified_economic_event
1925,2024-08-01,bayesian_runlength,0.8705914663907086,statistical_alert_not_verified_economic_event
1931,2024-11-01,bayesian_runlength,0.8511654364157314,statistical_alert_not_verified_economic_event
1932,2024-01-01,bayesian_runlength,0.8665176634615358,statistical_alert_not_verified_economic_event
1932,2024-12-01,bayesian_runlength,0.9713515859012604,statistical_alert_not_verified_economic_event
1933,2024-08-01,bayesian_runlength,0.8773291169501646,statistical_alert_not_verified_economic_event
1934,2024-10-01,bayesian_runlength,0.7674667324462052,statistical_alert_not_verified_economic_event
1935,2024-01-01,bayesian_runlength,0.9998893211613564,statistical_alert_not_verified_economic_event
1935,2024-05-01,bayesian_runlength,0.9892819446333949,statistical_alert_not_verified_economic_event
1942,2024-04-01,bayesian_runlength,0.9996160092216315,statistical_alert_not_verified_economic_event
1942,2024-07-01,bayesian_runlength,0.9052778016897568,statistical_alert_not_verified_economic_event
1943,2024-01-01,bayesian_runlength,0.9987120576196287,statistical_alert_not_verified_economic_event
1943,2024-04-01,bayesian_runlength,0.9999981817606379,statistical_alert_not_verified_economic_event
1943,2024-11-01,bayesian_runlength,0.986028562872473,statistical_alert_not_verified_economic_event
1947,2024-04-01,bayesian_runlength,0.9845450663162304,statistical_alert_not_verified_economic_event
1955,2024-05-01,bayesian_runlength,0.9999999999999986,statistical_alert_not_verified_economic_event
1955,2024-12-01,bayesian_runlength,0.9999999999992765,statistical_alert_not_verified_economic_event
1956,2024-03-01,bayesian_runlength,0.9771962548971392,statistical_alert_not_verified_economic_event
1958,2024-01-01,bayesian_runlength,0.9701899641020435,statistical_alert_not_verified_economic_event
1958,2024-07-01,bayesian_runlength,0.9992777359767557,statistical_alert_not_verified_economic_event
1958,2024-10-01,bayesian_runlength,0.8377289684409718,statistical_alert_not_verified_economic_event
1959,2024-05-01,bayesian_runlength,0.9999993886185352,statistical_alert_not_verified_economic_event
1961,2024-01-01,bayesian_runlength,0.7913119489709057,statistical_alert_not_verified_economic_event
1961,2024-08-01,bayesian_runlength,0.8736949900150515,statistical_alert_not_verified_economic_event
1970,2024-01-01,bayesian_runlength,0.9854112187564981,statistical_alert_not_verified_economic_event
1970,2024-04-01,bayesian_runlength,0.9991045316786535,statistical_alert_not_verified_economic_event
1970,2024-07-01,bayesian_runlength,0.9999997946873118,statistical_alert_not_verified_economic_event
1970,2024-11-01,bayesian_runlength,0.9999997347912624,statistical_alert_not_verified_economic_event
1973,2024-08-01,bayesian_runlength,0.838332989271467,statistical_alert_not_verified_economic_event
1975,2024-10-01,bayesian_runlength,0.9985827718287091,statistical_alert_not_verified_economic_event
1980,2024-11-01,bayesian_runlength,0.7696492925908544,statistical_alert_not_verified_economic_event
1989,2024-03-01,bayesian_runlength,0.8812467531956126,statistical_alert_not_verified_economic_event
1989,2024-09-01,bayesian_runlength,0.8866168693216996,statistical_alert_not_verified_economic_event
1991,2024-01-01,bayesian_runlength,0.9999997877184672,statistical_alert_not_verified_economic_event
1996,2024-01-01,bayesian_runlength,0.7877936391125232,statistical_alert_not_verified_economic_event
1996,2024-08-01,bayesian_runlength,0.9500084615999739,statistical_alert_not_verified_economic_event
1999,2024-11-01,bayesian_runlength,0.7767202854186118,statistical_alert_not_verified_economic_event
2001,2024-01-01,bayesian_runlength,0.999955285111253,statistical_alert_not_verified_economic_event
2001,2024-09-01,bayesian_runlength,0.8370506221395184,statistical_alert_not_verified_economic_event
2018,2024-12-01,bayesian_runlength,0.9987954223852823,statistical_alert_not_verified_economic_event
2019,2024-11-01,bayesian_runlength,0.8905193800509901,statistical_alert_not_verified_economic_event
2022,2024-01-01,bayesian_runlength,0.8665395403825775,statistical_alert_not_verified_economic_event
2023,2024-03-01,bayesian_runlength,0.9750415947784673,statistical_alert_not_verified_economic_event
2023,2024-11-01,bayesian_runlength,0.9678814171523272,statistical_alert_not_verified_economic_event
2035,2024-01-01,bayesian_runlength,0.8567433664282598,statistical_alert_not_verified_economic_event
2035,2024-08-01,bayesian_runlength,0.9862879240078355,statistical_alert_not_verified_economic_event
2037,2024-02-01,bayesian_runlength,0.9058755155832662,statistical_alert_not_verified_economic_event
2043,2024-04-01,bayesian_runlength,0.786743246691898,statistical_alert_not_verified_economic_event
2046,2024-01-01,bayesian_runlength,0.9100192497586107,statistical_alert_not_verified_economic_event
2046,2024-09-01,bayesian_runlength,0.860235736242808,statistical_alert_not_verified_economic_event
2049,2024-10-01,bayesian_runlength,0.9999738052867323,statistical_alert_not_verified_economic_event
2051,2024-01-01,bayesian_runlength,0.9948399404495284,statistical_alert_not_verified_economic_event
2053,2024-12-01,bayesian_runlength,0.9670032335596037,statistical_alert_not_verified_economic_event
2054,2024-01-01,bayesian_runlength,0.9567451949885137,statistical_alert_not_verified_economic_event
2054,2024-05-01,bayesian_runlength,0.783769654994571,statistical_alert_not_verified_economic_event
2054,2024-08-01,bayesian_runlength,0.9479191472209755,statistical_alert_not_verified_economic_event
2054,2024-11-01,bayesian_runlength,0.9999981590200768,statistical_alert_not_verified_economic_event
2055,2024-12-01,bayesian_runlength,0.8817516346493087,statistical_alert_not_verified_economic_event
2061,2024-05-01,bayesian_runlength,0.9522029620159392,statistical_alert_not_verified_economic_event
2061,2024-08-01,bayesian_runlength,0.9998846013964324,statistical_alert_not_verified_economic_event
2072,2024-02-01,bayesian_runlength,0.7681590932404155,statistical_alert_not_verified_economic_event
2077,2024-01-01,bayesian_runlength,0.9306080410672419,statistical_alert_not_verified_economic_event
2079,2024-05-01,bayesian_runlength,0.8190462990736127,statistical_alert_not_verified_economic_event
2079,2024-10-01,bayesian_runlength,0.9999999918037471,statistical_alert_not_verified_economic_event
2081,2024-01-01,bayesian_runlength,0.9961526601432928,statistical_alert_not_verified_economic_event
2081,2024-12-01,bayesian_runlength,0.9803619934890133,statistical_alert_not_verified_economic_event
2088,2024-08-01,bayesian_runlength,0.7644045619501687,statistical_alert_not_verified_economic_event
2090,2024-01-01,bayesian_runlength,0.9201418827185575,statistical_alert_not_verified_economic_event
2090,2024-06-01,bayesian_runlength,0.884717017880359,statistical_alert_not_verified_economic_event
2093,2024-06-01,bayesian_runlength,0.7682285604685707,statistical_alert_not_verified_economic_event
2095,2024-01-01,bayesian_runlength,0.9952107438025898,statistical_alert_not_verified_economic_event
2095,2024-04-01,bayesian_runlength,0.9909953134558481,statistical_alert_not_verified_economic_event
2109,2024-05-01,bayesian_runlength,0.8965718691053646,statistical_alert_not_verified_economic_event
2109,2024-10-01,bayesian_runlength,0.7859912913731341,statistical_alert_not_verified_economic_event
2111,2024-11-01,bayesian_runlength,0.9080797906131612,statistical_alert_not_verified_economic_event
2116,2024-02-01,bayesian_runlength,0.8994181880600532,statistical_alert_not_verified_economic_event
2116,2024-07-01,bayesian_runlength,0.9999379713530946,statistical_alert_not_verified_economic_event
2116,2024-12-01,bayesian_runlength,0.8690130512458366,statistical_alert_not_verified_economic_event
2129,2024-01-01,bayesian_runlength,0.8695095351629775,statistical_alert_not_verified_economic_event
2129,2024-12-01,bayesian_runlength,0.9422999166680347,statistical_alert_not_verified_economic_event
2130,2024-01-01,bayesian_runlength,0.9999999999944814,statistical_alert_not_verified_economic_event
2130,2024-04-01,bayesian_runlength,0.9733106121490755,statistical_alert_not_verified_economic_event
2130,2024-09-01,bayesian_runlength,0.9992319026484392,statistical_alert_not_verified_economic_event
2130,2024-12-01,bayesian_runlength,0.8123716464525835,statistical_alert_not_verified_economic_event
2134,2024-04-01,bayesian_runlength,0.9999999361428991,statistical_alert_not_verified_economic_event
2134,2024-07-01,bayesian_runlength,0.9999734974283798,statistical_alert_not_verified_economic_event
2134,2024-10-01,bayesian_runlength,0.7778652962159441,statistical_alert_not_verified_economic_event
2136,2024-03-01,bayesian_runlength,0.9994513090825234,statistical_alert_not_verified_economic_event
2136,2024-08-01,bayesian_runlength,0.7923846329319973,statistical_alert_not_verified_economic_event
2136,2024-11-01,bayesian_runlength,0.9154512281938407,statistical_alert_not_verified_economic_event
2143,2024-04-01,bayesian_runlength,0.9139345797003376,statistical_alert_not_verified_economic_event
2145,2024-12-01,bayesian_runlength,0.8250870875548333,statistical_alert_not_verified_economic_event
2153,2024-11-01,bayesian_runlength,0.8591179750914978,statistical_alert_not_verified_economic_event
2157,2024-01-01,bayesian_runlength,0.7833183156344807,statistical_alert_not_verified_economic_event
2157,2024-04-01,bayesian_runlength,0.9603853172002912,statistical_alert_not_verified_economic_event
2157,2024-07-01,bayesian_runlength,0.9880159003646711,statistical_alert_not_verified_economic_event
2157,2024-10-01,bayesian_runlength,0.7643082728568635,statistical_alert_not_verified_economic_event
2159,2024-04-01,bayesian_runlength,0.8561704887383025,statistical_alert_not_verified_economic_event
2160,2024-02-01,bayesian_runlength,0.8513698178869102,statistical_alert_not_verified_economic_event
2160,2024-09-01,bayesian_runlength,0.9240217350632092,statistical_alert_not_verified_economic_event
2160,2024-12-01,bayesian_runlength,0.9999069374182934,statistical_alert_not_verified_economic_event
2171,2024-02-01,bayesian_runlength,0.9192591763907122,statistical_alert_not_verified_economic_event
2171,2024-05-01,bayesian_runlength,0.9999999966367517,statistical_alert_not_verified_economic_event
2171,2024-08-01,bayesian_runlength,0.9913595492176445,statistical_alert_not_verified_economic_event
2172,2024-06-01,bayesian_runlength,0.7865712434842707,statistical_alert_not_verified_economic_event
2176,2024-05-01,bayesian_runlength,0.9343207223830097,statistical_alert_not_verified_economic_event
2183,2024-11-01,bayesian_runlength,0.8357601263362312,statistical_alert_not_verified_economic_event
2184,2024-06-01,bayesian_runlength,0.8594521505185101,statistical_alert_not_verified_economic_event
2185,2024-02-01,bayesian_runlength,0.9986002107354436,statistical_alert_not_verified_economic_event
2195,2024-11-01,bayesian_runlength,0.8501450130900963,statistical_alert_not_verified_economic_event
2196,2024-02-01,bayesian_runlength,0.864121383911481,statistical_alert_not_verified_economic_event
2196,2024-08-01,bayesian_runlength,0.7694726210291895,statistical_alert_not_verified_economic_event
2196,2024-12-01,bayesian_runlength,0.9378810250288778,statistical_alert_not_verified_economic_event
2211,2024-11-01,bayesian_runlength,0.8463205509821146,statistical_alert_not_verified_economic_event
2219,2024-11-01,bayesian_runlength,0.8826188087294625,statistical_alert_not_verified_economic_event
2223,2024-11-01,bayesian_runlength,0.9623961210510739,statistical_alert_not_verified_economic_event
2227,2024-07-01,bayesian_runlength,0.7926195587495628,statistical_alert_not_verified_economic_event
2227,2024-10-01,bayesian_runlength,0.9714550259755118,statistical_alert_not_verified_economic_event
2228,2024-01-01,bayesian_runlength,0.8151499288575534,statistical_alert_not_verified_economic_event
2228,2024-06-01,bayesian_runlength,0.8564478023846717,statistical_alert_not_verified_economic_event
2228,2024-11-01,bayesian_runlength,0.9830408724503235,statistical_alert_not_verified_economic_event
2231,2024-11-01,bayesian_runlength,0.8076419059651646,statistical_alert_not_verified_economic_event
2236,2024-01-01,bayesian_runlength,0.9997815022652128,statistical_alert_not_verified_economic_event
2236,2024-04-01,bayesian_runlength,0.8967039240297741,statistical_alert_not_verified_economic_event
2236,2024-09-01,bayesian_runlength,0.8445064341762106,statistical_alert_not_verified_economic_event
2236,2024-12-01,bayesian_runlength,0.9199141107202238,statistical_alert_not_verified_economic_event
2238,2024-06-01,bayesian_runlength,0.9454317441471725,statistical_alert_not_verified_economic_event
2238,2024-10-01,bayesian_runlength,0.9190533955837155,statistical_alert_not_verified_economic_event
2243,2024-05-01,bayesian_runlength,0.8041866784147873,statistical_alert_not_verified_economic_event
2243,2024-11-01,bayesian_runlength,0.9667210283138238,statistical_alert_not_verified_economic_event
2245,2024-06-01,bayesian_runlength,0.8924789495697949,statistical_alert_not_verified_economic_event
2245,2024-11-01,bayesian_runlength,0.9133451544724743,statistical_alert_not_verified_economic_event
2248,2024-06-01,bayesian_runlength,0.9753227987817045,statistical_alert_not_verified_economic_event
2248,2024-10-01,bayesian_runlength,0.9952167167921674,statistical_alert_not_verified_economic_event
2250,2024-06-01,bayesian_runlength,0.8155555474384915,statistical_alert_not_verified_economic_event
2250,2024-09-01,bayesian_runlength,0.8977541262066908,statistical_alert_not_verified_economic_event
2265,2024-01-01,bayesian_runlength,0.9944632956454229,statistical_alert_not_verified_economic_event
2265,2024-04-01,bayesian_runlength,0.9650772465853434,statistical_alert_not_verified_economic_event
2270,2024-02-01,bayesian_runlength,0.9413665959544004,statistical_alert_not_verified_economic_event
2274,2024-12-01,bayesian_runlength,0.8698882757061762,statistical_alert_not_verified_economic_event
2294,2024-01-01,bayesian_runlength,0.9608578272453002,statistical_alert_not_verified_economic_event
2295,2024-09-01,bayesian_runlength,0.9530327319909174,statistical_alert_not_verified_economic_event
2296,2024-01-01,bayesian_runlength,0.9949840878396315,statistical_alert_not_verified_economic_event
2298,2024-01-01,bayesian_runlength,0.8184488658895239,statistical_alert_not_verified_economic_event
2300,2024-07-01,bayesian_runlength,0.8297690860724627,statistical_alert_not_verified_economic_event
2316,2024-02-01,bayesian_runlength,0.9263311324255543,statistical_alert_not_verified_economic_event
2316,2024-06-01,bayesian_runlength,0.8548534221871873,statistical_alert_not_verified_economic_event
2316,2024-10-01,bayesian_runlength,0.9999971371419735,statistical_alert_not_verified_economic_event
2322,2024-05-01,bayesian_runlength,0.811924205334716,statistical_alert_not_verified_economic_event
2329,2024-01-01,bayesian_runlength,0.9496062860799278,statistical_alert_not_verified_economic_event
2330,2024-01-01,bayesian_runlength,0.999351936814347,statistical_alert_not_verified_economic_event
2330,2024-08-01,bayesian_runlength,0.8438283395996454,statistical_alert_not_verified_economic_event
2330,2024-11-01,bayesian_runlength,0.9851700729572527,statistical_alert_not_verified_economic_event
2334,2024-10-01,bayesian_runlength,0.766799403195185,statistical_alert_not_verified_economic_event
2342,2024-09-01,bayesian_runlength,0.8224551668930504,statistical_alert_not_verified_economic_event
2342,2024-12-01,bayesian_runlength,0.8599981026195641,statistical_alert_not_verified_economic_event
2344,2024-04-01,bayesian_runlength,0.7645189859774102,statistical_alert_not_verified_economic_event
2344,2024-07-01,bayesian_runlength,0.9999999999998596,statistical_alert_not_verified_economic_event
2344,2024-10-01,bayesian_runlength,0.9999999999997281,statistical_alert_not_verified_economic_event
2345,2024-07-01,bayesian_runlength,0.9880194711247807,statistical_alert_not_verified_economic_event
2348,2024-02-01,bayesian_runlength,0.9452154919163508,statistical_alert_not_verified_economic_event
2348,2024-06-01,bayesian_runlength,0.9989844186139539,statistical_alert_not_verified_economic_event
2348,2024-11-01,bayesian_runlength,0.9999999999974606,statistical_alert_not_verified_economic_event
2349,2024-08-01,bayesian_runlength,0.9403020459821444,statistical_alert_not_verified_economic_event
2349,2024-11-01,bayesian_runlength,0.9391255640940004,statistical_alert_not_verified_economic_event
2352,2024-07-01,bayesian_runlength,0.7926723412438923,statistical_alert_not_verified_economic_event
2362,2024-08-01,bayesian_runlength,0.989028065691275,statistical_alert_not_verified_economic_event
2392,2024-08-01,bayesian_runlength,0.8604882367696329,statistical_alert_not_verified_economic_event
2428,2024-08-01,bayesian_runlength,0.8145101590160017,statistical_alert_not_verified_economic_event
2457,2024-01-01,bayesian_runlength,0.9424271660932485,statistical_alert_not_verified_economic_event
2598,2024-08-01,bayesian_runlength,0.9655051969197598,statistical_alert_not_verified_economic_event
2600,2024-04-01,bayesian_runlength,0.8583247073638671,statistical_alert_not_verified_economic_event
2607,2024-05-01,bayesian_runlength,0.993756214732229,statistical_alert_not_verified_economic_event
2619,2024-04-01,bayesian_runlength,0.870093815646672,statistical_alert_not_verified_economic_event
2619,2024-09-01,bayesian_runlength,0.9905941335272361,statistical_alert_not_verified_economic_event
2647,2024-11-01,bayesian_runlength,0.7932249939203324,statistical_alert_not_verified_economic_event
2880,2024-06-01,bayesian_runlength,0.9503908975254959,statistical_alert_not_verified_economic_event
2880,2024-10-01,bayesian_runlength,0.8713453930107011,statistical_alert_not_verified_economic_event
2882,2024-11-01,bayesian_runlength,0.8847338516824225,statistical_alert_not_verified_economic_event
2885,2024-01-01,bayesian_runlength,0.9129933040075443,statistical_alert_not_verified_economic_event
